ÈÕÆÚ,002688.SZ,002868.SZ,300119.SZ,600195.SH,600201.SH,603566.SH,603718.SH,603739.SH
2014/1/2,5.228,,12.3395,7.5585,6.5545,,,
2014/1/3,5.1786,,12.3206,7.2884,6.4809,,,
2014/1/6,4.772,,12.4624,6.9188,6.4809,,,
2014/1/7,4.7794,,13.2141,7.0609,6.4885,,,
2014/1/8,4.827,,13.1432,6.9946,6.4859,,,
2014/1/9,4.6347,,12.6043,7.042,6.4021,,,
2014/1/10,4.4571,,12.2402,6.7956,6.3285,,,
2014/1/13,4.5175,,12.018,6.6155,6.3564,,,
2014/1/14,4.6512,,12.3726,6.8145,6.3894,,,
2014/1/15,4.6475,,12.7035,6.8619,6.392,,,
2014/1/16,4.675,,12.3206,6.8098,6.5799,,,
2014/1/17,4.5596,,11.7722,6.6771,6.5113,,,
2014/1/20,4.631,,11.4885,6.805,6.3894,,,
2014/1/21,4.686,,11.6067,6.843,6.392,,,
2014/1/22,4.7849,,11.7202,6.9851,6.5113,,,
2014/1/23,4.8306,,11.8525,6.9093,6.5139,,,
2014/1/24,4.9387,,11.8194,6.9425,6.8313,,,
2014/1/27,4.9075,,11.5925,6.5254,6.8364,,,
2014/1/28,4.9295,,11.3798,6.5918,6.7881,,,
2014/1/29,5.0009,,11.5831,6.6013,6.8237,,,
2014/1/30,4.8654,,11.6682,6.5539,7.2072,,,
2014/2/7,4.9625,,12.018,6.6676,7.357,,,
2014/2/10,5.0943,,12.1977,6.7956,7.4357,,,
2014/2/11,5.131,,12.2497,6.843,7.3011,,,
2014/2/12,5.2335,,12.6137,6.9614,7.4611,,,
2014/2/13,5.0577,,12.0464,6.843,7.291,,,
2014/2/14,5.347,,12.3395,6.9519,7.2808,,,
2014/2/17,5.3928,,12.5286,7.1889,7.3646,,,
2014/2/18,5.3452,,12.4246,7.1178,7.5195,,,
2014/2/19,5.2921,,12.1835,7.1131,7.4484,,,
2014/2/20,5.1071,,11.9045,6.9472,7.2935,,,
2014/2/21,5.1493,,11.9566,6.824,7.0802,,,
2014/2/24,5.239,,12.3348,6.8856,7.2173,,,
2014/2/25,4.8856,,11.5736,6.6581,6.9888,,,
2014/2/26,4.8929,,11.1954,6.7292,7.004,,,
2014/2/27,4.8068,,10.7321,6.6013,6.9634,,,
2014/2/28,4.7592,,11.1576,6.7529,6.9761,,,
2014/3/3,4.8618,,11.1339,6.7482,7.1056,,,
2014/3/4,4.7812,,11.1056,6.6818,6.9888,,,
2014/3/5,4.7464,,11.167,6.6581,6.9329,,,
2014/3/6,4.816,,11.0677,6.625,6.9431,,,
2014/3/7,4.7629,,10.8644,6.516,7.0548,,,
2014/3/10,4.5706,,10.4011,6.2316,6.9735,,,
2014/3/11,4.5724,,10.4626,6.2364,6.8973,,,
2014/3/12,4.5779,,10.2167,6.2648,6.7297,,,
2014/3/13,4.6329,,10.5902,6.2648,6.745,,,
2014/3/14,4.6072,,10.9543,6.1511,6.9532,,,
2014/3/17,4.7299,,11.1008,6.2411,7.1208,,,
2014/3/18,4.7427,,11.0299,6.2838,7.1183,,,
2014/3/19,4.7336,,10.803,6.2411,7.0548,,,
2014/3/20,4.567,,10.4957,6.0942,6.9126,,,
2014/3/21,4.6457,,10.6895,6.2127,7.0142,,,
2014/3/24,4.6182,,10.4909,6.2838,7.1437,,,
2014/3/25,4.5486,,10.5855,6.2506,7.1564,,,
2014/3/26,4.6255,,10.6659,6.3359,7.4027,,,
2014/3/27,4.5377,,10.3066,6.3406,7.2326,,,
2014/3/28,4.4241,,9.9142,6.2743,6.938,,,
2014/3/31,4.4168,,9.7156,6.1274,7.0294,,,
2014/4/1,4.4754,,9.8291,6.189,7.0878,,,
2014/4/2,4.4479,,9.8621,6.1842,6.9583,,,
2014/4/3,4.5816,,9.8905,6.1606,6.8186,,,
2014/4/4,4.5962,,10.0229,6.2079,6.9964,,,
2014/4/8,4.8673,,10.0891,6.2838,6.9456,,,
2014/4/9,4.8471,,10.3349,6.3928,6.9329,,,
2014/4/10,4.9405,,9.9662,6.3691,6.938,,,
2014/4/11,4.8837,,9.8149,6.3312,6.9634,,,
2014/4/14,4.9002,,9.9,6.4259,6.8923,,,
2014/4/15,4.8288,,9.8291,6.2648,6.8212,,,
2014/4/16,4.99,,9.8763,6.3312,6.8745,,,
2014/4/17,4.9387,,9.9236,6.3122,6.8618,,,
2014/4/18,4.9057,,9.9993,6.3359,6.8339,,,
2014/4/21,4.7446,,9.8385,6.1463,6.7501,,,
2014/4/22,4.686,,9.5245,6.1321,6.6409,,,
2014/4/23,4.7226,,9.4484,6.1274,6.6612,,,
2014/4/24,4.6402,,9.4484,6.0421,6.6713,,,
2014/4/25,4.5486,,8.8965,5.9047,6.8542,,,
2014/4/28,4.4681,,8.5064,5.6867,6.7323,,,
2014/4/29,4.5596,,8.5635,5.8288,6.9329,,,
2014/4/30,4.6347,,8.6682,5.8288,7.2529,,,
2014/5/5,4.6457,,8.7253,5.9047,7.4611,,,
2014/5/6,4.7977,,8.8394,5.952,7.3265,,,
2014/5/7,4.7061,,8.5825,5.9378,7.3265,,,
2014/5/8,4.7244,,8.6206,5.9283,7.2554,,,
2014/5/9,4.6036,,8.4588,5.9236,7.2732,,,
2014/5/12,4.6787,,8.6301,6.0658,7.2783,,,
2014/5/13,4.5085,,8.5254,6.0468,7.4764,,,
2014/5/14,4.9597,,8.6301,5.9805,7.3189,,,
2014/5/15,4.834,,8.4683,5.881,7.2072,,,
2014/5/16,4.6454,,8.3256,5.9141,7.1107,,,
2014/5/19,4.6158,,8.221,5.9852,7.0827,,,
2014/5/20,4.5529,,8.2685,5.9947,7.1234,,,
2014/5/21,4.5122,,8.3447,6.0989,7.0802,,,
2014/5/22,4.4863,,8.4588,6.1084,7.1691,,,
2014/5/23,4.5159,,8.535,6.118,7.1259,,,
2014/5/26,4.6047,,8.6396,6.2332,7.3646,,,
2014/5/27,4.5381,,8.554,6.2188,7.3646,,,
2014/5/28,4.6491,,8.6396,6.2332,7.4357,,,
2014/5/29,4.5344,,8.5064,6.1852,7.2859,,,
2014/5/30,4.5492,,8.4588,6.1948,7.3291,,,
2014/6/3,4.5973,,8.4779,6.1996,7.4662,,,
2014/6/4,4.5566,,8.3542,6.07,7.3595,,,
2014/6/5,4.6269,,8.535,6.1804,7.3976,,,
2014/6/6,4.6232,,8.5445,6.1804,7.3545,,,
2014/6/9,4.527,,8.6016,6.0173,7.3875,,,
2014/6/10,4.5936,,8.6872,6.0988,7.7836,,,
2014/6/11,4.6158,,8.9822,6.094,7.8116,,,
2014/6/12,4.5714,,8.8394,6.2332,7.842,,,
2014/6/13,4.6232,,8.887,6.2908,8.0808,,,
2014/6/16,4.7193,,8.9441,6.2812,8.0808,,,
2014/6/17,4.6602,,8.7823,6.1756,8.0274,,,
2014/6/18,4.5714,,8.6967,6.1084,7.8852,,,
2014/6/19,4.4161,,8.5064,5.9933,7.7125,,,
2014/6/20,4.4752,,8.6301,6.0508,7.8014,,,
2014/6/23,4.5381,,8.8109,6.07,8.0376,,,
2014/6/24,4.5566,,8.8585,6.0892,8.0935,,,
2014/6/25,4.5344,,8.8775,6.0988,8.0731,,,
2014/6/26,4.6306,,8.9822,6.238,8.1372,,,
2014/6/27,4.6824,,8.9536,6.238,8.0988,,,
2014/6/30,4.7452,,9.2581,6.2428,7.9732,,,
2014/7/1,4.7452,,9.2391,6.3867,8.1961,,,
2014/7/2,4.9154,,9.2962,6.3867,8.1782,,,
2014/7/3,5.0189,,9.7338,6.4203,8.437,,,
2014/7/4,4.9597,,9.6387,6.4395,8.3934,,,
2014/7/7,4.9228,,9.4865,6.5307,8.4754,,,
2014/7/8,5.0411,,9.5816,6.4827,8.6932,,,
2014/7/9,4.871,,9.2105,6.3675,8.5651,,,
2014/7/10,4.871,,9.2581,6.3867,8.4472,,,
2014/7/11,4.9376,,9.3152,6.4491,8.6112,,,
2014/7/14,5.0411,,9.0297,6.5403,8.6676,,,
2014/7/15,4.956,,9.0392,6.5499,8.5753,,,
2014/7/16,5.0152,,9.0773,6.7034,8.6394,,,
2014/7/17,4.9117,,9.0297,6.6363,8.5446,,,
2014/7/18,4.9523,,8.9726,6.7658,8.5471,,,
2014/7/21,4.9265,,8.9536,6.8426,8.4446,,,
2014/7/22,5.0226,,9.22,7.0585,8.6624,,,
2014/7/23,4.8932,,9.4198,6.8858,8.6701,,,
2014/7/24,4.8007,,9.3247,6.8522,8.5497,,,
2014/7/25,4.8599,,9.4008,6.8618,8.542,,,
2014/7/28,4.9413,,9.6958,6.9194,8.4498,,,
2014/7/29,4.9856,,9.6958,6.8618,8.0347,,,
2014/7/30,5.1669,,9.5816,6.8858,8.0885,,,
2014/7/31,5.1373,,9.6577,6.9578,8.1065,,,
2014/8/1,5.337,,10.1049,6.7658,8.0296,,,
2014/8/4,5.6144,,10.1525,6.8954,8.0962,,,
2014/8/5,5.5737,,10.1715,6.953,8.0142,,,
2014/8/6,5.5256,,10.6187,6.9002,7.9117,,,
2014/8/7,5.374,,10.5236,6.8138,7.9297,,,
2014/8/8,5.4221,,10.476,6.7754,8.0552,,,
2014/8/11,5.5996,,10.6092,7.2505,8.1423,,,
2014/8/12,5.5552,,10.8281,7.2505,8.1705,,,
2014/8/13,5.5626,,10.7615,7.1449,8.0655,,,
2014/8/14,5.7401,,10.7424,7.0681,8.1167,,,
2014/8/15,5.9879,,10.7329,7.1209,8.0834,,,
2014/8/18,5.9879,,10.8566,7.1929,8.2269,,,
2014/8/19,5.9879,,10.5141,7.1593,8.2294,,,
2014/8/20,5.9879,,10.4475,7.1737,8.3396,,,
2014/8/21,5.9879,,10.4855,7.2217,8.2832,,,
2014/8/22,5.9879,,10.4284,7.2073,8.1756,,,
2014/8/25,5.9879,,9.9907,7.2601,8.0219,,,
2014/8/26,5.9879,,9.7624,7.0393,8.0373,,,
2014/8/27,5.9879,,9.8956,7.1545,8.0731,,,
2014/8/28,5.9879,,9.7053,7.0057,7.9783,,,
2014/8/29,5.9879,,9.9432,7.0393,8.0245,,,
2014/9/1,5.9879,,10.1335,7.1641,8.0552,,,
2014/9/2,5.9879,,10.3238,7.3512,8.2756,,,
2014/9/3,5.9879,,10.2477,7.2696,8.4293,,,
2014/9/4,5.9879,,10.3047,7.3032,8.3165,,,
2014/9/5,5.9879,,10.3238,7.2696,8.2909,,,
2014/9/9,5.9879,,10.3047,7.2553,8.1782,,,
2014/9/10,5.9879,,10.5426,7.2169,8.2166,,,
2014/9/11,5.9879,,10.4189,7.308,8.1756,,,
2014/9/12,5.9879,,10.5616,7.5528,8.2602,,,
2014/9/15,5.9879,,10.6663,7.5863,8.77,,,
2014/9/16,5.9879,,10.0954,7.3176,8.6701,,,
2014/9/17,5.9879,,10.1525,7.2936,8.706,,,
2014/9/18,5.9879,,10.143,7.356,8.9853,,,
2014/9/19,5.9879,,10.2667,7.3416,8.9853,,,
2014/9/22,5.9879,,10.1525,7.2696,8.9853,,,
2014/9/23,5.9879,,10.2477,7.1785,8.9853,,,
2014/9/24,5.9879,,10.4284,7.2361,8.9853,,,
2014/9/25,5.9879,,10.4094,7.3368,8.9853,,,
2014/9/26,5.9879,,10.8281,7.2649,8.9853,,,
2014/9/29,5.9879,,10.8852,7.3512,8.9853,,,
2014/9/30,5.9879,,10.8566,7.404,8.9853,,,
2014/10/8,5.9879,,10.9803,7.4904,8.9853,,,
2014/10/9,5.9879,,11.1801,7.4808,8.9853,,,
2014/10/10,5.9879,,11.0279,7.4088,8.9853,,,
2014/10/13,5.9879,,10.8661,7.6295,8.9853,,,
2014/10/14,5.9879,,11.0184,7.5336,9.5515,,,
2014/10/15,5.9879,,10.9898,7.5336,9.4464,,,
2014/10/16,5.9879,,11.6844,7.5144,9.1672,,,
2014/10/17,5.9879,,11.4656,7.7543,9.162,,,
2014/10/20,5.9879,,11.9128,7.6487,9.0467,,,
2014/10/21,5.9879,,11.5893,7.3992,9.0698,,,
2014/10/22,5.9879,,11.0659,7.2409,9.0596,,,
2014/10/23,5.9879,,10.8471,7.0681,8.7239,,,
2014/10/24,5.9879,,10.9518,7.1065,8.8674,,,
2014/10/27,5.9879,,10.9803,7.0249,8.9033,,,
2014/10/28,5.9879,,11.2658,7.1689,9.0749,,,
2014/10/29,5.9879,,11.3324,7.2696,9.1005,,,
2014/10/30,5.9879,,11.4846,7.3512,9.2645,,,
2014/10/31,5.9879,,11.399,7.3752,9.2799,,,
2014/11/3,6.5871,,11.4941,7.5432,9.2978,,,
2014/11/4,6.7461,,11.6273,7.3608,9.057,,,
2014/11/5,7.1382,,11.4941,7.4328,9.0032,,,
2014/11/6,6.9533,,11.4085,7.4136,9.0339,,,
2014/11/7,6.6648,,11.1325,7.308,9.0775,,,
2014/11/10,6.6944,,11.1801,7.356,9.1108,,,
2014/11/11,6.2357,,10.5807,7.1497,9.0672,,,
2014/11/12,6.3911,,10.6758,7.1881,9.0442,,,
2014/11/13,6.2875,,10.7329,7.2265,8.8853,,,
2014/11/14,6.3504,,10.3904,7.1785,8.8213,,,
2014/11/17,6.3948,,10.5616,7.2649,8.9468,,,
2014/11/18,6.3134,,10.5616,7.5,8.9853,,,
2014/11/19,6.3134,,10.7044,7.4904,9.121,,,
2014/11/20,6.2875,,10.8756,7.4328,9.057,,,
2014/11/21,6.5464,,10.8376,7.5,8.9494,,,
2014/11/24,6.4724,,10.7615,7.5048,8.9648,,,
2014/11/25,6.3689,,10.9327,7.5528,8.9904,,,
2014/11/26,6.6907,,10.8661,7.5528,8.9468,,,
2014/11/27,6.5871,,10.9803,7.5288,8.9417,,,
2014/11/28,6.3504,,10.9803,7.6439,9.3824,,,
2014/12/1,6.1951,,10.5046,7.5863,9.2825,,,
2014/12/2,6.2986,,10.6568,7.7831,9.2876,,,
2014/12/3,6.2801,,10.7995,7.8839,9.2415,,,
2014/12/4,6.465,,10.9898,7.9606,9.285,,,
2014/12/5,6.147,,10.5521,7.6823,9.0467,,,
2014/12/8,6.0582,,10.3713,7.7975,8.9417,,,
2014/12/9,5.5774,,9.8385,7.6727,8.5599,,,
2014/12/10,5.7697,,10.1715,8.0278,8.9161,,,
2014/12/11,5.9066,,10.2857,8.4165,8.7342,,,
2014/12/12,5.8881,,10.4284,8.522,8.7342,,,
2014/12/15,6.0434,,10.4665,8.546,8.8033,,,
2014/12/16,5.9805,,10.3238,8.4981,9.18,,,
2014/12/17,5.7475,,10.0288,8.2725,9.1902,,,
2014/12/18,5.6773,,9.829,8.2869,9.1877,,,
2014/12/19,5.5071,,9.5816,8.0134,9.1159,,,
2014/12/22,5.2408,,8.9726,8.0566,8.8956,,,
2014/12/23,5.3074,,9.0678,7.7495,8.7034,,,
2014/12/24,5.4332,,9.3532,7.8359,8.8802,,,
2014/12/25,5.4184,,9.3437,7.9174,9.0006,,,
2014/12/26,5.3407,,9.3437,7.8886,9.2005,,,
2014/12/29,5.2297,,9.0678,7.7783,9.1134,,,
2014/12/30,5.2334,,8.8965,7.4808,8.9417,,,
2014/12/31,5.3444,,9.0678,7.6055,8.9878,,,
2015/1/5,5.4369,,9.1059,7.7735,8.9186,,,
2015/1/6,5.5589,,9.4294,7.9126,9.1697,,,
2015/1/7,5.4516,,9.4198,7.8791,9.4874,,,
2015/1/8,5.4369,,9.4484,7.9174,10.0921,,,
2015/1/9,5.3888,,9.3342,7.927,10.0152,,,
2015/1/12,5.2297,,8.9631,7.6199,10.1766,,,
2015/1/13,5.3296,,9.182,7.7063,10.2022,,,
2015/1/14,5.4627,,9.2771,7.9174,10.9119,,,
2015/1/15,5.4516,,9.3152,8.0566,10.8146,,,
2015/1/16,5.4738,,9.3913,8.0518,10.812,,,
2015/1/19,5.4923,,9.4484,7.9414,10.5456,,,
2015/1/20,5.803,,9.8195,8.3109,11.3168,,,
2015/1/21,5.8178,,9.8385,8.3733,11.245,,,
2015/1/22,5.8326,,9.8671,8.3973,11.8855,,,
2015/1/23,5.7475,,9.7624,8.2581,11.7933,,,
2015/1/26,5.7623,,9.8385,8.3109,11.8138,,,
2015/1/27,5.766,,9.7814,8.2293,11.5576,,,
2015/1/28,5.877,,9.8575,8.1526,11.8061,,,
2015/1/29,5.7438,,9.6863,8.0854,11.5038,,,
2015/1/30,5.607,,9.5816,8.1238,11.824,,,
2015/2/2,5.6403,,9.3247,8.2533,12.3211,,,
2015/2/3,5.6995,,9.534,8.2437,12.3134,,,
2015/2/4,5.6329,,9.3913,8.095,12.1597,,,
2015/2/5,5.5848,,9.3723,8.0038,11.9547,,,
2015/2/6,5.4184,,9.1915,7.7975,12.1315,,,
2015/2/9,5.3444,,9.0773,7.7783,11.9547,,,
2015/2/10,5.3777,,9.1725,7.8167,11.9188,,,
2015/2/11,5.459,,9.2391,7.8791,11.9317,,,
2015/2/12,5.4812,,9.4103,8.0326,11.8625,,,
2015/2/13,5.5811,,9.5435,8.167,12.5722,,,
2015/2/16,5.766,,9.7243,8.2725,12.6311,,,
2015/2/17,5.766,,9.848,8.2773,12.5824,,,
2015/2/25,5.6884,,9.8195,8.3589,12.8796,,,
2015/2/26,5.7216,,10.0383,8.4165,12.8796,,,
2015/2/27,5.7438,,10.0478,8.3493,12.8822,,,
2015/3/2,5.8807,,10.3523,8.3589,12.8643,,,
2015/3/3,5.962,,10.3143,8.6852,12.7976,,,
2015/3/4,6.1211,,10.6568,8.7764,12.7541,,,
2015/3/5,6.0471,,10.5616,8.6708,12.69,,,
2015/3/6,5.914,,10.3333,8.5124,13.0462,,,
2015/3/9,5.962,,10.5426,8.6036,12.7592,,,
2015/3/10,6.0064,,10.495,8.6804,12.7848,,,
2015/3/11,5.8955,,10.6092,8.4981,12.813,,,
2015/3/12,5.8104,,10.5046,8.7812,13.3434,,,
2015/3/13,6.0323,,10.8566,8.9827,13.9019,,,
2015/3/16,6.232,,11.0184,9.1794,14.5117,,,
2015/3/17,6.2246,,10.9803,9.0739,14.3451,,,
2015/3/18,6.3356,,11.2372,9.237,14.2247,,,
2015/3/19,6.3948,,11.1611,9.3618,13.9122,,,
2015/3/20,6.343,,11.3228,9.5681,14.0889,,,
2015/3/23,6.5427,,11.5988,10.0096,13.9429,,,
2015/3/24,6.4133,,12.7025,9.8368,13.7635,,,
2015/3/25,6.6056,,13.026,9.6401,13.7661,,,
2015/3/26,6.5686,,12.6549,10.1103,14.5399,,,
2015/3/27,6.6944,,13.0831,10.2015,14.4246,,,
2015/3/30,6.6907,,14.3962,10.1247,14.2145,,,
2015/3/31,6.5242,,14.6816,10.1823,14.3708,,,
2015/4/1,6.6315,,14.7387,10.4078,14.422,,,
2015/4/2,6.8423,,16.2136,10.4462,14.4066,,,
2015/4/3,7.1234,,17.8311,10.8445,14.34,,,
2015/4/7,7.1234,,19.1251,10.998,15.1343,,,
2015/4/8,6.9089,,18.0785,10.667,15.844,,,
2015/4/9,6.7239,,17.0223,10.523,15.7235,,,
2015/4/10,6.8275,,17.774,10.6861,15.5545,,,
2015/4/13,7.1049,,17.2983,11.094,15.4366,,,
2015/4/14,7.19,,16.8606,10.8925,15.411,,,
2015/4/15,6.7646,,15.6331,10.5182,15.0728,,,
2015/4/16,6.7757,,15.852,10.6046,15.0472,,,
2015/4/17,6.7165,,15.6997,10.8781,15.5263,,,
2015/4/20,6.4614,,15.5094,10.5278,14.8627,,,
2015/4/21,6.7461,,16.4705,10.8685,15.1881,,,
2015/4/22,6.9311,,16.6893,11.5451,15.3503,,,
2015/4/23,7.1012,,16.6703,11.9961,15.3992,,,
2015/4/24,6.957,,16.1184,11.9097,15.7572,,,
2015/4/27,7.0901,,16.2136,11.9865,15.8808,,,
2015/4/28,6.7683,,15.0147,11.4875,15.3194,,,
2015/4/29,6.9459,,15.4999,11.6266,15.6619,,,
2015/4/30,7.3231,,15.9852,12.0777,15.2061,,,
2015/5/4,7.4119,,17.108,12.4856,15.0027,,,
2015/5/5,7.0679,,17.108,11.7274,14.7271,,,
2015/5/6,6.7942,,17.108,11.4347,14.1348,,,
2015/5/7,6.6278,,17.108,11.4011,14.5263,,,
2015/5/8,6.92,,17.108,11.689,15.2164,,,
2015/5/11,7.4008,,17.108,12.1785,16.5709,,,
2015/5/12,7.4341,,17.108,12.7639,17.5108,,,
2015/5/13,7.7189,,17.108,12.6151,17.122,,,
2015/5/14,7.8779,,17.108,12.7591,17.0653,,,
2015/5/15,7.9408,,17.108,12.3896,17.1838,,4.2252,
2015/5/18,8.1294,,17.108,13.0326,18.8988,10.6467,4.6473,
2015/5/19,8.2256,,17.108,12.9894,19.0327,11.7137,5.1125,
2015/5/20,8.2293,,17.108,13.3925,19.0559,12.8855,5.625,
2015/5/21,8.6028,,17.108,13.9491,19.4293,14.1765,6.1893,
2015/5/22,9.0448,,17.108,14.4049,20.1993,15.596,6.8095,
2015/5/25,9.1711,,17.108,14.784,20.1684,17.1537,7.49,
2015/5/26,9.3903,,17.108,15.9836,20.3306,18.8686,8.2394,
2015/5/27,9.992,,17.108,16.2092,20.8456,20.755,9.0621,
2015/5/28,9.3977,,17.108,15.379,21.1469,22.832,9.9666,
2015/5/29,10.0292,,17.108,15.7197,22.3624,25.1137,10.9615,
2015/6/1,11.0321,,17.108,17.2936,22.3624,27.6241,12.0598,
2015/6/2,11.0321,,17.108,18.8627,22.3624,30.387,13.2658,
2015/6/3,11.0321,,17.108,18.7427,22.3624,33.4262,14.5924,
2015/6/4,11.0321,,17.108,17.999,22.3624,36.7703,16.0525,
2015/6/5,11.0321,,17.108,17.9798,22.3624,40.4478,17.659,
2015/6/8,11.0321,,17.108,18.2005,22.3624,36.4035,19.4249,
2015/6/9,11.0321,,17.108,17.6775,22.8903,32.7641,21.3674,
2015/6/10,11.0321,,17.108,17.6871,24.5589,34.0502,23.5037,
2015/6/11,11.0321,,17.108,17.8886,24.6928,37.4562,25.8554,
2015/6/12,11.0321,,17.108,18.3662,24.7109,34.6886,26.3378,
2015/6/15,11.0321,,17.108,17.2566,23.4388,31.2207,23.7061,
2015/6/16,11.0321,,17.108,15.7804,21.7984,28.1624,21.867,
2015/6/17,11.0321,,17.108,16.0698,21.8345,29.2342,20.717,
2015/6/18,11.0321,,17.108,15.5488,20.6345,26.3094,21.8455,
2015/6/19,11.0321,,18.8207,14.5454,18.5718,25.3805,19.6618,
2015/6/23,11.0321,,17.8926,14.4923,19.7795,26.7095,21.6301,
2015/6/24,11.0321,,19.6818,15.9396,19.6688,26.5714,21.4105,
2015/6/25,11.0321,,20.0932,15.9541,20.0344,24.6088,20.2605,
2015/6/26,11.0321,,18.0839,14.3572,18.1289,22.146,18.2362,
2015/6/29,11.0321,,16.2755,12.9196,16.6482,19.9309,16.4143,
2015/6/30,11.0321,,16.4765,13.5564,18.3143,21.3648,16.6425,
2015/7/1,11.0321,,14.8307,12.2007,18.7598,19.8356,15.0274,
2015/7/2,11.0321,,13.3477,11.2359,18.0181,19.507,13.5242,
2015/7/3,11.0321,,12.0177,10.8982,16.6276,18.7591,12.2019,
2015/7/6,11.0321,,10.8121,9.9188,15.304,19.4736,12.0684,
2015/7/7,11.0321,,9.7309,8.925,15.304,17.5253,10.8624,
2015/7/8,11.0321,,8.9558,8.3027,15.304,15.7723,10.8624,
2015/7/9,11.0321,,8.9558,9.1325,15.304,15.7723,10.8624,
2015/7/10,11.0321,,8.9558,10.0443,15.304,15.7723,10.8624,
2015/7/13,11.0321,,9.8553,11.0477,16.8336,17.349,11.9478,
2015/7/14,9.9289,,10.8408,11.2166,18.5177,19.083,13.1409,
2015/7/15,8.9371,,11.4627,10.0973,16.6662,18.5781,13.2959,
2015/7/16,8.0419,,12.6109,10.6039,16.6636,19.2831,13.3132,
2015/7/17,8.0791,,13.2902,11.5736,17.8327,20.8312,14.222,
2015/7/20,7.6779,,14.6202,12.0271,18.8885,20.9551,14.5407,
2015/7/21,7.8673,,15.9311,12.6976,20.3898,23.0511,15.9965,
2015/7/22,7.7856,,15.7397,12.5867,20.1375,22.8224,16.0008,
2015/7/23,7.9751,,15.9215,12.8231,20.431,24.5945,17.224,
2015/7/24,7.6593,,15.1082,12.22,20.2096,23.7275,16.6512,
2015/7/27,6.8941,,13.6347,11.0381,18.1881,21.3552,15.9577,
2015/7/28,6.2032,,14.381,11.5012,18.2705,20.1024,15.6304,
2015/7/29,6.5561,,15.6153,12.6301,18.6387,22.1031,17.1335,
2015/7/30,6.1364,,14.8116,12.2056,18.1417,21.5505,16.6899,
2015/7/31,5.8541,,14.2758,11.9933,17.7683,22.7891,16.8019,
2015/8/3,6.0658,,13.4051,11.2455,17.7477,23.7799,15.4452,
2015/8/4,6.4595,,14.6585,11.945,18.134,24.3992,16.3367,
2015/8/5,6.1772,,15.156,11.8051,17.8095,24.0514,17.2025,
2015/8/6,6.1921,,14.7255,11.6604,17.4027,22.5176,16.5435,
2015/8/7,6.4261,,15.2517,12.056,17.8379,22.9415,16.7976,
2015/8/10,6.7641,,15.9311,12.9003,18.8396,23.9847,18.1457,
2015/8/11,6.6861,,15.7493,12.7989,18.8602,24.0467,18.0337,
2015/8/12,6.9424,,15.0412,12.9823,18.7932,23.1035,18.1069,
2015/8/13,6.909,,15.3953,13.2331,18.8216,23.113,17.827,
2015/8/14,6.8718,,15.156,13.3537,19.0611,23.1988,17.491,
2015/8/17,6.9461,,15.8067,14.2752,20.5958,22.5271,16.7373,
2015/8/18,6.2515,,14.2279,12.8472,18.7469,20.3025,15.1264,
2015/8/19,6.311,,14.3427,13.0546,19.813,20.6979,15.9319,
2015/8/20,6.1995,,14.0174,11.9209,17.8327,19.8356,15.5098,
2015/8/21,5.7426,,13.252,11.0332,16.6559,19.5022,15.1867,
2015/8/24,5.1669,,11.9316,9.9285,14.9898,17.5539,13.6664,
2015/8/25,4.6506,,10.7355,8.9347,13.4911,15.8009,12.301,
2015/8/26,4.7174,,10.0753,8.5584,12.1417,16.1391,11.6119,
2015/8/27,5.0777,,10.592,9.4123,12.2473,16.8917,12.0598,
2015/8/28,5.3898,,11.5106,10.2131,13.3649,18.5828,13.0289,
2015/8/31,5.0406,,11.6445,9.2096,12.7546,19.445,12.4604,
2015/9/1,4.658,,10.7547,8.2882,11.4799,18.6781,11.2156,
2015/9/2,4.5651,,10.726,8.2882,11.3254,18.0588,10.0958,
2015/9/7,4.7657,,10.8791,8.2882,11.7245,18.5971,10.3801,
2015/9/8,5.048,,11.6636,8.2882,12.3426,19.7261,11.2156,
2015/9/9,5.2003,,12.2186,8.2882,12.5434,19.8928,11.7497,
2015/9/10,5.1186,,12.3047,8.2882,12.5975,18.8448,12.9255,
2015/9/11,5.1186,,12.2473,8.2882,12.9142,19.0258,14.2177,
2015/9/14,4.6283,,11.0226,8.2882,11.8095,17.1252,14.1444,
2015/9/15,4.4463,,9.9892,8.2882,11.6602,15.6246,15.1997,
2015/9/16,4.8772,,10.9843,8.2882,12.6748,17.1728,15.8414,
2015/9/17,4.736,,10.7068,8.2882,12.5717,16.7345,16.6468,
2015/9/18,4.8883,,10.8408,8.2882,12.6001,16.8965,16.6167,
2015/9/21,5.1743,,11.3766,8.2882,13.0069,17.7349,16.4703,
2015/9/22,5.2375,,11.7211,8.2882,13.0636,17.9683,15.6347,
2015/9/23,5.1929,,11.4723,8.2882,12.4224,17.8635,15.6218,
2015/9/24,5.3303,,11.788,8.2882,12.7958,18.0922,16.3066,
2015/9/25,5.1595,,11.3862,8.2882,12.5486,16.9346,16.0395,
2015/9/28,5.2597,,11.9029,8.2882,12.5923,17.4729,16.1171,
2015/9/29,5.1483,,11.5775,8.2882,12.2962,17.0204,16.186,
2015/9/30,5.1817,,11.8167,8.2882,12.4945,17.0823,15.5184,
2015/10/8,5.4083,,12.1708,8.2882,13.079,17.8683,16.3755,
2015/10/9,5.4603,,12.4961,8.2882,13.4705,18.3065,17.0345,
2015/10/12,5.7129,,13.6156,8.2882,14.4593,19.2402,17.4393,
2015/10/13,5.8875,,13.9122,8.2882,14.5031,19.1687,17.1895,
2015/10/14,5.6758,,13.893,8.2882,14.6061,18.8543,17.224,
2015/10/15,5.8318,,14.6202,8.2882,15.0336,19.4307,17.4393,
2015/10/16,5.8504,,14.6202,8.2882,15.2396,19.7547,17.5212,
2015/10/19,5.7649,,14.3045,8.2882,14.9254,19.2354,16.9785,
2015/10/20,6.0547,,14.582,8.2882,15.0954,19.7928,17.1379,
2015/10/21,5.4938,,13.3859,8.2882,14.4155,20.2644,15.9146,
2015/10/22,5.8689,,14.7255,8.2882,14.9769,21.5839,16.453,
2015/10/23,6.2329,,16.199,8.2882,15.425,21.36,17.2671,
2015/10/26,6.2998,,15.9789,8.2882,15.94,21.2266,17.28,
2015/10/27,6.2812,,17.5768,8.2882,15.7597,20.7836,18.598,
2015/10/28,6.2775,,17.3759,8.2882,15.8215,19.9786,18.6023,
2015/10/29,6.2515,,16.9262,8.2882,16.2233,20.3263,18.6798,
2015/10/30,6.1215,,16.3808,8.2882,16.2542,20.3311,18.8047,
2015/11/2,6.1178,,17.2228,8.2882,16.7125,20.9265,18.5161,
2015/11/3,6.1921,,17.2993,8.2882,16.9134,21.7697,19.4077,
2015/11/4,6.5264,,18.0169,8.2882,17.6911,22.5747,20.1356,
2015/11/5,6.9461,,17.462,8.2882,17.4593,22.2174,20.1485,
2015/11/6,7.3176,,17.8734,8.2882,17.5675,23.2321,20.3983,
2015/11/9,7.1504,,19.4139,8.2882,17.1915,23.8418,22.0436,
2015/11/10,7.1616,,19.3374,8.2882,17.1709,23.5608,21.6,
2015/11/11,7.3324,,20.275,8.2882,17.2791,25.371,22.4657,
2015/11/12,7.0799,,20.3803,8.2882,17.4284,26.8381,22.5648,
2015/11/13,6.857,,19.9306,8.2882,16.9237,24.1991,20.9324,
2015/11/16,6.9536,,21.4232,8.2882,17.4799,24.523,20.9367,
2015/11/17,6.9833,,20.8683,8.2882,17.5263,23.9181,20.4629,
2015/11/18,7.0316,,20.342,8.2882,17.4284,23.194,20.3509,
2015/11/19,7.1876,,21.3371,8.2882,17.6705,24.1038,21.8627,
2015/11/20,7.9082,,20.9065,8.2882,17.619,24.9994,21.5741,
2015/11/23,7.9156,,19.854,8.2882,16.8928,25.5853,21.3932,
2015/11/24,7.9973,,19.854,8.2882,17.3409,27.2431,22.0953,
2015/11/25,8.4282,,20.9544,8.2882,17.2327,26.9287,21.9187,
2015/11/26,8.1571,,21.2127,8.2882,17.2533,26.3856,21.165,
2015/11/27,7.4513,,21.538,8.2882,16.661,24.9232,19.4464,
2015/11/30,8.1979,,21.3371,8.2882,16.5271,27.0096,19.9978,
2015/12/1,7.8673,,19.6627,8.2882,16.1924,27.4669,19.9762,
2015/12/2,7.8673,,18.8876,8.2882,16.8052,26.6762,19.3517,
2015/12/3,8.0828,,19.3661,8.2882,17.9331,27.8671,20.0537,
2015/12/4,8.1905,,19.0312,8.2882,17.5572,27.5765,19.5843,
2015/12/7,8.0531,,18.9451,8.2882,17.655,26.9906,19.9331,
2015/12/8,7.7745,,18.7537,8.2882,17.3306,27.0859,19.9331,
2015/12/9,7.8302,,18.5623,8.2882,17.1349,26.0664,20.0581,
2015/12/10,7.7448,,18.5241,8.2882,17.1349,25.3424,20.2217,
2015/12/11,7.4587,,18.371,8.2882,17.1658,25.29,20.226,
2015/12/14,7.6667,,18.6197,8.2882,17.4233,26.2522,20.5404,
2015/12/15,8.2388,,19.0025,8.2882,17.4542,26.5047,21.0099,
2015/12/16,8.2982,,19.0312,8.2882,17.4387,26.5714,21.5311,
2015/12/17,8.3948,,19.433,9.118,17.5108,29.2295,23.6846,
2015/12/18,8.7365,,19.3278,10.0298,17.3821,29.0008,24.0766,
2015/12/21,8.9483,,19.9114,11.0332,18.3143,29.077,23.2065,
2015/12/22,8.952,,19.7201,11.3468,18.0156,28.7436,23.2151,
2015/12/23,8.8888,,19.1364,11.2552,18.8859,27.6813,23.4822,
2015/12/24,8.6957,,18.6102,10.9802,19.2774,28.291,23.1204,
2015/12/25,8.7254,,19.5574,11.0091,19.4216,28.1434,23.129,
2015/12/28,8.4208,,19.2321,10.6473,18.7057,27.043,21.5612,
2015/12/29,8.4542,,19.1173,10.2662,18.8087,27.6289,21.9445,
2015/12/30,8.7068,,19.3661,10.4206,18.237,28.1053,22.1341,
2015/12/31,8.6585,,19.2321,10.3144,19.0405,27.3002,22.1642,
2016/1/4,7.8005,,17.3089,9.3496,17.4027,24.5707,20.0537,
2016/1/5,7.2693,,15.577,9.7548,17.5572,23.5179,20.7343,
2016/1/6,7.4402,,17.1367,9.8079,17.7168,24.0562,21.5052,
2016/1/7,6.6973,,15.424,8.843,15.9864,21.6506,19.735,
2016/1/8,6.6861,,16.486,9.0649,16.2233,21.8078,21.1133,
2016/1/11,6.2032,,15.6345,8.7465,14.6009,19.626,20.8161,
2016/1/12,6.2961,,16.4573,9.0408,14.9203,20.0786,18.7358,
2016/1/13,6.1847,,14.9168,8.9347,14.2404,19.264,17.8313,
2016/1/14,6.4818,,15.7684,9.4267,14.7709,20.412,17.9519,
2016/1/15,6.3072,,14.7255,9.0794,14.2662,19.869,16.9613,
2016/1/18,6.6861,,14.9455,9.1083,14.0859,20.4359,16.901,
2016/1/19,7.0019,,16.0363,9.311,14.6885,21.3267,17.8399,
2016/1/20,6.8904,,15.6632,9.0456,14.807,20.9599,17.8184,
2016/1/21,6.6341,,14.735,8.4136,14.6112,20.1262,17.8614,
2016/1/22,6.623,,15.4527,8.3943,14.5391,20.5597,18.038,
2016/1/25,6.7084,,16.0363,8.4474,14.8173,20.7598,17.5858,
2016/1/26,6.1512,,15.4335,7.6466,13.334,18.8972,15.8285,
2016/1/27,5.9841,,14.8881,7.4584,13.2104,19.1735,15.9276,
2016/1/28,5.9061,,13.5869,7.0339,12.3091,18.2684,14.9671,
2016/1/29,6.0398,,14.2853,7.3716,12.9426,18.9449,15.4581,
2016/2/1,6.1847,,14.1514,7.1883,13.1692,18.9306,14.5364,
2016/2/2,6.4781,,14.6872,7.6466,13.7254,19.7451,15.6002,
2016/2/3,6.5041,,14.6968,7.6031,13.5142,19.6499,15.4581,
2016/2/4,6.5561,,15.0986,7.8009,14.1065,19.9881,15.7467,
2016/2/5,6.4447,,14.8307,7.6466,14.1014,19.8547,15.8716,
2016/2/15,6.597,,15.0317,7.608,13.8387,19.9928,15.5055,
2016/2/16,6.909,,16.1224,7.9167,14.4876,20.6026,16.3152,
2016/2/17,6.9833,,15.9502,7.9216,14.637,20.6883,16.5693,
2016/2/18,6.7976,,15.5962,7.9312,14.4413,20.8646,16.7933,
2016/2/19,6.7901,,15.6727,8.0229,14.3125,20.8551,16.9656,
2016/2/22,7.1319,,15.845,8.1869,14.4516,21.36,17.112,
2016/2/23,7.1504,,15.5196,8.1001,14.8121,21.1647,17.112,
2016/2/24,7.169,,15.2517,8.2689,14.534,20.8741,16.9914,
2016/2/25,6.9387,,15.4814,7.4439,13.6378,18.7877,15.7553,
2016/2/26,7.3584,,15.2135,7.5163,13.6275,18.921,15.5787,
2016/2/29,6.8718,,13.6921,6.9712,12.8602,17.9588,14.7517,
2016/3/1,6.7901,,13.4338,7.1641,13.0198,18.3161,14.9628,
2016/3/2,7.0353,,13.8643,7.883,13.643,19.1259,15.7337,
2016/3/3,6.9833,,14.4863,8.2014,13.4782,18.9639,15.7984,
2016/3/4,6.8347,,13.7017,8.0277,13.0662,18.0541,15.7639,
2016/3/7,6.9053,,14.5437,8.2448,14.3743,18.5495,16.018,
2016/3/8,6.883,,14.4863,8.1386,14.8997,18.721,16.2807,
2016/3/9,6.6378,,14.1514,7.7816,14.7761,18.1541,16.4659,
2016/3/10,6.2032,,13.9409,7.5935,14.2404,17.9254,16.2549,
2016/3/11,6.0695,,14.2279,7.661,14.4773,18.1922,16.3367,
2016/3/14,6.2404,,14.7925,8.0277,15.528,18.9306,16.7976,
2016/3/15,6.1587,,15.003,8.1338,16.0224,18.5923,16.6555,
2016/3/16,6.0769,,15.0412,7.9071,15.8576,18.3589,16.7545,
2016/3/17,6.3407,,15.4814,8.1628,16.1357,19.0401,16.8924,
2016/3/18,6.7084,,16.0268,8.4908,16.0945,20.0214,17.2455,
2016/3/21,6.8421,,16.4573,8.8526,16.3984,20.5121,17.603,
2016/3/22,6.8867,,16.0459,9.2289,16.3675,20.393,18.2448,
2016/3/23,6.9796,,15.9311,9.639,16.5683,21.8221,18.697,
2016/3/24,6.8941,,15.8354,9.364,15.77,20.8312,18.5333,
2016/3/25,7.0873,,15.9598,9.668,16.1409,21.6125,18.3783,
2016/3/28,7.0576,,15.6919,9.4123,16.11,21.6363,18.0079,
2016/3/29,7.0316,,15.4048,9.0746,15.6052,20.9599,18.1543,
2016/3/30,7.2061,,15.7971,9.3688,16.0224,21.9745,18.5936,
2016/3/31,7.6519,,15.644,9.1662,15.9349,22.8272,18.4817,
2016/4/1,8.0085,,15.6153,9.2579,15.734,23.0701,18.4214,
2016/4/5,8.5025,,16.1703,9.5618,16.1563,23.4036,18.8391,
2016/4/6,8.4319,,16.3234,9.639,16.4808,24.9041,19.3948,
2016/4/7,8.4282,,15.9789,9.5474,15.9091,26.8,19.3474,
2016/4/8,8.4134,,16.2181,9.2675,15.6619,26.2236,19.2354,
2016/4/11,8.5174,,16.8209,9.282,15.8215,25.1852,19.244,
2016/4/12,8.6437,,16.2851,9.0167,15.461,25.9759,18.9727,
2016/4/13,8.9705,,16.6487,9.0987,15.6979,25.5948,18.8391,
2016/4/14,9.0114,,16.687,9.2386,15.7185,25.4662,18.7444,
2016/4/15,9.914,,16.3903,9.2965,15.8473,24.2801,18.7702,
2016/4/18,9.7506,,15.8545,9.118,15.6413,24.0657,18.094,
2016/4/19,9.7729,,15.845,9.1903,16.2027,24.2515,18.1113,
2016/4/20,9.1451,,14.7063,8.6886,15.4198,22.6986,17.2326,
2016/4/21,8.9148,,14.4384,8.5294,15.3168,22.1555,17.0259,
2016/4/22,9.1377,,14.8307,8.5584,15.6773,22.5747,17.1422,
2016/4/25,8.6362,,15.1082,8.6548,15.4198,22.3556,17.2369,
2016/4/26,8.7402,,15.7875,8.65,15.358,22.6605,17.5083,
2016/4/27,8.6771,,15.6727,8.7031,14.4155,22.7033,17.3877,
2016/4/28,8.7662,,15.6536,8.6114,13.9005,22.5223,17.1809,
2016/4/29,9.1414,,15.644,8.597,14.0499,22.4747,17.9174,
2016/5/3,9.6577,,16.1416,8.8044,14.3022,23.3655,18.473,
2016/5/4,9.8732,,16.62,8.9347,14.4155,23.1606,18.8607,
2016/5/5,9.9215,,16.1416,8.9154,14.1271,23.5894,20.7468,
2016/5/6,9.5463,,15.2326,8.486,13.8954,22.7605,19.7243,
2016/5/9,9.1117,,14.8212,8.0711,13.5657,21.3505,17.7489,
2016/5/10,9.1414,,14.9455,8.0904,13.473,21.4362,17.2228,
2016/5/11,9.55,,14.9264,8.2544,13.6481,21.7887,16.9448,
2016/5/12,9.4571,,14.8307,8.322,13.7872,21.1933,16.7662,
2016/5/13,9.16,,14.9073,8.3316,14.0962,20.9265,16.8853,
2016/5/16,9.8435,,15.0891,8.65,14.3898,21.2361,16.9349,
2016/5/17,9.1604,,14.9838,9.0408,14.1529,21.3933,17.2823,
2016/5/18,8.3744,,14.314,8.8189,13.9417,20.3596,16.0117,
2016/5/19,8.4118,,14.735,8.6597,13.8902,20.3835,15.843,
2016/5/20,8.337,,15.2039,8.8141,14.0035,20.6597,16.0415,
2016/5/23,8.7113,,15.2135,8.8141,14.0705,20.9932,16.0713,
2016/5/24,8.5148,,14.8174,8.7369,13.7924,20.674,15.7735,
2016/5/25,8.5616,,14.5276,9.0215,13.8336,21.0599,15.7834,
2016/5/26,8.4961,,14.6822,8.5873,13.6842,20.9408,15.7139,
2016/5/27,8.468,,14.6436,8.4763,13.6533,21.1933,15.9025,
2016/5/30,8.4399,,14.4987,8.4233,13.5451,21.0361,15.9819,
2016/5/31,8.7768,,15.0589,8.7465,14.2301,22.2447,16.2996,
2016/6/1,8.7487,,15.4066,8.7755,14.1065,22.7627,16.25,
2016/6/2,8.8142,,15.339,8.9877,14.1117,22.6092,16.0713,
2016/6/3,9.2633,,15.5322,8.9636,14.261,22.379,16.3095,
2016/6/6,9.2727,,15.4066,8.8768,14.0705,22.379,16.1308,
2016/6/7,9.1791,,15.2618,9.0311,14.0344,22.7243,16.0713,
2016/6/8,9.0388,,15.31,8.8912,13.8027,22.2159,15.8132,
2016/6/13,8.4961,,14.3924,8.3654,13.5709,20.1728,14.7808,
2016/6/14,8.5616,,14.1026,8.3509,13.6069,19.9713,14.8999,
2016/6/15,8.861,,14.5566,8.5439,13.7769,20.5565,15.1283,
2016/6/16,8.7393,,14.4021,8.4812,13.5606,20.2687,14.89,
2016/6/17,8.992,,14.5663,8.5294,13.643,20.1919,15.1084,
2016/6/20,9.2446,,14.8754,8.6548,13.7203,20.403,14.8602,
2016/6/21,8.9545,,14.6339,8.4842,13.8954,20.0864,14.6518,
2016/6/22,9.0668,,14.9623,8.6402,14.0035,20.3742,14.8801,
2016/6/23,9.0668,,14.885,8.5476,14.1477,20.3454,15.1977,
2016/6/24,8.889,,14.6629,8.4403,13.9753,19.9425,15.4757,
2016/6/27,9.0013,,15.0396,8.6597,14.0798,20.4126,16.1904,
2016/6/28,9.7218,,15.426,8.8694,14.0955,20.8922,16.0812,
2016/6/29,10.4797,,15.5032,8.9133,14.0066,20.9785,16.4981,
2016/6/30,10.5265,,15.5032,8.923,14.2836,21.0936,16.2996,
2016/7/1,10.6762,,15.5322,8.8694,14.916,20.9689,16.2003,
2016/7/4,10.6949,,15.8413,9.1181,15.0989,21.6116,16.3294,
2016/7/5,10.5733,,16.7879,9.201,15.1721,21.5157,16.5081,
2016/7/6,11.6306,,17.7345,9.7324,15.5327,22.2639,16.4485,
2016/7/7,11.9955,,17.5897,10.0006,15.5222,23.0313,16.7264,
2016/7/8,11.6961,,17.8988,9.8105,15.2034,22.9833,16.5875,
2016/7/11,11.247,,17.6862,9.6983,15.2139,22.6764,16.4584,
2016/7/12,11.5651,,17.609,9.7227,15.3655,23.5397,16.7562,
2016/7/13,11.5558,,18.1113,9.7471,15.4491,23.108,17.2228,
2016/7/14,11.6213,,17.5703,9.6447,15.3446,23.3574,17.2426,
2016/7/15,11.509,,17.2902,9.6544,15.125,22.7915,17.0441,
2016/7/18,11.4996,,17.2226,9.9129,15.402,22.9258,16.9647,
2016/7/19,11.2844,,17.2516,9.908,15.308,22.9929,16.8158,
2016/7/20,11.509,,17.5124,9.7422,15.7104,23.2423,16.7959,
2016/7/21,11.3218,,17.0777,9.6691,15.6111,23.1272,17.0143,
2016/7/22,11.2376,,17.0777,9.5764,15.5745,22.5804,16.786,
2016/7/25,11.509,,16.7783,9.591,15.3707,22.6572,17.0739,
2016/7/26,11.509,,16.9038,10.2054,15.7052,23.0313,17.7489,
2016/7/27,10.6481,,17.2612,10.2785,15.3236,22.7819,17.2526,
2016/7/28,10.7885,,17.2516,10.9856,15.2975,22.5133,18.3246,
2016/7/29,10.592,,16.7783,10.6004,15.6477,20.9402,18.0368,
2016/8/1,10.3674,,16.0925,10.0494,15.2818,19.9617,17.7092,
2016/8/2,10.4049,,16.1118,10.6004,15.3289,20.1344,18.1162,
2016/8/3,10.2832,,15.7834,10.537,15.2296,20.0481,17.8581,
2016/8/4,10.3113,,15.9476,10.3566,15.2871,20.1152,17.6099,
2016/8/5,10.1803,,15.793,10.0981,15.2766,20.1536,17.5305,
2016/8/8,10.4329,,15.9572,10.0933,15.1982,20.3166,17.4511,
2016/8/9,10.7136,,16.0538,10.1323,15.3184,20.4797,17.6993,
2016/8/10,10.6856,,15.8606,9.9762,15.2557,20.5756,18.0467,
2016/8/11,10.3487,,15.4646,9.7568,15.0676,20.096,17.8581,
2016/8/12,10.4704,,15.6868,9.8251,15.2139,20.2399,17.8482,
2016/8/15,10.6294,,16.1408,10.0494,15.4229,20.6716,18.0566,
2016/8/16,11.6961,,16.5175,10.0835,15.4804,20.825,18.0368,
2016/8/17,11.4903,,16.3919,10.0738,15.4543,21.5541,17.9375,
2016/8/18,11.4528,,16.3533,10.0933,15.4543,21.4294,18.4041,
2016/8/19,11.7148,,16.5947,10.498,15.7627,22.0337,18.2353,
2016/8/22,11.2938,,16.276,10.3078,15.7888,22.5037,18.0566,
2016/8/23,11.0411,,16.1118,10.4541,15.7052,22.5133,18.9004,
2016/8/24,11.0318,,16.5175,10.576,15.8411,22.686,19.9923,
2016/8/25,10.9008,,16.9038,10.4004,15.9665,22.2735,19.6647,
2016/8/26,10.9195,,16.7589,10.3761,15.6163,22.849,19.7243,
2016/8/29,10.9101,,17.1936,10.2005,15.5432,24.4414,20.2802,
2016/8/30,10.9943,,17.2516,10.5565,15.5118,24.3742,20.2008,
2016/8/31,10.9569,,17.5027,10.4833,15.7888,24.1152,19.7243,
2016/9/1,10.9008,,16.9521,10.6247,15.794,24.0193,19.1684,
2016/9/2,11.0411,,17.6959,10.5321,16.1546,24.096,19.9923,
2016/9/5,11.2189,,17.8794,10.6296,16.233,23.3958,20.8957,
2016/9/6,11.1908,,18.2272,11.244,16.4839,24.5757,20.4092,
2016/9/7,11.4809,,17.7152,11.127,16.4891,24.2016,20.2107,
2016/9/8,11.5838,,17.6379,11.1757,16.3689,24.0097,20.4092,
2016/9/9,11.3218,,17.2129,11.3171,16.0971,23.837,19.8434,
2016/9/12,11.3218,,17.1936,10.8539,15.8045,22.5804,20.0023,
2016/9/13,11.3218,,17.0294,10.8637,15.7522,24.0001,20.3497,
2016/9/14,11.3218,,17.5607,11.0928,15.9142,23.9426,20.5184,
2016/9/19,11.8739,,17.5124,11.1952,16.0083,24.5085,20.31,
2016/9/20,11.6961,,17.3771,11.1367,15.9874,24.1728,19.7739,
2016/9/21,11.4154,,17.068,11.3074,15.9874,24.0001,19.9228,
2016/9/22,11.4435,,18.2755,11.717,16.2121,24.6236,19.8534,
2016/9/23,11.3406,,18.5459,11.6389,16.4578,25.4965,19.5357,
2016/9/26,11.0973,,18.1692,11.127,16.2592,24.6428,19.0791,
2016/9/27,11.1534,,18.9226,11.1806,16.1912,24.8826,19.1684,
2016/9/28,11.0786,,18.5942,11.0099,16.1233,23.9138,18.9897,
2016/9/29,11.0692,,19.2704,11.0977,16.0867,23.6932,18.8111,
2016/9/30,11.1347,,19.1738,11.0148,16.2383,23.885,18.8805,
2016/10/10,11.3967,,19.1255,11.3854,16.4003,24.6524,18.9202,
2016/10/11,11.4341,,20.0721,11.2635,16.3689,24.5661,18.8408,
2016/10/12,11.3125,,20.188,10.849,16.5571,24.1056,18.8607,
2016/10/13,11.2657,,19.9948,10.8929,16.4369,23.5781,18.4041,
2016/10/14,11.1815,,19.7533,10.9466,16.2957,23.5781,18.9401,
2016/10/17,11.0224,,19.705,10.6296,16.1337,23.5781,18.682,
2016/10/18,11.2002,,19.705,10.81,16.2435,23.5781,19.1089,
2016/10/19,10.8353,,20.1687,10.8052,16.2435,23.5685,18.9202,
2016/10/20,10.6481,,19.5891,10.7418,16.1755,23.4246,18.9004,
2016/10/21,10.7417,,19.6664,10.6638,16.2069,23.3574,19.0096,
2016/10/24,10.8353,,19.6374,10.7905,16.233,24.0673,19.3173,
2016/10/25,10.7511,,19.309,10.7223,16.1964,24.0769,19.228,
2016/10/26,10.7885,,19.4636,10.5175,16.1442,23.6932,19.1287,
2016/10/27,10.8446,,18.942,10.5223,16.0971,23.9042,19.228,
2016/10/28,10.7043,,19.2414,10.3614,15.956,24.0385,18.7316,
2016/10/31,10.592,,18.9323,10.5272,15.9978,24.355,18.414,
2016/11/1,10.6949,,19.5698,10.7174,16.1128,24.6908,18.5232,
2016/11/2,10.5171,,19.5215,10.7808,15.9508,24.614,18.553,
2016/11/3,10.3394,,19.2221,10.8052,15.9874,24.5661,18.414,
2016/11/4,10.3674,,18.3527,10.5467,15.9247,24.2399,18.4041,
2016/11/7,10.3113,,18.3527,10.4395,15.9769,24.7771,18.3544,
2016/11/8,10.3581,,18.5652,10.4346,16.0397,24.6428,18.3246,
2016/11/9,10.1709,,18.6232,10.3517,15.8463,24.0577,18.6423,
2016/11/10,10.3019,,18.4397,10.5077,15.9926,25.7651,18.7118,
2016/11/11,10.2364,,18.4204,10.4638,16.0292,25.8131,18.8309,
2016/11/14,10.3019,,18.2368,10.5614,16.5153,25.65,18.7813,
2016/11/15,10.4797,,18.6425,10.6199,16.4473,25.8802,19.4265,
2016/11/16,10.4329,,18.7198,10.5272,16.3114,25.6788,19.3868,
2016/11/17,10.4049,,18.3141,10.537,16.5727,26.1392,19.4563,
2016/11/18,10.2645,,18.5169,10.5077,16.9909,26.0433,19.2478,
2016/11/21,10.2177,,19.2221,10.259,17.409,25.7076,19.2677,
2016/11/22,10.2364,,19.0096,10.2103,17.4769,25.8898,19.2578,
2016/11/23,10.1803,,18.459,10.1567,17.3462,26.4558,18.9798,
2016/11/24,10.1429,,17.9857,10.2103,17.7957,25.5637,18.6324,
2016/11/25,10.0399,,17.9953,10.2249,18.773,25.3239,18.8011,
2016/11/28,10.33,,17.7828,10.0348,18.8619,25.0553,18.8408,
2016/11/29,10.0867,,17.6476,10.0055,18.7783,25.0457,18.8706,
2016/11/30,10.0025,,17.8215,10.1762,18.5065,25.2471,18.6622,
2016/12/1,10.0306,,17.6379,10.2883,18.5379,25.6692,18.9997,
2016/12/2,9.7218,,17.4834,10.0591,18.2556,24.7963,18.7118,
2016/12/5,9.516,,17.6283,10.0396,18.057,24.2591,19.0195,
2016/12/6,9.5347,,17.4834,10.1128,17.7487,24.4222,19.0096,
2016/12/7,9.647,,17.7249,10.1908,17.5344,24.7867,19.3868,
2016/12/8,9.6376,,17.6669,10.3273,17.4246,24.3838,19.1982,
2016/12/9,9.5347,,17.6476,10.1957,17.7591,24.5181,18.9202,
2016/12/12,8.992,,16.8749,9.7812,17.0327,22.3886,18.007,
2016/12/13,8.992,,16.7396,9.7714,17.0274,22.8586,17.4412,
2016/12/14,8.9826,,16.4498,9.9421,16.5466,22.7339,17.4015,
2016/12/15,9.02,,16.8266,9.8933,16.6773,22.8107,17.461,
2016/12/16,9.1043,,16.8266,9.908,17.064,23.367,17.6993,
2016/12/19,9.0481,,16.7493,9.9324,16.8654,23.3095,17.6496,
2016/12/20,9.0855,,16.8749,9.8495,16.693,23.1944,17.5206,
2016/12/21,9.544,,17.3771,10.2005,16.8968,23.5781,17.6298,
2016/12/22,9.3756,,17.2806,10.0981,16.8184,23.6164,17.7588,
2016/12/23,9.254,,16.8072,10.1176,16.6407,23.4054,17.5007,
2016/12/26,9.5627,,17.0487,10.2493,16.6302,23.3478,17.6099,
2016/12/27,9.516,,16.9328,10.2347,16.5727,23.4725,17.5603,
2016/12/28,9.3662,,16.73,10.1128,16.4212,23.0409,17.5404,
2016/12/29,9.3943,,16.6913,10.1469,16.0867,22.9066,17.471,
2016/12/30,9.4505,,16.6044,10.3614,16.51,23.1944,17.6893,
2017/1/3,9.5347,,16.7396,10.5126,16.3532,23.4917,17.8482,
2017/1/4,9.5721,,17.0584,10.4248,16.3271,23.6452,17.7688,
2017/1/5,9.675,,16.9908,10.3809,16.3114,23.9522,17.5702,
2017/1/6,9.6657,,16.7107,10.6589,16.2226,24.1248,17.2923,
2017/1/9,9.675,,16.8072,10.6735,16.4107,23.8466,17.2823,
2017/1/10,9.5534,,16.8555,10.4004,16.4787,24.2399,17.2029,
2017/1/11,9.4505,,16.8266,10.3078,16.5309,23.6356,17.2129,
2017/1/12,9.4317,,16.6913,10.2639,16.2017,23.5876,16.7761,
2017/1/13,9.3008,,16.2567,9.9714,16.2121,23.1752,16.5676,
2017/1/16,9.1323,,15.7447,9.7276,16.2487,22.3023,15.9819,
2017/1/17,9.1978,,16.1408,9.791,16.1651,22.6188,16.0514,
2017/1/18,9.1791,,16.3436,9.7617,16.0031,22.4749,15.833,
2017/1/19,9.151,,16.1311,9.7714,15.8829,22.2255,15.8926,
2017/1/20,9.2353,,16.8362,9.8397,16.0658,22.4366,15.8033,
2017/1/23,9.3101,,16.7493,9.8446,16.139,22.7339,15.7834,
2017/1/24,9.3288,,15.5129,9.8836,16.1024,22.5613,15.7933,
2017/1/25,9.3195,,15.4356,9.83,16.2696,22.8778,15.843,
2017/1/26,9.4785,,15.4839,9.869,16.4264,23.0217,15.8529,
2017/2/3,9.5347,,15.3583,9.8202,16.4525,22.8394,15.8728,
2017/2/6,9.6937,,15.4549,9.9226,16.9229,23.3095,15.9522,
2017/2/7,9.6376,,15.4453,9.9909,16.8968,23.2807,15.8926,
2017/2/8,9.7125,,15.6868,9.9811,16.9595,24.096,16.5378,
2017/2/9,9.7031,,15.8606,9.9616,16.9438,24.1728,16.5378,
2017/2/10,9.6657,,15.6771,10.0006,16.7191,23.6548,16.7761,
2017/2/13,9.6563,,15.6964,10.0786,16.6355,23.885,16.9051,
2017/2/14,9.6282,,15.7157,9.9714,16.395,23.6548,16.9448,
2017/2/15,9.5066,,15.6578,10.0104,16.4525,24.6908,16.9548,
2017/2/16,9.5627,,16.0152,10.1128,16.4682,25.4006,16.9349,
2017/2/17,9.516,,15.9669,10.0591,16.5675,25.18,16.6967,
2017/2/20,9.7218,,16.2277,10.3322,17.1163,24.7771,16.8853,
2017/2/21,9.7125,,16.247,10.3566,17.2313,24.7195,16.8654,
2017/2/22,9.7031,,16.0731,10.4395,18.0779,24.4893,16.8555,
2017/2/23,9.7031,,16.0731,10.3566,17.9525,24.5181,16.8356,
2017/2/24,9.806,,16.1311,10.4102,17.9786,25.1704,16.8555,
2017/2/27,9.6657,,15.8896,10.2347,17.8689,25.6596,16.4981,
2017/2/28,9.6376,,15.8993,10.2834,18.3236,25.6404,16.3989,
2017/3/1,9.647,,15.851,10.259,18.1616,25.2567,16.6173,
2017/3/2,9.5253,,15.5805,10.1908,18.1197,24.8442,16.379,
2017/3/3,9.544,,15.6385,10.2395,18.1616,24.9785,16.3195,
2017/3/6,9.6844,,15.8027,10.3371,18.0832,25.4582,16.3294,
2017/3/7,9.9089,,15.822,10.4297,18.2556,25.2279,17.1334,
2017/3/8,9.8341,,15.6964,10.3566,17.9943,25.0361,16.8853,
2017/3/9,9.7405,,15.764,10.3176,17.6546,24.8059,16.7463,
2017/3/10,9.7873,,15.5709,10.1957,17.9943,24.873,16.8356,
2017/3/13,9.8902,,15.6191,10.1908,17.9473,24.9018,16.8356,
2017/3/14,9.8341,,15.6868,10.1323,18.1511,25.3047,16.786,
2017/3/15,9.7967,,15.6771,10.0884,18.1459,25.3718,16.7463,
2017/3/16,9.8154,,15.7254,10.0884,18.219,25.5637,16.8257,
2017/3/17,9.6189,,15.5709,9.9762,17.8846,25.2663,16.3393,
2017/3/20,9.5908,,15.6191,10.0591,17.8898,26.2351,16.3492,
2017/3/21,9.5815,,15.5419,10.064,18.0779,26.2735,16.2301,
2017/3/22,9.6095,,15.2618,10.0299,18.2818,26.4558,16.0812,
2017/3/23,9.5347,,15.368,10.142,18.4595,26.1392,16.1209,
2017/3/24,9.413,,15.3294,10.142,18.496,26.1488,16.0713,
2017/3/27,9.4411,,15.4453,9.9811,18.1668,26.4558,16.2599,
2017/3/28,9.3569,,15.4453,9.9031,17.9055,26.0433,15.8628,
2017/3/29,9.2259,,15.1362,9.8397,17.9055,25.5445,16.4584,
2017/3/30,9.0855,,14.7305,9.6983,17.5605,25.0457,16.0614,
2017/3/31,9.0762,,14.8174,9.8251,17.7069,25.3622,16.0514,
2017/4/5,9.2633,,15.5129,10.0201,17.733,26.379,16.3889,
2017/4/6,9.2727,,15.2618,10.0006,17.5239,26.3886,15.9323,
2017/4/7,9.3756,,15.2521,10.0445,17.5762,26.0049,15.7933,
2017/4/10,9.3101,,15.1748,10.1323,17.5971,26.1872,15.6246,
2017/4/11,9.3475,,15.339,10.3566,17.8114,25.8706,15.5253,
2017/4/12,9.2353,,15.1941,10.3956,17.7748,24.7771,15.3764,
2017/4/13,9.6563,,15.2424,10.259,17.8532,24.8442,15.4161,
2017/4/14,9.937,,14.8464,10.1615,17.8271,24.451,15.4261,
2017/4/17,10.1335,,14.8561,10.2883,17.6651,24.8922,14.4632,
2017/4/18,9.9932,,15.0396,10.2688,17.618,24.6428,14.1554,
2017/4/19,9.7312,,14.8947,10.0738,17.3306,24.8442,14.2448,
2017/4/20,9.647,,14.6822,10.0201,17.7278,24.7483,14.1058,
2017/4/21,9.2727,,14.9237,9.9519,17.7278,24.5277,14.0959,
2017/4/24,9.3195,,14.4697,9.9567,17.7278,24.5853,13.6393,
2017/4/25,9.0762,,14.2572,9.8592,17.8323,24.2879,13.6591,
2017/4/26,8.8329,,14.4021,10.0348,18.0309,24.3167,14.3043,
2017/4/27,8.7206,,14.2668,10.3224,18.2243,24.3646,14.2448,
2017/4/28,8.7581,,14.5373,10.2688,18.1825,24.4606,14.2448,
2017/5/2,8.7019,,14.4021,10.1128,18.0884,24.5565,14.4235,
2017/5/3,8.6926,21.1177,14.2765,10.1957,18.1825,24.5757,14.4433,
2017/5/4,8.5148,23.2304,13.9481,10.2688,18.1354,24.4606,14.5227,
2017/5/5,8.2528,25.5554,13.5617,9.9324,17.6389,23.9042,14.4235,
2017/5/8,7.9346,28.1119,13.5327,9.9324,17.4142,23.9138,14.3143,
2017/5/9,8.2341,30.9192,13.8129,9.7617,16.8811,24.1728,14.4135,
2017/5/10,7.9066,34.016,13.7163,9.5959,16.7975,23.885,14.4036,
2017/5/11,7.7569,37.4214,13.6003,9.4301,16.8132,23.8658,14.2646,
2017/5/12,7.7662,41.1645,13.4265,9.2595,17.0379,23.7507,13.5201,
2017/5/15,7.7569,41.4636,13.4168,9.4935,16.9281,23.9426,13.5598,
2017/5/16,7.9534,39.1965,13.6776,9.5764,17.6076,24.4126,13.8576,
2017/5/17,7.9627,37.9713,13.639,9.6934,17.5919,24.3167,13.947,
2017/5/18,8.0103,35.5016,13.5134,9.4301,17.5501,24.0577,14.0562,
2017/5/19,7.9341,33.8906,13.7356,9.5179,17.5083,23.9809,14.1654,
2017/5/22,7.9722,31.5366,13.6583,9.3814,17.0797,23.7987,14.215,
2017/5/23,7.7722,31.6717,13.185,8.9718,17.1006,23.674,13.8576,
2017/5/24,7.6865,31.8357,13.5714,9.0498,16.8654,23.9617,14.1157,
2017/5/25,7.6484,30.6105,13.8447,9.1522,16.7504,23.933,14.0661,
2017/5/26,7.5055,31.2086,14.0107,9.1912,16.9281,24.0769,13.9668,
2017/5/31,7.6865,31.2569,13.9619,9.2595,17.2678,23.933,14.0165,
2017/6/1,7.5912,28.1312,13.9326,9.0547,17.064,23.4438,13.8279,
2017/6/2,7.5722,28.6328,13.7862,8.845,17.2469,22.9066,13.8279,
2017/6/5,7.7055,28.7197,13.7764,8.9572,17.4665,23.2452,13.9172,
2017/6/6,7.7532,28.4785,14.3525,8.9962,17.456,23.2645,14.344,
2017/6/7,7.9151,29.5107,14.4306,9.3229,17.7696,23.3903,14.483,
2017/6/8,7.8389,28.8161,14.2743,9.318,17.9002,23.1291,14.3639,
2017/6/9,7.8198,28.8451,14.3329,8.8743,17.8898,23.1194,14.2051,
2017/6/12,7.6389,27.2822,14.1377,8.8353,17.7784,22.9453,14.4731,
2017/6/13,7.7532,27.89,14.1767,8.923,18.2611,23.0517,14.3738,
2017/6/14,7.7436,28.1794,14.1572,8.8304,18.2823,23.1678,14.2547,
2017/6/15,7.8103,29.1345,14.1865,9.0498,18.208,23.4096,14.2547,
2017/6/16,7.7627,28.9705,14.0986,9.0498,18.1921,23.3806,14.2845,
2017/6/19,7.8103,28.9898,14.3622,9.1912,18.2504,23.9029,14.3838,
2017/6/20,7.8484,28.9801,14.1279,9.1181,18.155,24.1545,14.2845,
2017/6/21,7.8484,29.0284,14.0791,9.0937,18.5209,24.1061,14.3143,
2017/6/22,7.7913,28.0251,13.669,9.0693,18.277,23.4386,14.1058,
2017/6/23,7.8198,27.9672,13.7471,8.9864,18.2823,23.2742,14.354,
2017/6/26,7.8103,28.2277,14.0303,9.1278,18.6588,23.4483,14.483,
2017/6/27,7.8198,28.0733,13.9033,9.2253,18.7543,23.5547,14.3937,
2017/6/28,7.7436,27.5909,13.9424,9.3619,18.5103,23.4386,14.3143,
2017/6/29,7.696,27.7369,13.8936,9.3082,18.5103,23.7772,14.0065,
2017/6/30,8.4675,28.2917,13.9033,9.4545,18.8657,23.4676,13.7187,
2017/7/3,8.8295,28.6907,13.9912,9.3911,18.7066,23.3516,13.7484,
2017/7/4,8.4009,28.5739,13.9229,9.3424,18.6482,23.2161,13.6988,
2017/7/5,8.3437,29.3622,13.9912,9.3127,18.802,23.2742,13.7385,
2017/7/6,8.2961,29.3914,13.9912,9.3473,18.7013,23.1678,13.7584,
2017/7/7,8.3056,29.8877,13.9717,9.3226,18.8233,22.7905,13.6688,
2017/7/10,8.1246,28.7588,13.3956,9.3078,18.2451,22.0553,13.838,
2017/7/11,8.2485,28.1262,13.2785,9.4608,18.4361,22.1134,13.5593,
2017/7/12,8.0294,28.4084,13.3663,9.3818,18.5687,22.3745,13.629,
2017/7/13,8.0294,28.0484,13.2687,9.5447,18.4202,22.2391,13.6489,
2017/7/14,7.9246,27.9997,13.2394,9.3917,18.505,21.9489,13.5194,
2017/7/17,7.3246,25.1968,11.9116,9.0314,17.9587,21.7651,12.8425,
2017/7/18,7.4008,24.7491,11.8627,8.9673,17.9534,21.562,12.7728,
2017/7/19,7.5151,24.6713,11.8042,9.0068,17.9057,22.0553,12.7927,
2017/7/20,7.6008,24.5058,11.9799,9.0413,17.9587,21.8909,12.7429,
2017/7/21,7.7817,24.3306,11.9994,9.0364,17.858,21.146,12.6633,
2017/7/24,7.877,24.6518,12.1166,8.9278,17.7625,21.1944,12.6533,
2017/7/25,7.7913,24.7005,11.9701,8.9229,17.6723,20.9429,12.6931,
2017/7/26,8.1913,25.5277,11.7651,8.9229,17.5185,20.7011,12.7031,
2017/7/27,8.1627,25.7126,12.2826,9.0462,17.8367,20.8752,12.7429,
2017/7/28,8.0294,25.0022,12.1166,9.0166,17.7307,20.9042,12.7429,
2017/7/31,8.0389,24.7783,12.3997,9.1055,17.4231,22.6938,12.9819,
2017/8/1,7.9056,24.8367,12.2923,9.0462,17.5875,22.007,12.9819,
2017/8/2,7.6865,24.8367,12.0287,8.9278,17.4071,21.3201,12.9918,
2017/8/3,7.6579,24.8951,12.1947,8.8933,17.5132,21.2911,13.1411,
2017/8/4,7.5531,24.1846,12.0483,8.8587,17.317,21.1073,13.0615,
2017/8/7,7.6293,24.3306,12.0775,8.9031,17.7731,21.0396,13.1312,
2017/8/8,7.6293,24.1846,12.5755,9.0216,17.7943,21.6297,13.1909,
2017/8/9,7.6293,23.9511,12.556,8.9722,17.7572,21.7264,13.2108,
2017/8/10,7.496,23.7175,12.4974,9.0314,17.5875,21.6297,13.3104,
2017/8/11,7.4674,23.4547,12.4486,8.8933,17.789,21.6587,13.181,
2017/8/14,7.5912,23.8635,12.7415,9.0166,18.0595,21.62,13.2805,
2017/8/15,7.5722,24.0679,12.7708,9.0413,18.0542,21.4749,13.3203,
2017/8/16,7.6389,24.4474,13.1613,9.0512,18.0701,21.6394,13.4298,
2017/8/17,7.6389,24.428,13.093,9.1598,18.1125,21.7458,13.4995,
2017/8/18,7.5341,24.1652,13.1125,9.293,18.0542,21.8232,13.5095,
2017/8/21,7.6103,24.6907,13.3761,9.3276,18.1921,22.1134,13.7385,
2017/8/22,7.6389,27.1627,13.4347,9.5546,18.0754,22.1424,13.8082,
2017/8/23,7.5531,26.6469,13.1125,9.4164,18.0436,22.0553,14.2263,
2017/8/24,7.4579,25.8294,13.1027,9.2585,17.9906,22.0553,14.057,
2017/8/25,7.4865,26.2868,13.4347,9.4312,18.033,22.1037,13.9475,
2017/8/28,7.4865,27.299,13.4542,9.2289,17.964,22.1134,13.8878,
2017/8/29,7.5246,28.1165,13.2882,9.2437,17.6458,22.3068,13.7584,
2017/8/30,7.4008,27.4644,13.2394,9.2634,17.8102,22.2391,13.8181,
2017/8/31,7.4103,27.9705,13.464,9.2683,17.5822,22.6357,13.6688,
2017/9/1,7.4389,27.6007,13.2785,9.3276,17.5928,22.6841,13.609,
2017/9/4,7.4674,26.9486,13.2199,9.3177,17.5875,22.5487,13.5294,
2017/9/5,7.496,27.1238,13.2101,9.3127,17.4761,22.2004,13.609,
2017/9/6,7.477,26.861,13.132,9.4509,17.5663,21.8135,13.6489,
2017/9/7,7.4674,27.1043,13.1515,9.367,17.6564,22.3359,13.5194,
2017/9/8,7.5531,27.0849,13.0734,9.3029,17.5397,23.071,13.4398,
2017/9/11,7.5531,27.7175,13.2492,9.5003,17.5716,22.7131,13.3004,
2017/9/12,7.5436,26.9681,13.298,9.5694,17.5238,22.8195,13.2108,
2017/9/13,7.6293,27.1822,13.3761,9.7619,17.4549,22.597,13.2805,
2017/9/14,7.5722,27.0167,13.4054,9.7767,17.3753,22.3842,13.1212,
2017/9/15,7.477,26.4425,13.3761,9.8112,17.5397,22.3939,13.2805,
2017/9/18,7.496,26.6372,13.5714,9.8458,17.8898,22.51,13.4,
2017/9/19,7.496,26.8221,13.4054,9.7273,17.9322,22.3068,13.3303,
2017/9/20,7.5341,27.0557,13.4737,9.8408,17.9906,22.3262,13.4896,
2017/9/21,7.477,26.5593,13.3078,9.7865,17.7201,21.9296,13.4796,
2017/9/22,7.4865,26.8513,13.3175,9.673,17.667,21.7264,13.39,
2017/9/25,7.3912,26.608,13.1808,9.6928,17.667,21.3395,13.2706,
2017/9/26,7.3436,25.7321,13.2687,9.8112,17.6511,21.2718,13.2307,
2017/9/27,7.3627,26.0338,13.3468,9.7273,17.6193,21.3298,13.3303,
2017/9/28,7.3436,26.0338,13.1906,9.7421,17.5875,21.2331,13.2208,
2017/9/29,7.4008,26.3549,13.2199,9.9,17.736,21.2137,13.2606,
2017/10/9,7.477,26.5204,13.4347,9.9741,18.3373,21.8328,13.3104,
2017/10/10,7.5436,27.3282,13.6397,9.9691,18.2557,22.1327,13.39,
2017/10/11,7.5627,27.1335,13.4835,10.0136,18.664,22.0553,13.3801,
2017/10/12,7.4865,27.0167,13.3663,9.7619,18.6194,22.2681,13.4,
2017/10/13,7.5531,27.951,13.2785,9.8013,18.7531,22.4326,13.4199,
2017/10/16,7.3912,28.0386,12.7415,10.0629,18.3002,22.2778,13.3701,
2017/10/17,7.3055,27.7661,12.6829,10.0629,18.4413,22.3262,13.1411,
2017/10/18,7.296,28.0775,12.4193,9.826,18.5749,22.2778,13.0515,
2017/10/19,7.1722,27.1043,12.2826,9.8211,18.5006,21.7748,12.9321,
2017/10/20,7.1436,26.8999,12.3021,9.826,19.3767,22.3262,12.9719,
2017/10/23,7.2198,27.4547,12.4974,9.8309,19.6588,22.3552,12.9619,
2017/10/24,7.2007,26.9194,12.4193,9.678,19.6143,22.2972,12.7927,
2017/10/25,7.2293,27.3963,12.5462,9.7026,19.6736,22.5583,12.8126,
2017/10/26,7.315,27.9316,12.6926,9.8606,20.6016,22.7421,12.942,
2017/10/27,7.2674,28.0289,12.6145,9.7174,20.4606,22.5003,12.9918,
2017/10/30,7.0864,27.3184,12.019,9.5398,20.5942,21.7361,12.9221,
2017/10/31,7.115,28.6907,12.1557,9.4855,20.7279,21.9296,12.8823,
2017/11/1,7.0388,28.535,12.2728,9.5052,20.6759,22.481,12.6035,
2017/11/2,6.8578,28.389,11.853,9.3621,20.7501,22.036,12.4144,
2017/11/3,6.8388,27.7175,11.8823,9.4213,20.8021,22.6647,12.4443,
2017/11/6,7.115,28.6128,11.853,9.4213,21.4925,22.6067,12.3845,
2017/11/7,7.1722,28.4668,11.892,9.5102,21.255,22.8292,12.3746,
2017/11/8,7.096,28.1067,11.9506,9.4559,21.1288,23.3999,12.5139,
2017/11/9,7.2103,27.7564,11.7651,9.3769,21.151,23.3999,12.5438,
2017/11/10,7.2388,27.9802,11.9409,9.2979,21.3589,23.2258,12.5637,
2017/11/13,7.1245,28.2917,11.9409,9.2831,20.6685,23.1968,12.6334,
2017/11/14,7.0769,27.5617,11.7749,9.1203,20.4977,23.7385,12.5239,
2017/11/15,6.915,26.9097,11.853,9.1647,20.8169,23.5934,12.494,
2017/11/16,6.9531,25.8975,11.9116,9.1992,21.9008,24.1351,12.5139,
2017/11/17,7.1245,24.282,11.355,9.1301,21.6262,23.8836,12.0859,
2017/11/20,7.1626,24.6226,11.3648,9.145,21.5445,24.522,11.9465,
2017/11/21,7.1531,24.4377,11.3648,9.3621,21.7895,23.8159,11.9863,
2017/11/22,7.2769,24.3598,11.9994,9.3029,21.1807,23.99,11.8768,
2017/11/23,7.3531,23.6494,11.5503,9.1894,21.0174,23.4193,11.7076,
2017/11/24,7.4865,23.6591,11.355,9.2881,21.0471,23.4193,11.7474,
2017/11/27,6.9531,23.5812,11.0719,9.0265,20.9431,24.019,11.3193,
2017/11/28,6.9721,24.0387,11.2281,8.9772,20.8689,24.2318,11.4786,
2017/11/29,6.8578,23.8732,11.1793,8.9673,20.7947,23.9223,11.4388,
2017/11/30,6.7816,24.0095,11.1402,8.9377,20.275,23.7578,11.379,
2017/12/1,6.8197,24.2528,11.2672,8.9623,20.7724,23.1194,11.3989,
2017/12/4,6.8007,23.0557,11.3257,8.7255,20.0745,23.042,11.4189,
2017/12/5,6.4292,22.1798,11.0914,8.5478,20.4457,22.3455,11.4288,
2017/12/6,6.4864,22.6372,11.4429,8.4886,20.5126,22.0457,11.6876,
2017/12/7,6.4388,22.4912,11.3843,8.5823,20.6313,22.1327,11.5582,
2017/12/8,6.4959,22.8903,11.892,8.8933,21.0916,22.2488,11.4288,
2017/12/11,6.5054,23.046,11.7456,9.214,22.0345,21.9779,11.389,
2017/12/12,6.3626,22.5594,11.6382,9.1844,22.0122,21.649,11.2098,
2017/12/13,6.3626,22.9195,11.8139,9.3522,22.3017,21.2718,11.17,
2017/12/14,6.3721,22.9584,11.7846,9.3522,22.2943,21.5523,11.0903,
2017/12/15,6.353,22.8513,11.6479,9.2585,21.9083,20.9816,11.1301,
2017/12/18,6.3626,22.8513,11.5015,9.2733,22.8882,21.1557,11.1799,
2017/12/19,6.3911,23.1238,11.521,9.4954,23.0293,21.0783,11.16,
2017/12/20,6.2006,22.7345,11.2476,9.6878,22.9699,21.0396,11.0704,
2017/12/21,6.0863,22.6761,11.3355,9.7273,22.9476,20.9719,11.0605,
2017/12/22,6.0482,22.5886,11.2965,9.7421,22.9105,21.088,10.9908,
2017/12/25,5.8577,22.8708,11.0621,9.6039,22.4948,21.6007,11.0306,
2017/12/26,5.9244,23.5812,11.3062,9.7273,23.1184,21.7748,11.0605,
2017/12/27,5.9244,23.3087,11.4917,9.7026,22.9996,21.3201,11.0505,
2017/12/28,5.8958,23.5131,11.5503,9.5941,23.0293,21.4943,10.8912,
2017/12/29,5.9625,23.6883,11.6479,9.7273,23.5638,21.4652,10.9908,
2018/1/2,6.0006,23.737,11.6382,9.8013,23.3931,22.8195,10.9709,
2018/1/3,6.134,23.6688,11.6577,9.8309,23.5119,23.516,10.9509,
2018/1/4,6.1625,24.4182,11.6284,9.752,23.6009,23.5354,10.8315,
2018/1/5,6.1911,23.8927,11.6187,9.7915,23.252,23.4096,10.6224,
2018/1/8,6.1816,23.8051,11.7065,9.8704,23.252,22.984,10.4532,
2018/1/9,6.153,23.9413,11.8627,9.8013,23.059,22.7905,10.5428,
2018/1/10,6.0006,23.3671,11.8139,9.7174,22.5839,23.0227,10.483,
2018/1/11,6.0959,23.6591,11.8139,9.8951,22.7249,22.9259,10.6622,
2018/1/12,6.0101,23.5326,11.6577,9.8556,22.5022,22.7518,10.6622,
2018/1/15,5.9911,22.3744,11.2672,9.673,22.7398,22.1811,10.503,
2018/1/16,6.334,24.6129,11.2672,9.5003,23.3931,21.5426,10.5229,
2018/1/17,6.4007,24.5155,11.316,10.1962,22.4576,21.5813,10.6025,
2018/1/18,6.3911,24.2528,11.355,10.0876,22.3686,21.562,10.5527,
2018/1/19,6.4864,24.0289,11.2476,9.9494,22.2498,21.7361,10.3934,
2018/1/22,6.4007,24.5934,11.4624,10.0037,22.7398,21.4749,10.4333,
2018/1/23,6.3721,24.3598,11.3648,10.0678,22.9105,20.9816,10.483,
2018/1/24,6.4959,24.1846,11.4722,9.905,22.7769,21.1654,10.493,
2018/1/25,6.4483,24.0192,11.5113,10.0678,23.1332,21.9973,10.5129,
2018/1/26,6.4578,23.8927,11.3746,10.0136,22.9773,21.2234,10.5527,
2018/1/29,6.4292,22.8805,11.2574,9.8458,22.2275,20.643,10.5726,
2018/1/30,6.4388,22.9681,11.316,10.0432,22.2498,20.7978,10.5428,
2018/1/31,6.3626,21.3331,10.1834,9.826,22.324,20.5753,10.4532,
2018/2/1,6.0578,21.2747,9.6171,9.7421,20.8169,19.221,10.264,
2018/2/2,6.0768,20.9438,9.7636,9.5694,21.0694,19.3178,9.2386,
2018/2/5,6.1149,20.7784,9.4023,9.752,21.0025,18.6406,9.2386,
2018/2/6,6.4388,18.9779,9.0508,9.066,20.5051,17.8281,9.2386,
2018/2/7,6.8388,19.3866,8.9239,9.2782,20.3863,18.2924,9.2386,
2018/2/8,6.6864,19.5716,9.3633,9.3522,20.3047,18.4955,9.2386,
2018/2/9,6.153,18.7832,9.334,8.7995,19.6959,17.683,9.2386,
2018/2/12,6.2292,19.2991,9.5683,9.2782,20.5423,18.2827,9.2386,
2018/2/13,6.2483,19.2991,9.539,9.3818,20.5423,18.1183,9.2386,
2018/2/14,6.2102,19.1239,9.5585,9.5447,20.6536,18.3117,9.2386,
2018/2/22,6.2864,19.5521,9.5683,9.7026,21.3144,18.5342,9.2386,
2018/2/23,6.534,20.6129,9.4609,9.8161,21.1659,18.7567,9.2386,
2018/2/26,6.6007,20.7394,9.6659,9.8606,21.3069,18.9308,9.2386,
2018/2/27,6.5626,20.5156,9.7929,9.9346,21.0916,18.8921,9.2386,
2018/2/28,6.4768,20.2528,9.9003,10.0481,21.0545,18.5729,9.2386,
2018/3/1,6.534,20.5934,9.9003,10.0826,21.2401,18.7277,9.2386,
2018/3/2,6.4292,20.3112,9.8026,9.9198,21.1584,20.0239,9.2386,
2018/3/5,6.3721,20.72,9.7831,10.3097,21.1659,19.9175,9.2386,
2018/3/6,6.5911,20.7686,9.871,10.2652,21.8637,19.9272,9.2386,
2018/3/7,6.5245,20.9633,9.7733,10.6156,21.5816,19.7337,9.2386,
2018/3/8,6.5721,21.4985,10.0467,10.6995,22.2572,19.9659,9.2386,
2018/3/9,6.6197,21.7419,10.3299,10.7785,22.272,20.3915,9.2386,
2018/3/12,6.6292,21.7808,10.3592,10.897,22.6061,20.9042,9.2386,
2018/3/13,6.6197,21.372,10.3006,11.0894,22.183,20.4882,9.2386,
2018/3/14,6.4959,21.2358,10.2029,10.8081,22.0642,20.4592,9.2386,
2018/3/15,6.3626,20.5059,10.3592,10.8525,22.1755,19.8304,9.2386,
2018/3/16,6.353,20.5351,10.2225,10.6551,21.9008,19.9659,9.2386,
2018/3/19,6.4007,20.8562,10.613,10.739,21.9602,20.1884,9.2386,
2018/3/20,6.5626,21.3136,10.5154,10.9858,21.8415,20.2851,9.2386,
2018/3/21,6.4673,21.1871,10.3396,10.966,21.9231,20.111,9.2386,
2018/3/22,6.4292,21.3526,10.2615,10.6058,21.4628,19.9369,9.2386,
2018/3/23,6.0006,20.3404,10.1346,10.2208,20.7724,19.608,9.2386,
2018/3/26,6.0768,19.9025,10.4666,10.739,21.2401,19.6563,9.2386,
2018/3/27,6.2006,20.3891,10.6911,10.9364,21.7375,19.6853,9.2386,
2018/3/28,6.1244,20.6421,10.8278,10.4133,21.0916,19.3951,9.2386,
2018/3/29,6.1625,21.2747,10.8571,10.6403,20.8689,19.4532,9.2386,
2018/3/30,6.2102,21.5375,10.9645,10.5762,20.327,19.4822,9.2386,
2018/4/2,6.1244,21.5083,10.779,11.0055,19.785,19.4048,9.2386,
2018/4/3,6.0959,22.501,10.6521,10.5367,19.7924,19.9562,10.1645,
2018/4/4,6.1054,22.063,10.7595,10.4133,19.8295,19.724,11.1799,
2018/4/9,6.0959,22.4815,10.6521,10.2504,19.5177,19.3564,12.2949,
2018/4/10,6.153,22.4426,10.574,10.8575,19.8518,20.4012,12.1356,
2018/4/11,6.153,22.6178,10.5935,10.6403,19.7999,20.1787,13.0515,
2018/4/12,6.5721,22.3939,10.4861,11.0302,19.3099,20.3044,12.6035,
2018/4/13,6.6769,22.2966,10.6032,10.8575,19.3024,19.8498,12.2252,
2018/4/16,6.3149,21.8392,10.6423,10.897,18.6862,19.4048,12.733,
2018/4/17,6.134,21.2747,10.4373,10.2208,18.3299,18.9889,12.4144,
2018/4/18,6.2197,21.4888,10.4568,9.9741,18.4041,19.2694,12.2551,
2018/4/19,6.1721,21.0995,10.4275,10.1073,18.3002,19.3951,12.1954,
2018/4/20,6.0292,20.5545,10.2713,10.0234,18.5155,19.1727,11.8171,
2018/4/23,6.0578,20.4864,10.0955,9.8458,17.981,19.1049,11.9166,
2018/4/24,6.134,21.1093,10.7009,10.0876,18.5303,19.2113,12.0162,
2018/4/25,6.1244,21.7224,11.0328,9.979,18.4338,19.0469,12.1356,
2018/4/26,6.0101,21.8976,11.1109,9.8803,17.0455,18.3698,11.608,
2018/4/27,6.0578,20.6324,11.5503,9.9691,17.8919,18.3117,11.4786,
2018/5/2,6.0768,19.6786,11.6479,9.8112,17.736,18.747,12.6235,
2018/5/3,6.0578,20.2139,11.5991,10.1764,17.6543,18.4955,12.8524,
2018/5/4,6.0578,19.9706,11.4722,10.2554,18.2631,18.4278,13.0515,
2018/5/7,6.134,20.4377,11.5503,10.4627,18.4116,18.6213,12.8524,
2018/5/8,6.1435,20.7784,11.8823,10.4725,18.3819,18.7954,12.6334,
2018/5/9,6.1721,20.827,11.8432,10.3985,18.4116,18.8825,12.7131,
2018/5/10,6.1911,21.0703,11.7553,10.6551,18.3447,18.5536,12.6334,
2018/5/11,6.1149,20.6908,11.1793,10.3541,18.2334,18.3021,12.494,
2018/5/14,6.0482,20.4961,11.2867,10.5614,18.5972,18.6406,12.5836,
2018/5/15,6.0863,21.0703,11.3746,10.7094,18.612,18.6793,13.0515,
2018/5/16,6.0863,21.1093,11.3941,10.8871,18.8793,18.6309,13.6489,
2018/5/17,6.0481,21.3234,11.3062,10.8723,18.7976,18.8147,13.9674,
2018/5/18,6.115,21.3623,11.5601,10.8427,18.5749,18.9792,13.838,
2018/5/21,6.2969,21.6056,11.5601,10.8377,18.5526,19.4435,13.9376,
2018/5/22,6.2394,21.7905,11.2867,10.9512,18.6714,19.4048,15.0227,
2018/5/23,6.1246,21.4693,11.1185,10.5663,18.4338,19.1727,15.8391,
2018/5/24,6.1055,21.8586,11.2768,11.1585,18.6937,19.695,15.62,
2018/5/25,6.0672,21.9268,11.079,11.0253,18.1369,19.0566,15.5006,
2018/5/28,6.0385,21.2358,10.8119,11.3609,18.2482,19.192,15.4807,
2018/5/29,6.1055,21.1774,11.0493,11.0598,18.5081,19.9078,14.3457,
2018/5/30,5.7897,20.3501,10.4953,10.744,18.1443,19.6853,14.3457,
2018/5/31,5.8662,20.827,10.5844,10.9019,18.7828,19.8208,14.8634,
2018/6/1,5.8184,20.973,10.9108,10.7982,18.5897,20.3431,14.6544,
2018/6/4,5.7323,20.9925,10.7229,10.7144,18.4338,20.2077,14.3856,
2018/6/5,5.7992,21.6445,11.0295,11.7113,18.5897,20.0612,14.7041,
2018/6/6,5.7227,21.8002,11.1383,11.6274,18.7085,19.8952,15.1621,
2018/6/7,5.8088,21.4985,10.891,11.5583,18.4041,19.5826,15.0824,
2018/6/8,5.7131,21.3526,10.347,11.277,18.1814,19.7487,15.2616,
2018/6/11,5.6174,20.9293,10.159,10.9809,17.7657,18.9087,14.4553,
2018/6/12,5.6174,20.9391,10.2678,11.0401,17.8696,19.065,14.5946,
2018/6/13,5.426,20.2106,9.8524,10.4725,17.4613,18.772,14.3756,
2018/6/14,5.3399,20.2008,9.8326,10.3097,16.9713,18.7329,13.4796,
2018/6/15,5.1485,19.7085,9.3775,9.9494,16.3328,18.3813,13.9177,
2018/6/19,4.6796,17.8972,8.5071,9.4954,16.2809,16.7112,13.2805,
2018/6/20,4.737,18.3106,8.5961,9.599,16.3848,16.9358,13.9475,
2018/6/21,4.6987,17.6314,8.2795,9.3522,16.459,16.9065,13.2606,
2018/6/22,4.7274,17.8676,8.4081,9.4559,17.001,16.9553,14.3557,
2018/6/25,4.7179,17.8972,8.2103,9.2881,16.7075,16.5354,14.3159,
2018/6/26,5.1581,18.1236,8.3092,9.5003,16.9814,16.2424,14.3856,
2018/6/27,5.0432,18.0055,8.3785,9.5052,16.4826,15.7833,14.4254,
2018/6/28,4.8901,17.7397,8.2103,9.2733,16.3358,14.8945,13.8978,
2018/6/29,5.0145,18.2614,8.4576,9.599,16.7173,15.4415,14.296,
2018/7/2,4.9571,17.9956,8.3191,9.3769,15.8369,15.0801,14.9132,
2018/7/3,4.9954,18.3599,8.5664,9.3325,15.5826,15.4219,14.5249,
2018/7/4,5.0241,17.9169,8.329,8.7551,15.2598,15.4708,14.296,
2018/7/5,4.871,17.464,8.0421,8.6268,14.1349,15.1875,14.057,
2018/7/6,4.8614,17.5822,8.1905,8.9574,14.0371,15.0313,13.9475,
2018/7/9,4.8997,17.9464,8.3982,9.2042,14.7903,15.3438,14.3457,
2018/7/10,4.9093,18.1433,8.4279,9.3026,14.8588,15.4903,14.5249,
2018/7/11,4.7753,17.5329,8.2103,9.2464,15.5044,15.2461,14.1665,
2018/7/12,4.8614,18.0055,8.4774,9.4292,15.6511,15.588,14.3159,
2018/7/13,4.9475,18.0547,8.9423,10.0198,15.8565,15.9689,15.7495,
2018/7/16,4.8997,18.0842,9.15,9.8511,15.9152,15.9493,16.5558,
2018/7/17,4.9093,18.2024,9.0115,9.8159,15.6804,15.8907,15.7395,
2018/7/18,4.9284,18.2024,8.9126,9.7808,15.4261,15.9005,15.3413,
2018/7/19,4.8518,17.9169,8.7445,9.5417,15.4652,15.7345,15.5105,
2018/7/20,4.8901,18.0941,9.0412,9.6964,15.9641,16.0177,15.0227,
2018/7/23,4.8806,18.1728,8.6258,9.5628,15.8663,15.8028,13.5194,
2018/7/24,4.9571,18.4189,8.784,9.837,16.5021,16.174,13.4697,
2018/7/25,4.9667,18.4583,8.9621,9.6612,16.1695,16.174,13.4796,
2018/7/26,5.0432,18.3106,8.8335,9.5839,15.7978,15.9298,12.2905,
2018/7/27,4.9858,18.1728,8.8038,9.5979,15.5044,15.8321,11.0615,
2018/7/30,4.8614,18.0645,8.6357,9.2464,14.9566,15.3145,10.0123,
2018/7/31,4.9093,18.4977,8.6258,9.155,15.7391,15.2071,9.8624,
2018/8/1,4.7849,17.9366,8.3982,8.944,15.2892,15.0606,10.0722,
2018/8/2,4.6892,17.1293,8.1608,8.8807,15.2696,14.621,10.3021,
2018/8/3,4.8518,17.1392,8.5367,9.2112,15.7489,15.0801,10.5319,
2018/8/6,4.7561,17.0013,8.9918,8.3885,14.8881,14.4257,10.1522,
2018/8/7,4.8614,17.1982,8.9126,8.4729,14.9859,14.3573,10.1722,
2018/8/8,4.8997,16.6863,8.3982,8.4448,14.624,13.8592,9.8424,
2018/8/9,4.9093,16.9915,8.5466,8.6979,15.2305,14.1327,9.6925,
2018/8/10,4.8806,17.0702,8.5071,8.8667,15.475,14.2597,9.7625,
2018/8/13,4.8518,17.0998,8.4873,8.9299,15.6217,14.5234,9.3728,
2018/8/14,4.8423,17.1293,8.3191,8.8878,15.9445,14.5429,9.5227,
2018/8/15,4.8518,16.9029,8.0322,8.6909,15.387,14.5429,9.143,
2018/8/16,4.7944,16.8044,8.24,8.8878,15.5044,14.6015,9.103,
2018/8/17,4.7849,16.6371,8.24,8.5643,14.937,14.2401,8.7233,
2018/8/20,4.7849,16.519,8.4279,8.4307,14.5262,14.0253,8.8332,
2018/8/21,4.8136,16.5091,8.2993,8.5292,14.6827,14.0155,8.7433,
2018/8/22,4.8136,16.3614,7.9927,8.5784,14.2523,14.0936,8.5334,
2018/8/23,4.9571,16.7158,8.6752,8.6768,14.2131,14.9043,8.8932,
2018/8/24,4.8518,16.4796,8.606,8.4729,14.0664,14.9336,8.6433,
2018/8/27,4.871,16.7552,8.7247,8.6838,14.3501,14.8457,8.7033,
2018/8/28,4.8423,16.8044,8.6455,8.712,15.2207,14.5527,8.6134,
2018/8/29,4.8518,16.834,8.8632,8.8034,15.1131,14.5331,8.5934,
2018/8/30,4.7849,16.5682,8.5862,8.5713,14.9957,14.3476,7.8939,
2018/8/31,4.7561,16.3418,8.6851,8.4729,14.8294,14.2206,8.0938,
2018/9/3,4.7561,16.1941,9.0907,8.5151,14.7903,14.2694,7.844,
2018/9/4,4.7944,16.3614,9.0412,8.8245,14.9174,14.455,8.0138,
2018/9/5,4.737,16.2925,8.9126,8.6909,14.6533,14.0936,7.834,
2018/9/6,4.7274,16.3614,8.8335,8.6065,14.5751,14.0155,7.744,
2018/9/7,4.7561,16.5879,8.8038,8.7049,14.5946,14.4941,7.5342,
2018/9/10,4.7083,16.3811,8.3488,8.4448,14.6338,13.996,7.4243,
2018/9/11,4.6987,16.9521,8.2993,8.4026,14.8098,14.162,7.2444,
2018/9/12,4.6892,16.5386,8.1806,8.3674,14.849,13.9081,7.5342,
2018/9/13,4.7179,16.5583,8.1806,8.4729,14.8588,13.9569,7.3443,
2018/9/14,4.6796,16.1842,8.0619,8.4729,14.8979,13.9667,7.1345,
2018/9/17,4.6796,15.7117,8.0421,8.4518,14.7414,13.2732,7.1445,
2018/9/18,4.737,15.8791,8.2301,8.5081,14.8685,13.2732,7.8639,
2018/9/19,4.804,16.007,8.2202,8.5502,15.4359,13.3807,8.1837,
2018/9/20,4.7944,15.9874,8.1213,8.5573,15.4261,13.0974,8.0038,
2018/9/21,4.8327,16.1252,8.24,8.6557,15.6804,13.283,8.0238,
2018/9/25,4.8327,16.1252,8.3982,8.7049,15.7,13.449,8.8232,
2018/9/26,4.8614,16.1449,8.5071,8.7893,16.375,13.5467,8.7533,
2018/9/27,4.7274,15.82,8.4378,8.6557,16.1402,13.2927,8.6633,
2018/9/28,4.7466,15.9972,8.3884,8.6628,16.6488,13.3025,8.8032,
2018/10/8,4.6796,15.5247,8.0224,8.2831,16.3554,12.8728,8.4435,
2018/10/9,4.6892,15.5247,8.0421,8.2901,16.2576,12.4235,8.8132,
2018/10/10,4.6796,15.7314,7.9828,8.2127,16.2184,12.4528,8.7732,
2018/10/11,4.2777,14.2744,7.1815,7.5448,15.7783,11.2319,8.7433,
2018/10/12,4.2394,14.0382,6.9639,7.5026,16.0326,11.2319,9.123,
2018/10/15,4.115,14.0972,6.8947,7.4815,16.4532,10.8999,9.3028,
2018/10/16,4.0863,14.1268,6.5386,7.4112,16.2674,10.9878,10.0023,
2018/10/17,4.1245,14.235,6.5979,7.4463,16.864,10.8022,9.8524,
2018/10/18,4.0001,13.9003,6.41,7.2072,15.1816,10.6655,10.2921,
2018/10/19,4.0767,14.1858,6.5781,7.383,15.3576,10.6752,10.5819,
2018/10/22,4.2681,14.806,6.865,7.6994,16.5412,11.0952,11.641,
2018/10/23,4.2011,14.5501,6.9244,7.5377,16.6097,10.7143,12.7802,
2018/10/24,4.2394,14.5402,6.8155,7.5729,16.7956,10.9878,12.3905,
2018/10/25,4.2298,14.5304,6.6869,7.5448,16.5608,10.7924,12.6503,
2018/10/26,4.2777,14.5402,6.7661,7.4674,17.2553,10.9389,12.3705,
2018/10/29,4.2298,14.2843,6.8155,7.1932,16.8347,11.5835,11.5911,
2018/10/30,4.2585,14.5205,6.865,7.4885,17.2651,11.6812,12.1207,
2018/10/31,4.3064,14.7076,6.9244,7.8963,17.3531,11.5054,12.1007,
2018/11/1,4.3542,14.8651,6.9441,7.8893,17.0206,11.7886,12.2606,
2018/11/2,4.4212,15.1801,7.1618,8.262,17.4118,11.9058,12.8901,
2018/11/5,4.5073,15.4558,7.1716,8.1354,17.8716,12.1598,13.9892,
2018/11/6,4.4882,15.4656,7.231,8.1213,17.8325,11.9351,13.5995,
2018/11/7,4.4786,15.2687,7.2013,8.0932,17.852,12.2477,14.9585,
2018/11/8,4.4882,15.6526,7.1222,8.0018,17.7542,12.2379,15.0084,
2018/11/9,4.4691,15.6625,7.2013,8.058,17.6173,12.0426,14.0092,
2018/11/12,4.6222,16.2433,7.3893,8.1495,17.7542,12.1012,14.0492,
2018/11/13,4.67,16.2039,7.6267,8.3182,17.8031,12.5114,14.0792,
2018/11/14,4.6604,16.0366,7.6662,8.1916,17.3727,12.5798,15.1883,
2018/11/15,4.7179,16.2925,7.7157,8.3463,17.9694,12.7458,15.0884,
2018/11/16,4.9284,16.2532,7.7256,8.3674,17.9009,13.6248,14.9585,
2018/11/19,4.9667,16.3221,7.7454,8.2971,17.7249,13.5272,15.0684,
2018/11/20,4.9093,15.7511,7.3695,8.1213,17.089,12.9411,15.7479,
2018/11/21,4.8806,16.0169,7.7454,8.1776,17.1477,12.9509,15.3282,
2018/11/22,4.8901,16.263,7.6168,8.1073,17.0401,12.6384,15.0284,
2018/11/23,4.7466,15.3376,7.4486,7.8471,16.7467,12.1696,14.5988,
2018/11/26,4.7466,15.3376,7.2112,7.8401,16.864,12.1403,14.4189,
2018/11/27,4.7466,15.4361,7.2508,7.7698,17.0988,13.0876,14.1391,
2018/11/28,4.9093,15.6428,7.2805,7.8963,17.1086,13.0095,14.259,
2018/11/29,4.7466,15.1506,7.1123,7.7768,17.1086,13.0779,13.8593,
2018/11/30,4.737,15.4656,7.2805,7.8682,17.1477,13.1658,13.9692,
2018/12/3,4.8901,15.8791,7.4387,8.037,17.8031,13.3025,13.9393,
2018/12/4,4.8997,16.4008,7.5179,7.9455,17.8325,13.3123,13.9093,
2018/12/5,4.871,15.948,7.508,7.7909,18.0085,13.1365,13.7994,
2018/12/6,4.8231,15.5444,7.3695,7.7065,17.6955,13.0095,12.7202,
2018/12/7,4.7179,15.4951,7.2805,7.6502,17.7346,13.0779,13.5196,
2018/12/10,4.6892,15.2589,7.2706,7.4533,17.8227,12.7165,13.7194,
2018/12/11,4.6987,15.3672,7.3596,7.6221,18.165,12.8044,13.3897,
2018/12/12,4.6413,15.505,7.32,7.6573,18.0183,12.7849,13.2498,
2018/12/13,4.6317,15.6034,7.3596,7.6643,18.1846,12.736,13.3897,
2018/12/14,4.5265,15.4164,7.1519,7.5166,17.7346,12.3844,13.9892,
2018/12/17,4.4595,15.3573,7.32,7.4112,17.7836,12.3942,13.9792,
2018/12/18,4.4882,15.2392,7.0925,7.4393,17.8129,12.2672,13.5496,
2018/12/19,4.3351,15.0915,6.9837,7.3408,17.6564,12.0133,13.4496,
2018/12/20,4.3255,15.2096,7.0035,7.4815,17.5683,11.9058,12.8101,
2018/12/21,4.4021,15.121,6.9738,7.3127,17.3825,11.6519,12.7702,
2018/12/24,4.3734,15.1801,7.0035,7.4112,17.5879,12.111,12.8801,
2018/12/25,4.3255,14.9635,7.4189,7.4463,17.0597,11.8863,12.9101,
2018/12/26,4.2968,15.062,7.2211,7.4463,16.3358,11.857,12.5703,
2018/12/27,4.2489,14.678,7.1618,7.4463,16.0913,11.6031,12.3605,
2018/12/28,4.2681,14.6879,7.4288,7.4815,16.238,11.5347,12.6503,
2019/1/2,4.3638,14.8651,7.3695,7.3901,15.387,11.6324,11.9908,
2019/1/3,4.2202,15.062,7.1222,7.3268,15.3772,11.4077,11.1914,
2019/1/4,4.2968,15.2096,7.2112,7.5518,15.6707,11.9254,11.2214,
2019/1/7,4.3925,15.4361,7.3596,7.6713,15.3381,12.3258,11.5011,
2019/1/8,4.4403,15.4459,7.32,7.7135,15.6804,12.1403,11.5311,
2019/1/9,4.4499,15.5837,7.3794,7.6713,15.5728,12.1598,12.6802,
2019/1/10,4.4212,15.4361,7.3893,7.5729,15.4457,11.9156,12.8701,
2019/1/11,4.4308,15.7511,7.508,7.5658,15.4555,12.2379,12.6603,
2019/1/14,4.4595,15.4164,7.4783,7.6291,15.2598,12.5798,12.3405,
2019/1/15,4.4786,15.5936,7.508,7.7487,14.9174,12.4626,12.3505,
2019/1/16,4.4786,15.5936,7.5871,7.6643,15.0544,12.3942,12.2805,14.5702
2019/1/17,4.4021,15.3967,7.4387,7.5237,15.1816,12.0524,12.0607,16.0302
2019/1/18,4.4595,15.4459,7.4783,7.7698,14.8979,11.9742,12.0407,17.6293
2019/1/21,4.4882,15.6625,7.6564,7.6502,14.9664,12.0914,12.4204,19.3972
2019/1/22,4.4308,15.4459,7.4981,7.608,14.6925,11.9938,12.1606,21.3339
2019/1/23,4.4308,15.6822,7.597,7.6362,14.6044,11.7984,12.1107,23.4693
2019/1/24,4.4882,15.6133,7.6761,7.6573,14.1055,11.7691,12.1007,25.8133
2019/1/25,4.4021,15.5936,7.7652,7.7135,14.0469,11.8277,11.751,28.3956
2019/1/28,4.3829,15.6428,7.8047,7.6643,14.5849,11.6812,11.5311,31.2361
2019/1/29,4.2489,14.747,7.7256,7.3479,14.174,11.6031,12.0807,33.2027
2019/1/30,4.2298,14.5599,7.5772,7.2846,13.9197,11.4956,12.0807,29.8854
2019/1/31,4.1628,14.235,7.597,7.3268,13.9001,11.4663,11.7609,28.6737
2019/2/1,4.2681,14.6682,7.8443,7.4182,14.487,11.4956,12.3905,31.544
2019/2/11,4.3446,14.9734,8.0421,7.7065,15.5631,11.8375,12.2006,34.7024
2019/2/12,4.4595,15.19,8.0125,7.8893,15.6511,12.5309,12.8001,33.2126
2019/2/13,4.5839,15.4853,8.1015,7.9245,15.7391,12.5309,12.7702,34.5038
2019/2/14,4.4978,15.4656,8.1015,8.0088,15.8369,12.3942,12.6802,33.878
2019/2/15,4.5839,15.633,8.1213,8.0721,15.7783,12.5993,12.4904,34.8911
2019/2/18,4.67,15.9578,8.3488,8.4377,16.7467,13.4979,12.8301,35.9042
2019/2/19,4.6796,15.9283,8.3389,8.3252,16.4336,13.1072,12.6403,35.7055
2019/2/20,4.6892,16.007,8.3191,8.3323,16.2087,13.3025,12.5403,33.9873
2019/2/21,4.6509,15.7511,8.2993,8.2409,15.9348,12.8239,12.5803,33.5006
2019/2/22,4.6604,16.1055,8.4477,8.4659,16.3945,12.7849,12.5304,32.7458
2019/2/25,4.8423,16.6666,8.8335,8.6979,17.0695,13.283,12.97,34.315
2019/2/26,4.9093,17.0998,9.1599,8.6979,16.3554,13.3807,13.1898,37.7515
2019/2/27,4.8806,16.9718,9.1006,8.5362,15.6413,13.1755,12.8701,35.5764
2019/2/28,4.9762,17.8972,10.0106,8.5362,15.2402,13.3709,12.94,34.3746
2019/3/1,4.9667,18.1138,10.7031,8.4448,15.3674,13.2634,12.7302,35.348
2019/3/4,5.005,19.9251,10.7426,8.6135,15.8076,14.4062,13.9992,35.5565
2019/3/5,5.0719,19.9251,10.8317,8.7753,16.2869,14.455,14.7486,35.1891
2019/3/6,5.2346,19.5707,11.9198,8.8104,16.2478,14.6015,14.5988,36.6689
2019/3/7,5.3399,19.6495,11.6725,8.7753,17.0793,14.8555,14.6088,40.3338
2019/3/8,5.2442,18.4189,11.6032,8.501,16.6488,14.4648,13.5396,36.3014
2019/3/11,5.4643,19.1966,12.7408,9.0565,17.0695,15.0215,13.7394,35.9737
2019/3/12,5.5122,19.3443,12.9189,9.3518,16.8738,15.1485,13.9593,36.947
2019/3/13,5.3016,19.1474,12.3946,8.9932,16.3847,14.9629,13.5196,34.3746
2019/3/14,5.2442,18.6749,11.9791,8.8034,15.9935,14.0936,12.99,31.4745
2019/3/15,5.2346,18.793,12.4638,8.9159,15.9348,14.2304,13.2798,31.9016
2019/3/18,5.4165,18.9702,13.4431,9.2393,16.5315,14.5429,13.6495,32.8153
2019/3/19,5.3495,19.2065,13.4728,9.3307,16.5315,14.582,13.4197,32.9246
2019/3/20,5.3782,18.8619,13.0969,9.3589,16.9619,14.3866,13.2598,32.428
2019/3/21,5.3686,19.1277,13.1958,9.2886,17.1477,14.6601,13.3098,32.0505
2019/3/22,5.4452,19.9054,13.6904,9.4362,17.4901,14.4452,13.1799,32.4677
2019/3/25,5.3495,19.3738,13.7992,9.5628,17.6564,14.6992,13.1799,35.7155
2019/3/26,5.2251,18.5666,13.5618,9.2112,17.4607,14.2499,12.7902,34.6031
2019/3/27,5.3112,18.6257,13.819,9.2745,17.4999,13.8104,12.8601,32.9047
2019/3/28,5.3399,19.0194,13.1068,9.0776,16.8151,13.7323,12.7702,30.7197
2019/3/29,5.426,19.0293,13.9377,9.2815,17.3923,14.0057,12.98,31.2163
2019/4/1,5.56,19.4231,15.283,9.5417,17.6075,14.4062,13.1898,32.1995
2019/4/2,5.56,19.7971,15.3325,9.4573,17.539,14.5234,13.1699,31.981
2019/4/3,5.7418,19.6495,15.3325,9.5557,17.4216,14.6113,13.0599,32.4975
2019/4/4,5.6653,19.6987,14.2741,9.7175,17.3727,14.6308,12.96,32.4975
2019/4/8,5.6748,20.122,14.2642,9.7245,17.1379,15.0703,14.1791,33.014
2019/4/9,5.6366,19.7873,14.7291,9.6331,17.3336,14.8066,13.7194,31.4348
2019/4/10,5.7323,19.9547,16.203,9.7737,17.1477,14.8457,13.9892,31.1169
2019/4/11,5.5696,19.551,17.8253,9.4643,16.7173,14.2401,13.4596,30.2926
2019/4/12,5.5313,19.6692,17.6967,9.5909,16.463,14.2987,13.4297,30.9382
2019/4/15,5.5217,19.8956,17.0735,9.3518,16.0032,14.0155,14.0492,30.2926
2019/4/16,5.5409,20.9194,17.1625,9.394,16.3456,14.1034,14.229,30.1734
2019/4/17,5.627,23.0163,18.8837,9.387,16.2967,14.2011,14.1291,30.4118
2019/4/18,5.5983,23.666,18.7056,9.4151,15.8956,14.0643,14.3689,29.6371
2019/4/19,5.627,23.0753,19.1508,9.2745,15.7196,13.996,14.0892,29.8953
2019/4/22,5.6174,23.223,18.9628,9.3167,15.7293,14.0155,13.6495,30.4614
2019/4/23,5.6748,23.9023,18.2803,9.4292,15.2207,13.8495,13.6295,31.5937
2019/4/24,6.0002,23.6266,18.9925,9.612,15.4163,14.6406,13.3997,29.0312
2019/4/25,6.6031,23.2329,17.0933,9.9565,15.5728,14.6992,13.9892,29.1901
2019/4/26,6.1725,22.652,16.3217,9.6542,15.4946,14.2304,13.9792,27.164
2019/4/29,5.56,22.6816,17.9539,8.6909,15.5826,12.863,14.0192,24.4625
2019/4/30,5.66,22.465,19.7542,8.5854,15.7293,12.8044,14.7287,24.7009
2019/5/6,5.09,21.3723,17.8055,7.8963,15.2989,11.9058,14.239,22.2278
2019/5/7,5.09,23.1836,19.586,8.0299,15.788,11.984,15.6679,23.1713
2019/5/8,5.26,23.1344,21.5446,7.9807,15.8369,12.1891,16.2975,25.1875
2019/5/9,5.12,22.6323,23.7011,7.8049,15.2109,12.0231,15.0084,23.4991
2019/5/10,5.23,22.78,22.2568,8.051,15.475,12.2575,15.8378,24.0454
2019/5/13,5.15,23.8531,24.4825,8.0088,14.9664,12.4626,17.0569,24.8002
2019/5/14,5.05,22.5142,23.3054,7.9385,14.8685,12.1207,16.2975,24.1546
2019/5/15,5.31,21.9039,25.6399,8.2549,15.0348,12.3454,16.5473,24.5122
2019/5/16,5.37,20.4961,23.0779,8.3323,15.0348,12.3454,16.5573,25.0882
2019/5/17,5.25,18.4485,20.7731,8.3182,14.7903,11.7789,15.3282,23.5388
2019/5/20,5.1,16.9521,18.6957,8.3182,14.2816,11.6226,14.4089,22.7542
2019/5/21,5.18,17.0801,16.8262,8.4588,14.5164,12.5309,15.8478,23.4892
2019/5/22,5.29,16.5879,15.2336,8.4659,14.399,12.277,15.9477,23.0422
2019/5/23,5.12,15.82,13.73,8.276,14.2621,11.7593,14.5888,22.6648
2019/5/24,5.56,16.41,14.25,8.5081,14.7218,12.404,14.289,24.9293
2019/5/27,5.57,16.59,14.01,8.6628,14.6827,12.57,14.339,26.5582
2019/5/28,5.52,16.42,13.64,8.6768,14.536,12.4,14.0592,29.21
2019/5/29,5.43,16.46,13.36,8.719,14.311,12.4,14.1391,32.13
2019/5/30,5.91,16.7,13.55,8.8948,14.5555,12.85,13.7894,35.34
2019/5/31,5.79,16.63,12.84,9.0706,14.4479,12.8,13.6395,38.87
2019/6/3,5.6,16.14,12.43,8.9581,14.3794,12.98,13.6395,34.98
2019/6/4,5.09,15.88,12.04,8.6909,14.624,12.86,13.0999,31.48
2019/6/5,5.19,15.98,11.79,9.2112,15.1326,13.21,12.7902,30.12
2019/6/6,5.08,16.12,11.29,9.0846,14.5457,12.91,12.0407,29.1
2019/6/10,5.1,16.11,11.2,9.0284,14.5653,12.93,12.0707,29.69
2019/6/11,5.26,16.7,11.84,9.2464,15.0348,13.16,12.7402,30.44
2019/6/12,5.22,16.52,11.33,9.2956,15.1033,12.94,12.5204,30.8
2019/6/13,5.21,16.53,11.75,9.2464,15.1522,12.96,12.6403,29.53
2019/6/14,5.08,16.05,11.56,9.2745,14.9566,12.5,12.8501,27.25
2019/6/17,5.1,17.66,12.13,9.0073,14.7903,12.54,13.5496,27.2
2019/6/18,5.09,18.03,11.91,9.0143,14.8196,12.45,13.5795,27.49
2019/6/19,5.12,19.83,11.9,9.0565,14.9272,12.59,13.9093,28.86
2019/6/20,5.17,21.7,10.75,9.0214,15.0446,12.58,13.7994,28.02
2019/6/21,5.22,21.66,11.83,9.1409,15.2207,12.76,14.0692,28.13
2019/6/24,5.18,20.86,11.78,9.2604,15.4652,12.58,13.9593,29.1
2019/6/25,5.1,21.27,11.59,9.1831,15.3479,12.38,13.7894,27.8
2019/6/26,5.09,21.14,11.39,9.4503,15.5435,12.31,14.229,27.8
2019/6/27,5.15,22.8,11.25,9.8089,15.5631,12.32,13.9093,28.05
2019/6/28,5.06,22.58,11.1,9.7386,15.3479,12.12,13.8593,26.84
2019/7/1,5.18,21.9,11.63,9.9214,15.6804,12.41,13.9892,27.47
2019/7/2,5.2,21.81,12.3,10.28,16.1402,12.58,13.7694,28.74
2019/7/3,5.16,22.05,13.25,10.7722,16.1011,13.15,13.7694,28.36
2019/7/4,5.19,19.85,13.01,10.2378,15.9445,13.01,13.3897,28.92
2019/7/5,5.2,19.45,12.85,10.4769,16.1695,13.58,13.4796,31.81
2019/7/8,5.07,18.88,13.17,10.3995,15.7,13.58,12.93,30.87
2019/7/9,5.08,18.77,12.89,10.5191,15.77,13.59,12.7702,29.1
2019/7/10,5.06,18.73,12.8,10.5472,15.51,13.01,12.6503,27.7
2019/7/11,5.03,19.14,13.48,11.0675,15.37,13.33,12.5503,28.19
2019/7/12,5.04,19.58,13.1,11.0675,15.24,13.21,12.8401,27.16
2019/7/15,5.03,19.48,12.6,10.73,15.19,12.8,13.04,27.3
2019/7/16,5.19,20.15,12.43,10.85,14.95,12.62,13.1399,27.72
2019/7/17,5.14,20.09,12.53,10.47,14.72,12.53,12.99,27.69
2019/7/18,5.05,20.2,11.94,10.5,14.57,12.3,12.75,26.59
2019/7/19,5.05,20,12.16,11,14.59,12.3,12.67,26.61
2019/7/22,4.96,20.93,11.51,11.03,14.46,12.09,12.36,24.77
2019/7/23,5,20.75,11.99,10.82,14.64,12.3,12.49,25.25
2019/7/24,5,20.97,11.87,10.73,14.82,12.4,12.47,25.4
2019/7/25,5,20.74,11.91,10.6,14.87,12.32,12.23,25.67
2019/7/26,4.99,22.61,11.71,10.57,14.98,12.37,12.58,25.92
2019/7/29,4.97,24.13,11.58,10.92,15.12,12.44,12.39,25.53
2019/7/30,4.98,23.1,11.65,10.96,15.41,12.45,12.5,25.59
2019/7/31,4.92,22.79,11.83,11.5,15.39,12.68,12.33,25.39
2019/8/1,4.98,23.28,13.01,12.39,15.74,13.23,13.05,26.17
2019/8/2,4.92,23.15,14.31,13.14,16.04,13.91,13.26,26.85
2019/8/5,4.77,23.68,13.9,12.55,15.57,13.55,12.74,26.71
2019/8/6,4.6,23.12,14.02,12.55,15.57,13.2,12.15,26.21
2019/8/7,4.68,23.08,13.5,12.64,15.16,12.79,12.12,26.77
2019/8/8,4.7,23.2,13.41,12.6,15.43,12.86,12.05,28.06
2019/8/9,4.64,23.12,13.04,12.62,15.1,12.53,12.18,26.84
2019/8/12,4.82,22.9,14.03,13.88,16.4,13.59,12.6,28.71
2019/8/13,4.71,21.38,13.95,14.82,16.37,13.59,12.18,28.4
2019/8/14,4.68,21.27,13.46,14.66,16.17,13.28,12.26,28.01
2019/8/15,4.74,20.29,13.29,14.72,16.12,14,12.35,27.4
2019/8/16,4.86,19.82,13.81,16.19,17.15,15.06,12.55,28.92
2019/8/19,4.98,19.88,14.43,16.53,17.43,16.57,12.97,29.45
2019/8/20,4.88,20.15,13.96,15.98,17.01,16.64,13.17,29.91
2019/8/21,4.86,20.12,13.65,15.45,16.68,16.05,13.03,29.72
2019/8/22,4.97,21.08,14.26,15.85,16.9,17.66,13.31,30.59
2019/8/23,4.94,20.58,15.13,15.32,16.9,17.15,13.09,29.02
2019/8/26,4.97,19.49,15.64,15.23,16.5,16.98,12.91,28.43
2019/8/27,5.13,19.39,15.6,15.63,16.69,16.85,13.34,28.87
2019/8/28,5.23,19.67,15.78,17.19,17.1,18.08,13.36,31.76
2019/8/29,5.06,19.3,15.07,16.71,16.6,17.61,13.1,29.99
2019/8/30,4.96,18.57,14.26,16.3,16.3,17.62,13.01,29.98
2019/9/2,5.12,19.25,14.48,16.61,16.6,17.86,13.07,30.43
2019/9/3,5.13,19.28,14.54,16.2,16.4,17.8,12.96,30.95
2019/9/4,5.12,19.1,15.27,16.75,16.77,18.94,12.89,31.12
2019/9/5,5.13,19.2,14.94,16.56,16.61,19.01,12.99,30.8
2019/9/6,5.64,19.99,15.4,17.55,17.54,20.4,13.31,31.5
2019/9/9,5.88,19.96,15.54,17.77,18.24,21.01,13.34,31.85
2019/9/10,6.46,20.38,15.63,18.21,18.5,20.71,13.47,31.58
2019/9/11,6.11,19.97,15.19,17.12,17.89,21.02,12.93,32.72
2019/9/12,5.93,19.93,15,16.1,18.02,19.94,12.59,31.91
2019/9/16,5.95,19.9,15.16,15.35,17.73,19.58,12.42,31.82
2019/9/17,5.71,19.46,14.53,14.96,17.62,18.94,12.26,30.2
2019/9/18,5.81,19.51,14.34,15.63,17.77,19.7,12.4,30.71
2019/9/19,5.86,19.44,14.36,16.21,17.8,20.85,12.35,30.97
2019/9/20,5.71,19.55,14.01,15.76,17.55,21.05,12.44,30.71
2019/9/23,5.85,19.09,13.91,15.39,18.14,19.65,12.32,29.88
2019/9/24,5.99,19.22,14.02,15.17,18.57,19.65,12.27,29.52
2019/9/25,5.96,18.85,13.55,14.81,18.3,18.99,12.07,29.1
2019/9/26,5.68,18.2,12.66,14.26,18.04,18.82,11.71,27.86
2019/9/27,5.72,18.31,12.77,14.24,18.53,18.43,11.72,28.17
2019/9/30,5.99,17.97,12.77,14.24,18.87,18.45,11.97,27.79
