ÈÕÆÚ,000629.SZ,000655.SZ,000762.SZ,000833.SZ,000923.SZ,600295.SH,600532.SH,601969.SH,603505.SH,900936.SH
2014/1/2,2.1495,7.3904,10.6498,6.4096,5.6899,8.3789,7.5306,,,0.8759
2014/1/3,2.1197,7.2918,10.4202,6.2619,5.6799,8.2008,7.5405,,,0.8578
2014/1/6,2.05,7.1539,10.0909,5.9567,5.5501,8.2102,7.2247,,,0.8523
2014/1/7,2.04,7.1933,10.0809,5.9567,5.5501,8.2008,7.1753,,,0.8541
2014/1/8,2.04,7.1539,10.001,5.9567,5.5102,8.3695,7.1062,,,0.8686
2014/1/9,1.9903,7.1144,9.7914,5.868,5.4203,8.9225,6.9582,,,0.8813
2014/1/10,1.9505,6.7499,9.5918,5.6613,5.1908,8.5757,6.7213,,,0.8487
2014/1/13,1.9604,6.7006,9.7814,5.6514,5.1708,8.0883,6.7904,,,0.8297
2014/1/14,1.9704,6.7203,9.8513,5.7499,5.2806,8.2196,6.899,,,0.8415
2014/1/15,1.9405,6.6809,9.9212,5.7893,5.2706,8.2008,6.8792,,,0.8541
2014/1/16,1.9505,6.7597,10.3703,5.7499,5.3205,7.7041,6.9779,,,0.8433
2014/1/17,1.9206,6.6612,10.0709,5.7105,5.2307,7.3948,6.8891,,,0.8342
2014/1/20,1.9007,6.602,9.8912,5.6317,5.2107,7.4698,6.7213,,,0.8288
2014/1/21,1.9107,6.6415,9.9811,5.6514,5.3006,7.4042,6.7904,,,0.836
2014/1/22,1.9505,6.7794,10.2106,5.7597,5.4104,7.6104,6.9483,,,0.8478
2014/1/23,1.9405,6.7696,10.1108,5.8582,5.3904,7.5073,6.9878,,,0.8415
2014/1/24,1.9505,6.8977,10.3504,5.9763,5.4802,7.5541,7.047,,,0.8469
2014/1/27,1.9206,6.7893,10.2705,5.937,5.7398,7.376,6.8299,,,0.8333
2014/1/28,1.9405,6.7499,10.2805,5.9173,5.6599,7.2917,6.9089,,,0.8306
2014/1/29,1.9405,6.7597,10.2705,5.9763,5.7398,7.3292,6.9286,,,0.8396
2014/1/30,1.9107,6.6809,10.1607,6.1142,5.8995,7.4323,6.899,,,0.8315
2014/2/7,1.9206,6.7597,11.1788,6.1536,5.8196,7.5635,6.899,,,0.8324
2014/2/10,1.9604,6.9272,12.2967,6.252,5.8596,7.676,7.0964,,,0.8351
2014/2/11,2.0002,7.0159,12.2867,6.1733,5.8097,7.601,7.1951,,,0.8306
2014/2/12,1.9903,7.0258,12.2268,6.1634,5.9893,7.6385,7.2543,,,0.8351
2014/2/13,1.9903,6.9765,11.8874,6.1043,5.8596,7.5354,7.1852,,,0.8261
2014/2/14,2.0102,7.0258,12.0771,6.1536,5.9993,7.6197,7.4418,,,0.807
2014/2/17,2.0201,7.1243,12.2168,6.1831,6.0392,7.8634,7.4517,,,0.8088
2014/2/18,1.9903,7.0159,12.3665,6.065,6.1391,7.8447,7.3431,,,0.798
2014/2/19,2.0002,7.0947,12.3665,6.0846,6.0792,7.8259,7.4023,,,0.7989
2014/2/20,2.0102,7.0356,12.097,6.1536,5.8695,7.9759,7.274,,,0.8088
2014/2/21,1.9803,7.0258,11.9673,6.2126,5.9294,7.8634,7.126,,,0.8097
2014/2/24,1.9405,6.7991,11.6978,6.1831,5.9195,7.4885,7.0668,,,0.7817
2014/2/25,1.9206,6.6119,10.9592,6.0945,5.7997,7.0855,6.8299,,,0.7563
2014/2/26,1.9306,6.7499,11.5381,5.9862,5.7797,6.973,6.9187,,,0.7491
2014/2/27,1.9306,6.6119,11.8675,5.9567,5.8596,6.8793,6.8398,,,0.7418
2014/2/28,1.9306,6.74,12.3965,6.5572,5.8795,6.9918,6.9483,,,0.7427
2014/3/3,1.9405,6.7991,12.4264,7.0397,6.1291,7.1699,7.0174,,,0.7518
2014/3/4,1.9206,6.8878,13.3247,6.8625,6.159,7.0761,7.1852,,,0.7436
2014/3/5,1.9107,6.7696,13.0452,6.7246,6.0892,7.2542,7.0964,,,0.7735
2014/3/6,1.9306,6.7893,12.5761,6.7345,6.2888,7.2448,7.0766,,,0.7726
2014/3/7,1.9903,6.7499,12.656,6.6655,6.3287,7.273,7.1161,,,0.769
2014/3/10,1.9007,6.3754,11.9773,6.5376,6.0392,7.0105,6.82,,,0.7518
2014/3/11,1.9007,6.3557,11.8775,6.5868,6.6482,6.9449,6.8299,,,0.7482
2014/3/12,1.8908,6.3656,12.107,6.8034,7.317,7.0012,6.9286,,,0.75
2014/3/13,1.8908,6.4148,12.0771,6.892,7.9858,7.0574,7.0668,,,0.7545
2014/3/14,1.8709,6.3261,11.8575,6.7345,7.4467,7.0105,7.0174,,,0.7427
2014/3/17,1.9007,6.4247,12.3466,7.0791,8.1954,7.2448,7.1951,,,0.7545
2014/3/18,1.9007,6.3951,12.3266,6.9314,8.1056,7.3573,7.1753,,,0.759
2014/3/19,1.9107,6.405,12.4164,6.7542,8.9141,7.4698,7.1852,,,0.7545
2014/3/20,1.8808,6.3853,11.7377,6.6459,9.4831,7.1792,6.9483,,,0.7418
2014/3/21,1.9306,6.7006,11.9473,6.8034,9.0838,7.3386,7.1753,,,0.7201
2014/3/24,1.9604,6.7203,11.9972,6.764,9.6927,7.3573,7.2839,,,0.7463
2014/3/25,1.9505,6.7006,11.9473,6.7935,8.994,7.273,7.3333,,,0.7626
2014/3/26,1.9405,6.8484,12.127,6.7738,8.984,7.2167,8.0537,,,0.7735
2014/3/27,1.9206,6.6316,11.7876,6.7738,8.8143,7.3198,7.7478,,,0.7753
2014/3/28,1.9206,6.6415,11.3085,6.7738,7.9558,7.2542,7.6392,,,0.7753
2014/3/31,1.9206,6.7203,11.3884,6.7738,8.1056,7.123,7.4319,,,0.7826
2014/4/1,1.9306,6.8977,11.3984,6.7738,8.1954,7.1324,7.4714,,,0.7871
2014/4/2,1.9604,6.8681,11.4483,6.7738,8.3551,7.1886,7.501,,,0.788
2014/4/3,1.9405,6.8188,11.3884,6.7738,7.9758,7.0761,7.3925,,,0.7944
2014/4/4,1.9604,6.9075,11.6878,6.7738,8.1754,7.1511,7.4418,,,0.7944
2014/4/8,1.9803,7.0159,11.7776,6.7738,7.9159,7.3104,7.5405,,,0.7998
2014/4/9,1.9803,6.9666,11.7277,6.7738,8.0157,7.3386,7.501,,,0.807
2014/4/10,2.0201,6.9371,11.9473,6.7738,8.1355,7.3573,7.4813,,,0.8079
2014/4/11,2.0002,6.8484,11.7477,6.7738,8.2753,7.6853,7.58,,,0.8107
2014/4/14,1.9903,6.9174,11.7677,6.7738,8.7844,7.6853,7.5701,,,0.7962
2014/4/15,1.9604,6.7696,11.8176,6.7738,8.8143,7.6385,7.4221,,,0.7962
2014/4/16,1.9704,6.7991,11.4583,6.7738,8.6746,7.6478,7.4023,,,0.7953
2014/4/17,1.9604,6.7597,11.4982,6.7738,8.1455,7.5635,7.4023,,,0.7998
2014/4/18,1.9604,6.7499,11.5381,6.7738,7.9858,7.601,7.4122,,,0.798
2014/4/21,1.9306,6.6415,11.4882,6.7738,7.6663,7.3104,7.1753,,,0.7862
2014/4/22,1.9107,6.8287,11.4782,6.7738,7.7662,7.273,7.2543,,,0.7808
2014/4/23,1.9206,7.0947,11.4483,6.7738,7.6065,7.1886,7.2543,,,0.7844
2014/4/24,1.9306,6.878,11.069,6.7738,7.307,7.2167,7.0949,,,0.7826
2014/4/25,1.9405,6.5922,10.9792,6.7738,6.9576,7.0855,6.9852,,,0.779
2014/4/28,1.8908,6.2572,10.54,6.7738,6.8378,6.8699,6.776,,,0.7518
2014/4/29,1.9107,6.3656,10.54,6.7738,6.9776,6.9543,6.8258,,,0.7536
2014/4/30,1.9107,6.3853,10.54,6.7738,7.0874,6.9449,6.8956,,,0.7509
2014/5/5,1.9107,6.4641,10.54,6.7738,7.1872,7.0293,6.9354,,,0.7264
2014/5/6,1.9505,6.4444,10.54,6.7738,7.1672,7.0293,6.9554,,,0.7264
2014/5/7,1.9107,6.3853,10.54,6.7738,6.9876,7.0293,6.7959,,,0.7264
2014/5/8,1.9107,6.4148,10.54,6.7738,7.6863,7.0293,6.8059,,,0.7264
2014/5/9,1.9704,6.4937,10.54,6.7738,7.7861,7.0293,6.8657,,,0.7264
2014/5/12,2.1595,7.0159,10.54,6.7738,7.886,7.0293,7.2643,,,0.7264
2014/5/13,2.0799,6.8681,10.54,6.7738,7.9458,7.0293,7.1048,,,0.7264
2014/5/14,2.1993,6.9863,10.54,6.7738,7.7362,7.0293,7.055,,,0.7264
2014/5/15,2.1396,6.8484,10.54,6.7738,7.2371,7.0293,6.9952,,,0.7264
2014/5/16,2.1097,6.7893,10.54,6.7738,7.6763,7.0293,6.9952,,,0.7264
2014/5/19,2.1893,6.9075,10.54,6.7738,7.3769,7.0293,7.0351,,,0.7264
2014/5/20,2.1396,6.7794,10.54,6.7738,7.3968,7.0293,6.9753,,,0.7264
2014/5/21,2.1595,6.8977,10.54,6.7738,7.5066,7.0293,7.0251,,,0.7264
2014/5/22,2.0898,6.7893,10.54,6.7738,7.9159,7.0293,6.9653,,,0.7264
2014/5/23,2.0799,6.8582,10.54,6.7738,7.836,7.0293,7.045,,,0.7264
2014/5/26,2.0799,6.8582,10.54,6.7738,7.9359,7.0293,7.055,,,0.7264
2014/5/27,2.06,7.0061,10.54,6.7738,7.9259,7.0293,7.0052,,,0.7264
2014/5/28,2.0699,6.9174,10.54,6.7738,7.9558,7.0293,7.055,,,0.7264
2014/5/29,2.04,6.7794,10.54,6.7738,7.6763,7.0293,6.9554,,,0.7264
2014/5/30,2.0799,6.7696,10.54,6.7738,7.4567,7.0293,6.9653,,,0.7264
2014/6/3,2.0799,6.7991,10.54,6.7738,7.5466,7.0293,7.0749,,,0.7264
2014/6/4,2.0201,6.6119,10.54,6.7738,7.4467,7.0293,6.9952,,,0.7264
2014/6/5,2.0301,6.6809,10.54,6.7738,7.5066,7.0293,7.0351,,,0.7264
2014/6/6,2.0301,6.602,10.54,6.7738,7.7362,7.0293,7.0351,,,0.7264
2014/6/9,2.0102,6.5429,10.54,6.7738,7.4767,7.0293,6.9653,,,0.7264
2014/6/10,2.0201,6.602,10.54,6.7738,7.5865,7.0293,6.9952,,,0.7264
2014/6/11,2.0201,6.6316,10.54,6.7738,7.7362,7.0293,6.9354,,,0.7264
2014/6/12,2.0201,6.6612,10.54,6.7738,8.0557,7.0293,6.9852,,,0.7264
2014/6/13,2.0301,6.74,10.54,6.7738,7.9858,7.0293,6.9952,,,0.7264
2014/6/16,2.0301,6.7203,10.54,6.7738,8.1355,7.0293,7.0251,,,0.7264
2014/6/17,2.0102,6.74,10.54,6.7738,8.1455,7.0293,6.9554,,,0.7264
2014/6/18,2.0699,6.76,10.54,6.7738,7.8061,7.0293,6.9055,,,0.7264
2014/6/19,1.9903,6.45,10.54,6.7738,7.4667,7.0293,6.8457,,,0.7264
2014/6/20,2.0002,6.54,10.54,6.7738,7.4867,7.0293,6.8158,,,0.7264
2014/6/23,2.0301,6.75,10.54,6.7738,7.5865,7.0293,6.9952,,,0.7264
2014/6/24,2.05,6.75,10.54,6.7738,7.6564,7.0293,6.9852,,,0.7264
2014/6/25,2.0301,6.66,10.54,6.7738,7.5965,7.0293,6.9155,,,0.7264
2014/6/26,2.05,6.89,10.54,6.7738,7.876,7.0293,6.9952,,,0.7264
2014/6/27,2.06,6.85,10.54,6.7738,7.9658,7.0293,7.1048,,,0.7264
2014/6/30,2.0699,6.87,10.54,6.7738,7.9359,7.0293,7.2643,,,0.7264
2014/7/1,2.06,6.96,10.54,6.7738,7.9558,7.0293,7.1646,,,0.7264
2014/7/2,2.0699,7.02,10.54,6.7738,7.9858,7.0293,7.1845,,,0.7264
2014/7/3,2.0799,7.22,10.54,6.7738,8.0257,7.0293,7.2643,,,0.7264
2014/7/4,2.06,7.09,10.54,6.7738,8.3751,7.0293,7.1546,,,0.7264
2014/7/7,2.06,7,10.54,6.7738,8.7844,7.0293,7.1646,,,0.7264
2014/7/8,2.05,7.05,10.54,6.7738,8.6746,7.0293,7.1746,,,0.7264
2014/7/9,2.05,7.1,10.54,6.7738,8.2753,7.0293,7.3141,,,0.7264
2014/7/10,2.06,7.38,10.54,6.7738,8.1655,7.0293,8.0415,,,0.7264
2014/7/11,2.08,7.34,10.54,6.7738,8.1355,7.0293,8.0415,,,0.7264
2014/7/14,2.09,7.37,10.54,6.7738,8.2353,7.0293,8.0415,,,0.7264
2014/7/15,2.11,7.39,10.54,6.7738,8.6346,7.0293,8.0415,,,0.7264
2014/7/16,2.09,7.17,10.54,6.7738,8.4549,7.0293,8.0415,,,0.7264
2014/7/17,2.1,7.25,10.54,6.7738,8.2251,7.0293,8.0415,,,0.7264
2014/7/18,2.09,7.16,10.54,6.7738,8.295,7.0293,8.0415,,,0.7264
2014/7/21,2.1,7.02,10.54,6.7738,8.5449,7.0293,7.6429,,,0.7264
2014/7/22,2.13,7.12,10.54,6.7738,8.5449,7.0293,7.7127,,,0.7264
2014/7/23,2.13,7.2,10.54,6.7738,8.5749,7.0293,7.5233,,,0.7264
2014/7/24,2.17,7.35,10.54,6.7738,8.295,7.0293,7.3938,,,0.7264
2014/7/25,2.25,7.51,10.54,6.7738,8.6248,7.0293,7.6628,,,0.7264
2014/7/28,2.31,7.58,11.59,6.7738,8.5949,7.0293,7.892,,,0.7264
2014/7/29,2.29,7.67,12.75,6.7738,8.6948,7.0293,8.0415,,,0.7264
2014/7/30,2.28,7.66,14.03,6.7738,8.5049,7.0293,8.2807,,,0.7264
2014/7/31,2.34,8.01,15.15,6.7738,8.5849,7.0293,8.4102,,,0.7264
2014/8/1,2.3,7.71,15.12,6.7738,8.5049,7.0293,8.0216,,,0.7264
2014/8/4,2.36,7.9,15.11,6.7738,8.5649,7.0293,8.2308,,,0.7264
2014/8/5,2.38,7.84,14.62,6.7738,8.5949,7.0293,8.171,,,0.7264
2014/8/6,2.62,8.07,15.65,6.7738,8.5449,7.0293,8.4102,,,0.7264
2014/8/7,2.58,7.85,15.97,6.7738,8.335,7.0293,8.1312,,,0.7264
2014/8/8,2.52,7.8,16.62,6.7738,8.285,7.0293,8.1113,,,0.7264
2014/8/11,2.52,7.87,16.5,6.7738,8.395,7.0293,8.2109,,,0.7264
2014/8/12,2.52,7.82,16.4,6.7738,8.6348,7.0293,8.181,,,0.7264
2014/8/13,2.63,7.9,17.83,6.7738,8.5649,7.0293,8.2209,,,0.7264
2014/8/14,2.52,7.67,17.07,6.7738,8.4549,7.0293,8.0614,,,0.7264
2014/8/15,2.52,7.73,17.08,6.7738,8.5649,7.0293,8.1113,,,0.7264
2014/8/18,2.5,7.86,16.91,6.7738,8.7248,7.0293,8.2308,,,0.7264
2014/8/19,2.53,7.87,16.6,6.7738,8.8547,7.0293,8.2707,,,0.7264
2014/8/20,2.47,7.83,16.61,6.7738,8.8547,7.0293,8.3205,,,0.7264
2014/8/21,2.46,7.82,16.21,6.7738,8.6948,7.0293,8.2607,,,0.7264
2014/8/22,2.47,7.94,16.03,6.7738,8.9746,7.0293,8.4401,,,0.7264
2014/8/25,2.45,7.76,15.9,6.7738,8.8447,7.0293,8.5298,,,0.7264
2014/8/26,2.39,7.57,15.28,7.4532,8.4549,7.0293,8.1312,,,0.7264
2014/8/27,2.36,7.5,15.2,8.2015,8.4549,7.0293,8.1611,,,0.7264
2014/8/28,2.37,7.51,15.15,9.0187,8.1651,7.0293,7.9319,,,0.7264
2014/8/29,2.37,7.56,15.23,8.5362,8.2651,7.0293,7.902,,,0.7264
2014/9/1,2.43,7.65,15.48,8.6248,8.5049,7.0293,8.0814,,,0.7264
2014/9/2,2.46,7.8,15.6,8.6347,8.7248,7.0293,8.2607,,,0.7264
2014/9/3,2.49,7.83,15.62,8.615,9.0646,7.0293,8.2408,,,0.7264
2014/9/4,2.48,7.85,15.64,8.6248,9.0646,7.0293,8.2707,,,0.7264
2014/9/5,2.51,7.92,15.6,8.4968,8.9247,7.0293,8.5597,,,0.7264
2014/9/9,2.59,8.09,15.43,8.6642,9.0746,7.0293,9.3568,,,0.7264
2014/9/10,2.67,8.13,15.82,8.7135,9.1645,7.0293,10.0643,,,0.7264
2014/9/11,2.58,7.96,15.53,8.615,9.1445,7.0293,9.8451,,,0.7264
2014/9/12,2.61,7.99,15.38,8.6347,9.4044,7.0293,9.7355,,,0.7264
2014/9/15,2.63,8.22,15.36,8.6741,9.4244,7.0293,9.4565,,,0.7264
2014/9/16,2.71,7.97,14.72,8.3295,8.9446,7.0293,9.2074,,,0.7264
2014/9/17,2.69,8.01,14.86,8.3787,9.1145,7.0293,9.3668,,,0.7264
2014/9/18,2.72,8,14.87,8.4673,9.1345,7.0293,9.3568,,,0.7264
2014/9/19,2.72,8.02,15.28,8.5953,9.2844,7.0293,9.4166,,,0.7264
2014/9/22,2.58,7.83,15.17,8.6741,9.0646,7.0293,9.1077,,,0.7264
2014/9/23,2.58,7.92,15.21,8.7036,9.1345,7.0293,9.2672,,,0.7264
2014/9/24,2.63,8.02,15.38,8.9399,9.2445,7.0293,9.4665,,,0.7264
2014/9/25,2.62,8,15.33,8.8316,9.1845,7.0293,9.3867,,,0.7264
2014/9/26,2.59,8.01,15.62,8.9891,9.1445,7.0293,9.3867,,,0.7264
2014/9/29,2.61,8.12,15.53,9.0088,9.3444,7.0293,9.3568,,,0.7264
2014/9/30,2.7,8.14,15.61,8.9005,9.5643,7.0293,9.4266,,,0.7264
2014/10/8,2.72,8.23,15.5,8.8808,9.7742,7.0293,9.7156,,,0.7264
2014/10/9,2.77,8.23,15.96,8.8513,9.6642,7.0293,9.7156,,,0.7264
2014/10/10,2.8,8.21,15.61,8.8021,9.4643,7.0293,9.7156,,,0.7264
2014/10/13,2.92,8.43,15.31,8.9005,9.6642,7.0293,9.7156,,,0.7264
2014/10/14,2.91,8.28,15.16,8.999,9.5843,7.0293,9.7156,,,0.7264
2014/10/15,3.08,8.21,14.93,8.9793,9.6043,7.0293,9.7156,,,0.7264
2014/10/16,3.08,8.03,14.38,8.999,9.7642,7.0293,9.7156,,,0.7264
2014/10/17,3.08,7.85,14.31,9.255,10.7436,7.0293,9.7156,,,0.7264
2014/10/20,3.08,7.95,14.49,9.698,10.5237,7.0293,9.7156,,,0.7264
2014/10/21,3.08,7.81,14.24,9.4223,10.4537,7.0293,9.7156,,,0.7264
2014/10/22,3.08,7.67,14.11,8.9793,10.104,7.0293,9.7156,,,0.7264
2014/10/23,2.77,7.58,13.7,8.5658,9.5543,7.0293,9.7156,,,0.7264
2014/10/24,2.67,7.59,14.06,8.6445,9.3944,7.0293,9.7156,,,0.7264
2014/10/27,2.68,7.62,14.22,8.487,9.4444,7.0293,9.7156,,,0.7264
2014/10/28,2.78,7.78,14.36,8.6938,9.8441,7.0293,9.7156,,,0.7264
2014/10/29,2.88,7.87,14.43,8.8611,10.2739,7.0293,9.7156,,,0.7264
2014/10/30,2.91,7.93,14.42,8.7627,10.2339,7.0293,10.6921,,,0.7264
2014/10/31,2.94,8.05,14.43,8.6642,10.1739,7.0293,10.5825,,,0.7264
2014/11/3,3.08,8.08,14.43,8.6347,10.6436,7.0293,10.5725,,,0.7264
2014/11/4,3.14,8.19,14.31,8.6741,11.3732,7.0293,10.5526,,,0.7264
2014/11/5,3.04,8.04,14.29,8.9202,11.1034,7.0293,10.2537,,,0.7264
2014/11/6,2.99,8.1,14.4,8.8021,11.0934,7.0293,10.0942,,,0.7264
2014/11/7,2.99,7.95,14.06,8.9301,10.6137,7.7341,9.8949,,,0.7989
2014/11/10,3.17,8.22,14.1,9.0187,10.7636,8.5056,10.2238,,,0.8788
2014/11/11,3.08,7.89,13.74,9.9245,10.1239,8.9628,9.7654,,,0.8277
2014/11/12,3.12,8.03,13.88,9.6882,10.3038,8.7247,10.2138,,,0.8212
2014/11/13,3.16,8.17,14.39,9.511,10.6636,8.7818,10.712,,,0.8128
2014/11/14,3.14,8.02,14.4,9.1073,10.3038,8.3818,10.5127,,,0.8007
2014/11/17,3.03,8.22,14.26,9.0876,10.9934,8.3627,10.7619,,,0.7989
2014/11/18,2.99,8.32,14,9.127,11.0734,8.4104,10.7419,,,0.8063
2014/11/19,2.99,8.21,13.97,10.0426,11.0734,8.2865,11.1903,,,0.8035
2014/11/20,2.95,8.13,14.19,9.8063,10.9435,8.3056,11.1804,,,0.8091
2014/11/21,3.03,8.39,14.19,9.8654,11.2833,8.3342,11.0608,,,0.81
2014/11/24,3.08,8.64,14.4,10.3183,11.3832,8.3818,10.7818,,,0.8165
2014/11/25,3.1,8.77,14.84,10.2494,11.2533,8.458,10.8017,,,0.8249
2014/11/26,3.09,8.76,14.83,10.0328,11.1833,8.3818,10.9911,,,0.8258
2014/11/27,3.09,8.77,14.87,10.0919,11.653,8.5723,10.9014,,,0.8379
2014/11/28,3.12,8.97,14.67,10.0032,11.8529,8.3818,10.6622,,,0.8295
2014/12/1,3.19,8.76,14.66,9.9737,12.0228,8.3818,10.5227,,,0.8175
2014/12/2,3.19,8.91,14.76,9.9934,12.1627,8.458,10.7021,,,0.8165
2014/12/3,3.3,9.39,15.67,9.8654,11.5031,8.6199,10.9512,,,0.823
2014/12/4,3.35,9.7,15.67,10.0426,11.4831,8.7437,10.9113,,,0.8342
2014/12/5,3.17,9.3,14.78,9.6193,11.5831,8.3342,10.6523,,,0.8249
2014/12/8,3.28,9.48,14.92,9.5306,11.8229,8.3627,10.3633,,,0.8249
2014/12/9,3.21,9.08,14.86,9.186,10.6436,8.077,9.8551,14.7715,,0.8054
2014/12/10,3.35,9.35,15.35,9.4125,10.8935,8.2008,10.0843,16.2496,,0.8147
2014/12/11,3.59,9.65,15.26,10.0623,11.1933,8.4961,10.443,17.8765,,0.8258
2014/12/12,3.46,9.45,15.83,9.8949,11.2533,8.5151,10.4729,19.6622,,0.8295
2014/12/15,3.48,9.38,15.65,9.8556,11.3832,8.5913,10.3832,19.8606,,0.8342
2014/12/16,3.52,9.4,15.45,9.8851,11.5431,8.5628,10.3433,18.7694,,0.8351
2014/12/17,3.46,9.22,14.95,9.7276,11.1333,8.6199,10.2038,18.3726,,0.8351
2014/12/18,3.42,9.16,14.99,9.5503,10.8935,8.5247,10.7818,17.7873,,0.8295
2014/12/19,3.6,9.14,14.49,9.4223,11.1733,8.3818,10.2038,16.696,,0.8212
2014/12/22,3.72,9.14,13.55,8.8513,10.054,8.2103,9.2273,15.0592,,0.8082
2014/12/23,3.45,8.57,13.5,8.7331,9.4044,8.2199,9.1874,16.567,,0.8119
2014/12/24,3.41,8.69,13.6,8.9694,9.4943,8.4485,9.3269,17.0234,,0.8193
2014/12/25,3.6,8.82,13.53,8.9399,10.074,8.5628,9.3668,16.4877,,0.8249
2014/12/26,3.67,8.97,13.61,9.0384,10.064,8.9628,9.2971,16.2893,,0.836
2014/12/29,3.6,8.94,13.2,8.7922,10.014,8.8009,9.2373,16.5571,,0.8175
2014/12/30,3.5,8.77,13.49,8.6544,9.3044,8.7914,9.1775,16.1206,,0.823
2014/12/31,3.59,8.95,13.39,8.5855,9.3544,8.9152,9.2173,15.8032,,0.8221
2015/1/5,3.76,9.6,14.08,8.7824,9.5743,9.0866,9.4665,16.1603,,0.8314
2015/1/6,3.72,9.49,13.9,8.9399,9.9441,8.9247,9.2771,16.2397,,0.8305
2015/1/7,3.76,9.69,14,8.9498,10.3638,9.1342,9.885,16.2992,,0.836
2015/1/8,3.64,9.51,13.71,9.0088,10.074,8.9914,9.5462,15.9817,,0.8323
2015/1/9,3.62,9.6,13.51,8.9202,10.084,8.7628,9.3867,15.7833,,0.8305
2015/1/12,3.43,9.24,13.57,8.6052,9.8941,8.4389,9.1277,15.1286,,0.8175
2015/1/13,3.41,9.14,13.9,8.6642,10.1239,8.5628,9.0679,15.2675,,0.8202
2015/1/14,3.32,8.94,13.89,8.6642,10.4937,8.4485,9.0479,15.1286,,0.8202
2015/1/15,3.4,9.1,14.1,8.6544,10.8735,8.1722,9.1575,15.6345,,0.7942
2015/1/16,3.43,9.19,13.93,8.6347,10.6137,8.258,9.1675,16.4579,,0.797
2015/1/19,3.11,8.47,13.05,8.3295,10.1839,7.9055,8.8586,15.5254,,0.7747
2015/1/20,3.15,8.66,13.27,8.5461,10.5737,8.0865,9.038,16.319,,0.7831
2015/1/21,3.26,8.9,13.57,9.1368,10.9534,8.258,9.1874,16.5075,,0.7924
2015/1/22,3.32,9.32,14.1,9.2353,10.8535,8.3342,9.3867,17.0234,,0.7952
2015/1/23,3.27,9.14,13.92,9.0876,11.3632,8.258,9.2771,16.3686,,0.7905
2015/1/26,3.34,9.62,14.01,9.1664,11.5131,8.3818,9.6558,16.3786,,0.7905
2015/1/27,3.3,10.18,14.24,9.2451,11.2633,8.3913,9.7355,16.3091,,0.7859
2015/1/28,3.23,10.78,14,9.0581,11.1533,8.3532,9.4764,15.9421,,0.7924
2015/1/29,3.26,10.97,14,9.0384,11.0734,8.4008,9.4266,15.7238,,0.8026
2015/1/30,3.21,10.58,13.72,9.0974,10.9834,8.4008,9.3967,16.0115,,0.8044
2015/2/2,3.03,10.57,13.65,9.2451,10.6836,8.477,9.2472,15.7437,,0.8128
2015/2/3,3.04,10.6,13.79,9.2254,10.6836,8.6675,9.4366,15.9619,,0.8137
2015/2/4,3.06,10.36,13.8,9.186,11.3132,8.8961,9.4565,15.8726,,0.8165
2015/2/5,3.02,9.97,13.6,9.0384,11.0234,8.9056,9.4764,15.5056,,0.8175
2015/2/6,2.91,9.91,13.12,8.7233,11.1333,8.9056,9.6159,15.1683,,0.8119
2015/2/9,2.86,10.27,13.19,8.6544,10.7036,9.0199,10.0245,15.1385,,0.8156
2015/2/10,2.91,10.3,13.35,8.7528,10.9035,8.7342,9.875,15.0691,,0.8202
2015/2/11,2.93,10.62,13.36,8.743,10.8935,8.8771,9.6757,15.1187,,0.8295
2015/2/12,2.96,10.56,13.4,9.1171,10.8135,9.1057,9.6657,15.2476,,0.8277
2015/2/13,3.04,10.89,13.77,9.1565,10.9934,9.1438,9.7156,15.5849,,0.8258
2015/2/16,3.08,10.98,14.13,9.2944,11.1134,9.1342,9.9049,15.5651,,0.8267
2015/2/17,3.13,10.74,14.27,9.4125,11.4831,9.3152,9.7156,15.6246,,0.8267
2015/2/25,3.09,10.77,14.2,9.314,11.3832,9.0009,9.6359,15.446,,0.8175
2015/2/26,3.15,10.87,14.48,9.3731,11.5831,9.0199,9.8053,15.8429,,0.836
2015/2/27,3.16,11.96,14.36,9.3633,11.723,8.9628,9.9846,16.0909,,0.836
2015/3/2,3.26,12.64,15.8,9.4716,11.8029,9.4105,10.1241,16.2298,,0.8453
2015/3/3,3.2,12.3,16.31,9.4814,11.4931,9.8962,10.0344,16.1603,,0.849
2015/3/4,3.18,12.36,16.99,9.6291,11.753,10.001,10.2636,16.3389,,0.8528
2015/3/5,3.15,12.38,17.22,9.5897,11.663,10.1058,10.3234,16.2794,,0.8481
2015/3/6,3.18,12.08,17.05,9.6193,12.0328,9.8772,9.9946,16.2,,0.8407
2015/3/9,3.19,12.2,17.61,9.8851,11.9928,9.7819,10.0643,15.9718,,0.8463
2015/3/10,3.2,12.51,17.34,9.8457,12.3426,9.7915,10.0344,15.9718,,0.8388
2015/3/11,3.16,12.5,18.1,9.7276,13.5819,9.8962,9.9348,15.5056,,0.8379
2015/3/12,3.17,13.26,17.56,9.7276,14.0916,9.8867,10.0045,15.5056,,0.8397
2015/3/13,3.2,13.2,17.4,9.7276,14.0316,10.1915,10.1042,15.7734,,0.8528
2015/3/16,3.27,13.3,17.48,9.9245,14.0616,10.4201,10.3832,16.0214,,0.8555
2015/3/17,3.39,13.37,17.7,10.5251,14.8411,10.3248,10.453,16.4182,,0.8518
2015/3/18,3.73,13.39,17.5,10.6137,14.8511,10.401,10.722,16.7853,,0.8574
2015/3/19,3.78,13.34,17.59,10.7417,14.7212,10.6296,11.0209,16.6464,,0.8537
2015/3/20,3.79,13.83,17.36,10.6728,14.7012,10.382,10.9213,16.8547,,0.8509
2015/3/23,4.07,14.44,17.5,10.8303,15.5407,10.4963,11.3,16.9639,,0.8518
2015/3/24,4.28,14.78,18.2,10.7023,15.4408,10.182,12.426,17.1424,,0.8472
2015/3/25,4.12,14.89,17.75,10.8992,15.1309,10.1439,12.4459,16.9242,,0.837
2015/3/26,4.04,14.61,17.55,10.7121,14.8811,10.1724,12.1968,16.7159,,0.8444
2015/3/27,4.07,15.45,17.55,11.0863,14.9011,10.2772,12.5455,17.5194,,0.8425
2015/3/30,4.17,15.39,17.64,11.1158,14.971,10.5915,12.5655,17.7575,,0.849
2015/3/31,4.09,15.39,17.4,10.8795,16.0904,10.3915,12.6751,17.569,,0.8472
2015/4/1,4.12,16.49,18,10.9484,16.0404,10.782,13.2829,18.2833,,0.849
2015/4/2,4.16,17.99,19.36,11.1552,17.6494,10.8392,14.0801,18.3726,,0.863
2015/4/3,4.48,17.09,19.92,11.4998,19.4184,10.963,14.379,18.9281,,0.8834
2015/4/7,4.68,16.89,19.77,11.6081,19.5183,11.5345,15.1364,20.8229,,0.9094
2015/4/8,4.69,16.9,18.9,11.9232,18.6988,11.3821,15.7342,20.8229,,0.9141
2015/4/9,4.51,17.27,18.4,11.5982,17.7694,10.8582,15.3855,20.8229,,0.9224
2015/4/10,4.54,16.89,18.9,12.061,17.9293,11.2202,15.525,20.8229,,1.0144
2015/4/13,4.6,16.56,19.11,12.5139,18.1391,11.8869,15.2958,20.8229,,1.1156
2015/4/14,4.67,16.21,18.69,13.1539,18.4889,11.7917,15.0367,20.8229,,1.1036
2015/4/15,4.41,16.18,17.89,12.8487,17.1697,11.3059,14.8574,20.8229,,1.0683
2015/4/16,4.4,15.75,17.6,12.6813,16.9199,11.4297,14.6581,20.8229,,1.0673
2015/4/17,4.51,16.06,17.79,12.5434,17.7194,11.5916,14.7976,20.8229,,1.0441
2015/4/20,4.54,16.16,17.95,11.8838,18.419,11.4297,14.4189,20.8229,,1.007
2015/4/21,4.81,16.53,18.39,12.1398,19.5383,11.9345,14.8474,20.8229,,1.0358
2015/4/22,5.03,17.11,18.71,12.5828,21.4971,12.0488,15.4951,20.8229,,1.0608
2015/4/23,5.53,17.16,19.03,12.6025,23.2861,11.9726,16.1926,20.8229,,1.0515
2015/4/24,5.72,16.51,18.55,13.0456,23.7158,11.6869,16.4517,20.8229,,1.0469
2015/4/27,5.78,16.34,18.72,13.3311,24.3354,11.8869,16.3521,20.8229,,1.0553
2015/4/28,5.31,16.5,19.21,13.6068,25.8845,11.5154,15.0766,20.8229,,1.0265
2015/4/29,5.53,17.23,20,13.7348,25.8645,11.744,15.8737,20.8229,,1.0488
2015/4/30,5.35,17.34,19.13,13.3902,23.9857,11.5535,16.9101,20.8229,,1.0506
2015/5/4,5.59,18.38,18.76,13.085,23.1362,11.4488,16.94,20.8229,,1.059
2015/5/5,5.23,18.36,17.86,12.6419,21.3372,10.8392,16.8204,20.8229,,1.0395
2015/5/6,4.99,16.98,17.82,12.1988,21.1973,10.5439,17.2788,20.8229,,1.0432
2015/5/7,4.52,16.25,17.82,11.7459,21.4672,10.6392,16.651,20.8229,,1.0162
2015/5/8,4.66,16.73,18.33,12.4647,23.0362,10.8773,16.9798,20.8229,,1.0265
2015/5/11,4.83,16.8,19,12.957,23.396,11.2773,17.4581,20.8229,,1.0515
2015/5/12,4.91,16.65,19.05,12.8487,23.9956,11.3345,19.1621,20.8229,,1.0571
2015/5/13,5.19,17.92,20.12,12.8487,23.8557,11.5154,19.1422,20.8229,,1.0645
2015/5/14,5.09,17.65,20.19,13.3508,23.9857,11.4773,19.2119,20.8229,,1.0748
2015/5/15,4.92,16.7,19.61,13.4099,23.0762,11.0868,18.5343,20.8229,,1.1175
2015/5/18,4.83,16.89,20.73,13.2425,22.6664,10.9439,19.3714,20.8229,,1.1454
2015/5/19,4.95,17.32,20.84,13.7151,23.0162,11.2487,20.1984,20.8229,,1.1379
2015/5/20,4.95,17.75,20.74,13.7545,23.7858,11.363,21.3244,20.8229,,1.1593
2015/5/21,4.94,19.53,20.93,13.8332,26.1643,11.9155,21.2746,20.8229,,1.1714
2015/5/22,4.94,19.53,21.75,14.2369,28.6728,12.1155,23.4071,22.9062,,1.1435
2015/5/25,4.94,19.53,22,14.5717,27.8933,12.5727,24.6626,25.1978,,1.1584
2015/5/26,4.94,19.53,22.1,14.7587,28.6329,12.8775,24.8619,27.7176,,1.1649
2015/5/27,4.94,19.53,21.74,16.2356,29.8022,13.068,26.795,30.4903,,1.1537
2015/5/28,4.94,19.53,21.09,16.5408,28.9327,12.2203,25.3003,29.8919,,1.1101
2015/5/29,4.94,19.53,20.89,18.1949,29.1725,12.106,26.1872,27.3485,,1.1361
2015/6/1,4.94,19.53,22.3,20.0163,30.7616,12.9156,27.0342,28.3659,,1.1769
2015/6/2,4.94,19.53,24.53,20.9517,32.5805,13.5918,26.9047,27.937,,1.1955
2015/6/3,4.94,19.53,24.82,20.0065,32.1807,13.4966,26.3765,29.3733,,1.1788
2015/6/4,4.94,19.53,25.36,20.0065,30.8515,14.0109,25.9082,27.2189,,1.1825
2015/6/5,4.94,19.53,25.97,19.9868,31.6411,14.1728,25.7786,27.6378,,1.1918
2015/6/8,5.43,19.53,25.2,20.804,34.8092,14.1919,24.9117,27.6079,,1.1695
2015/6/9,5.97,19.53,24.7,20.0951,36.6081,14.0204,25.7288,26.9296,,1.1547
2015/6/10,5.82,19.53,25.09,20.2723,38.9867,14.249,25.669,27.6478,,1.1686
2015/6/11,5.86,19.53,27.6,22.3005,40.3758,14.3157,26.4064,28.0168,,1.1612
2015/6/12,6.25,19.53,26.81,23.1867,40.7756,14.7253,28.22,27.7276,,1.1658
2015/6/15,6.4,19.53,26.92,21.9264,41.6751,14.1443,28.6,26.8897,,1.1324
2015/6/16,6.27,19.53,24.99,19.9769,37.5076,13.5061,27.73,26.6903,,1.1147
2015/6/17,6.58,19.53,25.28,20.8532,37.5675,14.0585,28.2,25.5832,,1.1036
2015/6/18,6.61,19.53,24.67,20.8532,33.8098,13.5156,25.81,23.6582,,1.0841
2015/6/19,5.95,19.53,22.33,20.8532,30.4318,12.1631,23.23,21.2944,,1.0599
2015/6/23,5.98,19.53,22.11,20.8532,30.012,12.5441,22.12,21.0749,,1.0748
2015/6/24,6.35,19.53,22.45,20.8532,31.4912,12.887,22.69,22.0823,,1.0738
2015/6/25,6.01,19.53,22.74,20.8532,31.9209,12.3017,21.92,21.0051,,1.0362
2015/6/26,5.41,19.53,20.47,20.8532,28.7328,11.0734,19.73,18.9006,,0.9354
2015/6/29,5.05,19.53,18.42,20.8532,25.8645,10.6224,17.76,17.0355,,0.9373
2015/6/30,5.36,19.53,19,20.8532,25.8845,11.5148,17.74,18.1825,,1.0041
2015/7/1,4.91,19.53,17.1,18.7659,24.2855,10.7088,15.97,16.7163,,0.9561
2015/7/2,4.42,19.53,15.39,16.8854,21.8569,10.0563,14.37,15.31,,0.942
2015/7/3,3.98,19.53,13.85,15.2018,19.6682,9.6149,12.93,13.784,,0.876
2015/7/6,3.97,19.53,12.48,13.6855,17.6994,9.9507,11.64,13.9436,,0.8478
2015/7/7,3.61,19.53,11.23,12.317,15.9305,8.9528,11.64,15.3399,,0.763
2015/7/8,3.25,19.53,10.11,12.317,14.3414,8.0604,11.64,14.2727,,0.6867
2015/7/9,3.58,19.53,11.12,12.317,15.7806,8.8664,11.64,15.699,,0.7555
2015/7/10,3.94,19.53,12.23,12.317,17.3596,9.7492,11.64,17.2649,,0.8308
2015/7/13,4.33,19.53,13.45,13.5477,19.0986,10.5361,12.8,18.9904,,0.8902
2015/7/14,4.33,19.53,13.97,14.9064,18.8387,9.8644,14.08,17.6738,,0.8449
2015/7/15,3.9,19.53,12.57,13.4197,16.9599,8.876,12.67,15.9084,,0.8007
2015/7/16,3.98,19.53,12.94,12.2973,16.3402,9.0871,12.51,16.3772,,0.8497
2015/7/17,4.17,19.53,13.88,12.957,17.7894,9.7492,13.76,17.3148,,0.8798
2015/7/20,4.13,19.53,14.17,13.0062,19.5683,9.7204,14.19,17.0654,,0.8657
2015/7/21,4.14,19.53,14.27,14.3058,21.5271,9.8356,15.47,17.225,,0.8628
2015/7/22,4.18,19.53,14.37,14.5027,23.456,9.8644,15.19,17.5541,,0.8628
2015/7/23,4.32,19.53,15.34,15.4676,25.8046,10.1618,16.4,18.4917,,0.8798
2015/7/24,4.17,19.53,15.35,14.739,26.9739,9.9411,16.96,17.4843,,0.8628
2015/7/27,3.75,19.53,13.82,13.2622,26.1044,9.2886,15.26,15.7389,,0.796
2015/7/28,3.67,19.53,12.44,12.6124,28.7128,9.1063,16.01,15.1504,,0.8487
2015/7/29,3.94,19.53,13.33,13.8628,31.5811,9.4901,17.42,16.2376,,0.8591
2015/7/30,3.81,19.53,13.44,13.7545,30.2519,9.0967,16.83,15.8685,,0.8365
2015/7/31,3.84,19.53,14.78,13.0653,30.2819,9.1063,15.74,15.8885,,0.8336
2015/8/3,4.15,19.53,13.3,11.7558,27.2537,8.78,15.93,17.4743,,0.8101
2015/8/4,4.19,19.53,14.2,12.76,26.8439,9.2214,16.78,18.1625,,0.8497
2015/8/5,4.05,19.53,14.94,12.2776,26.734,9.4709,17.09,17.3247,,0.8478
2015/8/6,4.01,19.53,16.43,12.6025,24.0656,9.4709,18.8,17.3347,,0.8487
2015/8/7,4.07,19.53,17.45,12.8782,24.0656,9.8548,19.03,17.7636,,0.861
2015/8/10,4.23,19.53,18.16,13.6855,25.7246,10.2194,19.98,18.3919,,0.8845
2015/8/11,4.33,19.53,18.25,13.7348,25.6946,10.2002,19.08,18.6213,,0.8741
2015/8/12,4.23,19.53,17.42,13.2228,23.436,9.9219,19.18,17.5641,,0.8581
2015/8/13,4.41,19.53,18.1,13.9809,24.4854,10.181,19.39,18.5914,,0.8704
2015/8/14,4.52,19.53,19.4,13.9809,24.3454,10.0275,19.4,18.2124,,0.8628
2015/8/17,4.97,19.53,19,15.379,25.9845,10.4977,20.65,18.2224,,0.8675
2015/8/18,4.76,19.53,17.1,13.9809,23.386,9.4517,18.59,16.3972,,0.8355
2015/8/19,5.24,19.53,18.81,15.379,22.8363,9.8068,19.02,16.5069,,0.8581
2015/8/20,5.01,19.53,18.29,15.379,20.5577,9.3846,17.51,16.856,,0.8383
2015/8/21,4.51,19.53,16.82,13.8431,18.4989,9.0391,16.19,15.31,,0.8242
2015/8/24,4.06,17.58,15.14,12.4548,16.65,8.1371,14.57,13.784,,0.7423
2015/8/25,3.65,15.82,13.63,11.2143,14.981,7.3215,14.57,12.4076,,0.6744
2015/8/26,3.3,14.24,12.27,10.0919,13.4819,6.9089,14.57,12.5672,,0.6876
2015/8/27,3.5,12.82,12.18,10.1115,13.8117,7.2831,14.57,13.0659,,0.7206
2015/8/28,3.78,12.36,13.4,11.106,15.1909,7.7821,14.57,14.0533,,0.7536
2015/8/31,3.57,11.12,12.2,11.0764,13.6718,7.3215,14.57,14.3425,,0.7573
2015/9/1,3.35,10.01,10.98,9.9737,12.3026,6.8321,14.57,14.3425,,0.7263
2015/9/2,3.15,9.01,9.9,8.9793,11.0734,6.6786,14.57,13.5945,,0.7074
2015/9/7,3.21,8.18,10.78,9.127,11.5231,6.8417,14.57,13.6543,,0.7281
2015/9/8,3.34,8.36,11.39,9.511,12.6724,7.12,14.57,14.0533,,0.7602
2015/9/9,3.5,8.91,12.28,9.9442,13.432,7.3503,14.57,15.4596,,0.7668
2015/9/10,3.36,8.34,11.73,9.954,13.382,7.1968,14.57,14.6916,,0.7649
2015/9/11,3.36,8.55,11.91,9.954,13.6518,7.3023,14.57,14.5121,,0.7705
2015/9/14,3.11,7.7,10.72,8.9596,12.2827,6.573,14.57,13.0659,,0.7357
2015/9/15,2.88,6.93,10.13,8.0636,11.0534,6.4291,14.57,11.869,,0.7281
2015/9/16,3.14,7.59,11.14,8.8611,12.1627,7.024,14.57,12.9063,,0.7658
2015/9/17,3.03,7.18,12.25,8.3689,11.5931,6.8033,14.57,12.5971,,0.7686
2015/9/18,3.05,7.18,12.57,8.3984,12.3426,6.8417,14.57,12.6769,,0.8148
2015/9/21,3.1,7.47,12.94,8.8414,12.8223,7.0048,14.57,13.026,,0.8139
2015/9/22,3.13,7.64,12.56,8.8907,13.1321,7.0528,14.57,13.4349,,0.811
2015/9/23,3.03,7.34,12.89,8.615,12.4725,6.9185,14.57,12.7866,,0.8035
2015/9/24,3.07,7.52,12.71,8.9399,13.0122,7.0144,14.57,13.1257,,0.8016
2015/9/25,2.99,7.15,12.02,8.5559,12.0428,6.8225,14.57,12.4874,,0.796
2015/9/28,3.01,7.23,12.4,8.6445,12.4326,6.9185,14.57,12.7068,,0.8026
2015/9/29,2.94,7.04,12.33,8.3984,12.0328,6.7554,14.57,12.3777,,0.795
2015/9/30,2.94,7.05,12.3,8.4279,12.1227,6.9569,14.57,12.5871,,0.796
2015/10/8,3.04,7.35,13.3,8.8316,12.7324,7.1968,14.57,13.0958,,0.8101
2015/10/9,3.09,7.71,13.41,8.9399,13.1122,7.2447,14.57,14.4024,,0.8063
2015/10/12,3.21,8.02,13.49,9.4519,14.0316,7.4942,14.57,14.5719,,0.8299
2015/10/13,3.17,7.95,14.84,9.7276,14.1715,7.5902,14.57,14.3724,,0.8308
2015/10/14,3.21,7.86,15.01,9.383,14.1915,7.4271,14.57,14.2029,,0.8186
2015/10/15,3.27,8.16,15.75,9.9836,15.5507,7.5902,14.57,14.4522,,0.8318
2015/10/16,3.28,8.16,15.89,10.0426,16.8599,7.7245,14.57,14.552,,0.8336
2015/10/19,3.27,8.5,16.38,10.0426,16.66,7.8397,14.57,14.4123,,0.8242
2015/10/20,3.28,8.56,15.92,10.0426,16.66,7.8972,14.57,14.5719,,0.8261
2015/10/21,3.06,7.7,14.33,10.0426,14.991,7.4942,14.57,13.3252,,0.7978
2015/10/22,3.11,7.86,14.94,10.0426,15.5007,7.7437,14.57,13.7142,,0.811
2015/10/23,3.15,8.3,15.3,10.0426,16.2003,7.8972,14.57,13.9236,,0.8139
2015/10/26,3.13,8.28,15.68,10.0426,15.8405,8.0124,14.57,14.0034,,0.8082
2015/10/27,3.07,8.18,15.28,10.0426,15.4807,8.1755,14.57,14.2528,,0.8148
2015/10/28,3.07,8.19,15.27,10.0426,15.7706,8.2043,14.57,14.1031,,0.8007
2015/10/29,3.06,8.18,16.8,10.0426,15.6007,8.4058,14.57,14.153,,0.8016
2015/10/30,3.03,8.12,17.26,10.0426,15.4408,8.2523,14.57,14.2927,,0.811
2015/11/2,2.97,7.89,17.52,10.0426,14.4913,8.1179,14.57,14.0732,,0.8016
2015/11/3,2.98,8.68,18.02,10.0426,15.021,8.2331,14.57,14.6318,,0.8035
2015/11/4,3.09,9.47,19.82,10.0426,16.5201,8.5306,14.57,15.2801,,0.8214
2015/11/5,3.3,9.17,19.53,10.0426,16.2003,8.3578,14.57,15.1903,,0.8223
2015/11/6,3.3,9.25,20.5,10.0426,16.4901,8.6073,14.57,15.689,,0.8308
2015/11/9,3.31,9.89,22.55,10.0426,16.7,8.6265,14.57,16.4769,,0.8336
2015/11/10,3.36,9.95,24.81,10.0426,17.5895,8.6649,14.57,16.1179,,0.8289
2015/11/11,3.34,9.8,27.29,10.0426,17.5195,8.6169,14.57,16.1777,,0.8346
2015/11/12,3.35,9.48,29.14,10.0426,17.1697,8.4826,14.57,16.5268,,0.8252
2015/11/13,3.22,9.07,29,10.0426,17.1697,8.3291,14.57,15.4895,,0.8186
2015/11/16,3.25,9.35,28.96,10.0426,18.429,8.6169,14.57,15.6292,,0.8214
2015/11/17,3.24,9.26,28.39,10.0426,18.4889,8.5306,14.57,15.4596,,0.8214
2015/11/18,3.19,9.21,28.6,10.0426,17.6694,8.4346,14.57,15.1704,,0.8148
2015/11/19,3.25,9.49,31.46,10.0426,17.8693,8.7321,14.57,15.5693,,0.827
2015/11/20,3.26,9.58,29.91,10.0426,18.0892,8.6553,14.57,15.6192,,0.8261
2015/11/23,3.19,9.58,27.27,10.0426,18.9487,8.5785,14.57,15.3,,0.8167
2015/11/24,3.16,9.42,27.56,10.0426,19.0386,8.7033,14.57,15.679,,0.8148
2015/11/25,3.17,9.45,27.76,10.0426,19.1086,8.7321,14.57,15.9982,,0.8214
2015/11/26,3.19,9.73,27.06,10.0426,19.2085,8.6073,16.03,15.9384,,0.8223
2015/11/27,3,8.77,24.86,10.0426,17.5395,7.926,17.63,14.532,,0.8007
2015/11/30,3,8.52,25.94,10.0426,17.1298,8.0604,16.45,14.2827,,0.8176
2015/12/1,3.02,8.57,23.93,10.0426,17.1997,8.3482,14.82,14.4323,,0.8214
2015/12/2,3.12,8.88,25.19,10.0426,16.67,8.425,13.94,14.3226,,0.8214
2015/12/3,3.11,8.9,26.13,10.0426,17.1497,8.4922,15.33,14.7016,,0.8252
2015/12/4,3.04,8.78,25.33,10.0426,17.2897,8.4826,16.58,14.7116,,0.8186
2015/12/7,3.04,9.01,26.15,10.0426,17.8293,8.5018,17.15,14.7315,,0.8195
2015/12/8,2.98,8.61,26.1,10.0426,17.8893,8.2715,16.85,14.1829,,0.8054
2015/12/9,2.99,8.47,28.71,10.0426,18.1192,8.3291,16.3,13.8339,,0.8252
2015/12/10,2.94,8.56,30.37,10.0426,17.6295,8.3099,17.33,13.7142,,0.8289
2015/12/11,2.94,8.71,27.34,10.0426,16.5801,8.07,17.79,13.7142,,0.827
2015/12/14,3.02,8.96,26.26,10.0426,16.9099,8.3674,17.79,14.0533,,0.8412
2015/12/15,2.99,8.99,27.34,10.0426,17.1697,8.3866,18.42,13.8339,,0.8459
2015/12/16,3.17,9.09,27.81,10.0426,17.4596,8.5306,20.26,13.8139,,0.8562
2015/12/17,3.49,9.35,27.85,10.0426,17.8393,8.7225,21.64,14.2129,,0.8591
2015/12/18,3.84,9.4,28.38,10.0426,17.3896,8.7225,21.34,13.9835,,0.8487
2015/12/21,4.22,9.78,27.35,10.0426,17.9393,8.78,21.3,14.6417,,0.8638
2015/12/22,4.64,9.88,28.1,10.0426,18.6988,8.78,20.88,14.4921,,0.8779
2015/12/23,4.18,9.46,27.73,10.0426,18.5089,8.9048,19.98,14.1829,,0.8864
2015/12/24,4.12,9.66,28.05,10.0426,18.8787,9.0679,20.61,13.9835,,0.8873
2015/12/25,4,9.63,28,10.0426,18.349,9.1063,20.91,14.0932,,0.8996
2015/12/28,3.88,9.3,26.29,10.0426,17.7894,10.0179,19.68,13.8438,,0.9062
2015/12/29,3.9,9.89,26.76,10.0426,17.7694,10.4497,19.92,14.153,,0.9438
2015/12/30,3.77,10.06,26.4,10.0426,18.2791,10.0851,19.45,14.163,,0.942
2015/12/31,3.67,9.74,26.3,10.0426,18.1192,9.4901,19.48,14.0533,,0.9344
2016/1/4,3.3,8.77,23.67,10.0426,16.3102,8.5402,17.53,12.7168,,0.8544
2016/1/5,3.47,8.43,21.45,10.0426,15.2109,8.1563,17.12,12.8365,,0.8685
2016/1/6,3.82,8.89,21.87,10.0426,15.6506,8.4154,17.32,13.4149,,0.8845
2016/1/7,3.44,8,19.68,10.0426,14.0816,7.571,15.64,12.1283,,0.8346
2016/1/8,3.71,8.23,19.64,10.0426,14.0516,7.7917,15.98,12.637,,0.8647
2016/1/11,3.38,7.41,17.8,10.0426,13.292,7.1872,14.4,11.7892,,0.8082
2016/1/12,3.35,7.29,18.26,10.0426,12.9523,7.2927,14.16,11.9388,,0.8214
2016/1/13,3.28,7.05,17,10.0426,12.3126,7.1488,14.19,11.7792,,0.8082
2016/1/14,3.33,7.26,18.7,10.0426,12.6724,7.3791,14.26,12.0385,,0.8233
2016/1/15,3.08,6.9,18.63,10.0426,11.9029,6.9089,13.09,11.1608,,0.8054
2016/1/18,3.09,7.06,19.27,10.0426,12.0628,6.9761,13.17,11.1708,,0.8073
2016/1/19,3.18,7.31,20.24,9.8359,12.6524,7.3119,13.81,11.4601,,0.8308
2016/1/20,3.16,7.22,21.5,10.7515,12.4925,7.3695,13.5,11.4102,,0.812
2016/1/21,3.05,6.86,19.35,9.6783,11.8029,7.12,12.59,11.0412,,0.8035
2016/1/22,3.13,7.02,20.11,10.0525,11.9828,7.1776,13.13,11.2506,,0.8044
2016/1/25,3.15,7.15,19.9,10.6334,12.4426,7.3983,14.44,11.3005,,0.8139
2016/1/26,2.86,6.44,17.91,9.57,11.6031,6.9569,13.31,10.3829,,0.7724
2016/1/27,2.87,6.43,17.17,9.1073,11.643,6.9089,14.64,10.2233,,0.7705
2016/1/28,2.62,6.06,15.9,8.2015,12.8123,6.6306,13.97,9.7445,,0.7668
2016/1/29,2.69,6.3,17.49,8.3295,14.0916,6.8225,14.36,10.0537,,0.7818
2016/2/1,2.57,6.24,17.83,7.591,14.1116,6.7458,14.2,9.9241,,0.779
2016/2/2,2.62,6.49,18.5,7.8372,14.7912,6.8897,14.26,10.2033,,0.7903
2016/2/3,2.61,6.56,19.17,7.8766,14.1216,6.8897,14.41,10.1634,,0.7894
2016/2/4,2.69,6.95,19.95,8.1227,14.0916,7.0336,14.66,11.1808,,0.796
2016/2/5,2.7,7.1,18.7,8.1424,13.5419,6.9569,14.18,11.6496,,0.796
2016/2/15,2.78,7.09,19.11,8.0439,13.382,6.8801,14.01,11.3603,,0.7922
2016/2/16,2.83,7.18,19.68,8.3689,14.1715,7.1296,14.41,11.8291,,0.8035
2016/2/17,2.86,7.17,20,8.5264,14.8311,7.1968,14.43,11.5498,,0.8054
2016/2/18,2.83,7.09,20.2,8.8218,14.3214,7.3407,14.78,11.4002,,0.8054
2016/2/19,2.8,7.1,20.68,8.6839,14.3014,7.3215,15.67,11.3703,,0.8044
2016/2/22,2.95,7.81,21.1,8.9005,14.7612,7.4942,16.82,11.6795,,0.8129
2016/2/23,3,8.58,20.51,8.9498,14.2915,7.4367,18.1,11.8191,,0.8082
2016/2/24,3,8.14,21.68,9.442,14.7712,7.475,17.97,11.5997,,0.8129
2016/2/25,2.73,7.33,19.51,8.4968,13.292,6.9953,16.17,10.4427,,0.7771
2016/2/26,3,7.63,18.67,8.9202,12.7324,7.0432,16.6,10.5325,,0.7884
2016/2/29,3.3,7.83,16.8,8.0833,11.9329,6.6786,15.79,9.944,,0.7922
2016/3/1,3.47,8.41,17.48,8.5264,12.3926,6.8801,16.49,10.4926,,0.8016
2016/3/2,3.54,8.8,18.68,9.383,13.0722,7.4175,17.29,11.091,,0.8327
2016/3/3,3.43,8.82,18.89,10.0426,12.9123,7.6094,17.63,11.1409,,0.8308
2016/3/4,3.38,8.7,17.81,9.5996,12.1827,7.619,17.42,11.0212,,0.8242
2016/3/7,3.45,9.2,18.83,9.954,12.6924,8.377,17.74,12.1283,,0.861
2016/3/8,3.58,9.7,20.71,9.8752,12.8723,8.1659,18.3,13.3451,,0.8544
2016/3/9,3.29,8.92,19.3,9.511,12.6924,7.3503,16.52,13.395,,0.8261
2016/3/10,3.15,8.26,18.5,9.0581,12.6125,7.1296,15.66,12.1383,,0.827
2016/3/11,3.18,7.84,18.07,9.3337,12.4825,7.1584,15.81,11.6396,,0.8327
2016/3/14,3.24,8.06,19.13,10.0131,12.9622,7.3503,15.81,12.0186,,0.8478
2016/3/15,3.13,7.74,19.33,10.4069,12.9023,7.1488,16.09,11.6595,,0.8393
2016/3/16,3.09,7.75,19,10.0426,13.1022,7.0336,15.88,11.4401,,0.8346
2016/3/17,3.16,8.14,20.31,10.3282,13.5319,7.3023,16.24,11.9388,,0.844
2016/3/18,3.3,8.95,20.98,10.9484,13.9616,7.523,17.06,12.627,,0.8628
2016/3/21,3.42,9.22,21.73,11.1158,14.4314,7.7245,17.28,13.2953,,0.8647
2016/3/22,3.34,8.81,21.26,10.9287,14.5813,7.571,17.11,12.6769,,0.8572
2016/3/23,3.32,8.81,21.36,10.9583,14.4913,7.5902,16.67,12.7666,,0.8572
2016/3/24,3.21,8.37,21.36,10.3577,14.4913,7.4654,15.88,12.1383,,0.8478
2016/3/25,3.24,8.42,21.53,10.2395,14.5913,7.5902,16.24,12.3278,,0.8468
2016/3/28,3.16,8.2,21.82,10.3675,14.6712,7.5134,16.19,12.0884,,0.8468
2016/3/29,3.09,8.06,20.54,10.0032,13.9217,7.5134,16.18,11.7792,,0.8478
2016/3/30,3.2,8.42,22.17,10.5349,14.3914,7.6957,16.77,12.248,,0.861
2016/3/31,3.16,8.26,22.88,10.4561,14.5513,7.974,16.94,12.1882,,0.8619
2016/4/1,3.17,8.44,22.52,10.2494,14.8211,7.7629,16.82,12.2081,,0.8525
2016/4/5,3.22,8.52,23.14,10.4857,15.7906,7.8876,17.05,12.3677,,0.8534
2016/4/6,3.19,8.54,23.16,10.7712,15.7906,8.1084,17.02,12.3078,,0.8572
2016/4/7,3.21,8.18,23.08,10.4266,15.7906,8.0892,16.55,11.9488,,0.8468
2016/4/8,3.15,8.06,22.2,10.1706,15.7906,8.6553,16.54,11.6296,,0.8638
2016/4/11,3.22,8.3,22.35,10.2691,15.7906,8.6745,16.79,12.0385,,0.8581
2016/4/12,3.22,8.95,21.56,10.0525,15.7906,8.6553,17.16,12.627,,0.8628
2016/4/13,3.31,9.24,22.4,10.2198,15.7906,8.6841,17.55,12.9063,,0.8723
2016/4/14,3.27,8.99,22.52,10.3183,15.7906,8.5593,17.44,12.627,,0.8713
2016/4/15,3.25,8.81,22.48,10.2789,15.7906,8.5977,17.49,12.4874,,0.8713
2016/4/18,3.21,9.11,23.08,11.3029,15.7906,8.5498,17.33,12.5771,,0.8591
2016/4/19,3.21,8.93,22.91,11.8838,15.7906,8.425,17.1,12.5173,,0.8619
2016/4/20,3.06,9.06,22.08,12.8487,15.7906,8.4634,16.38,12.5771,,0.8525
2016/4/21,3.1,9.31,21.61,12.5533,15.7906,8.2811,16.42,12.7866,,0.8544
2016/4/22,3.09,8.77,21.57,11.9133,15.7906,8.0412,16.48,12.1383,,0.8515
2016/4/25,3.05,8.5,20.82,11.7459,15.7906,7.8109,16.54,11.9488,,0.8487
2016/4/26,3.06,8.49,21.1,11.9724,15.7906,7.9356,16.58,12.0685,,0.8506
2016/4/27,3.02,8.28,21.12,12.1496,15.7906,7.8493,16.56,11.8191,,0.8515
2016/4/28,2.98,8.33,21.27,11.549,15.7906,7.8397,16.76,11.9288,,0.8572
2016/4/29,2.98,8.42,21.31,11.3718,15.7906,7.8205,16.95,12.0186,,0.8534
2016/5/3,2.83,8.57,22.71,12.1398,15.7906,8.07,17.31,12.2081,,0.8591
2016/5/4,2.84,8.47,22.51,12.2776,15.7906,8.022,17.29,12.0784,,0.8581
2016/5/5,2.79,8.51,24.76,12.5434,15.7906,8.022,17.22,12.0784,,0.8534
2016/5/6,2.66,7.93,24.6,11.5982,15.7906,7.4846,16.39,11.48,,0.8421
2016/5/9,2.53,7.21,24.69,10.6826,15.7906,7.4654,16.08,10.98,,0.8308
2016/5/10,2.45,7.22,22.79,10.85,15.7906,7.4367,15.98,11.08,,0.8289
2016/5/11,2.42,7.19,21.96,11.4604,15.7906,7.4079,15.99,11.06,,0.8223
2016/5/12,2.44,7.1,23.35,12.1299,15.7906,7.2735,15.67,11.11,,0.8101
2016/5/13,2.44,7.04,23.5,12.189,15.7906,7.2351,15.45,11.04,,0.8101
2016/5/16,2.46,7.48,25.16,12.7502,15.7906,7.3119,15.5,11.42,,0.8204
2016/5/17,2.44,7.38,24.34,12.2579,15.7906,7.2735,15.35,11.47,,0.8204
2016/5/18,2.34,7.06,23.3,11.549,15.7906,6.9953,14.95,10.84,,0.8082
2016/5/19,2.45,7.11,24.47,11.5096,15.7906,7.0432,14.97,10.75,,0.8007
2016/5/20,2.45,7.22,24.23,11.805,15.7906,7.1968,15,10.8,,0.8007
2016/5/23,2.45,7.22,25.66,12.4154,15.7906,7.2351,15.17,10.82,,0.8016
2016/5/24,2.38,7.04,25.37,12.1201,15.7906,7.1104,15.3,10.85,,0.7997
2016/5/25,2.39,7.03,25.98,12.4253,15.7906,7.1488,15.08,10.78,,0.8007
2016/5/26,2.39,7,25.71,13.2129,15.7906,7.1392,15.49,10.78,,0.7997
2016/5/27,2.39,7.05,24.64,12.829,15.7906,7.1488,15.47,10.7,,0.7997
2016/5/30,2.39,6.95,24.06,13.2917,15.7906,7.12,15.56,10.6,,0.7997
2016/5/31,2.39,7.24,25.5,13.5674,15.7906,7.3695,16.01,11.07,,0.8148
2016/6/1,2.39,7.3,25.95,13.4985,15.7906,7.3983,16.09,11.07,,0.8157
2016/6/2,2.39,7.38,26.06,13.3705,15.7906,7.4367,16.17,11.12,,0.8091
2016/6/3,2.39,7.36,25.86,13.8923,15.7906,7.4942,15.98,11.19,,0.8204
2016/6/6,2.39,7.58,26.48,14.0991,15.7906,7.4942,15.86,11.35,,0.8139
2016/6/7,2.39,7.48,26.93,13.6363,15.7906,7.4942,15.54,11.16,,0.8148
2016/6/8,2.39,7.38,27.25,13.4492,15.7906,7.4271,15.56,11.01,,0.8082
2016/6/13,2.39,7.14,24.8,13.5575,15.7906,7.2255,15.19,10.69,,0.7941
2016/6/14,2.39,6.98,25.1,14.9163,15.7906,7.1584,15.35,10.65,,0.7931
2016/6/15,2.39,7.18,26.59,15.0639,15.7906,7.3407,15.63,10.89,,0.8016
2016/6/16,2.39,7.18,26.71,14.9556,15.7906,7.5134,15.71,10.88,,0.8026
2016/6/17,2.39,7.9,26.48,14.483,15.7906,7.5422,16.47,11.33,,0.8026
2016/6/20,2.39,7.62,26.7,14.7587,15.7906,7.4942,16.47,11.13,,0.8016
2016/6/21,2.39,7.72,25.6,14.3846,15.7906,7.4363,15.98,11.05,,0.8045
2016/6/22,2.39,7.73,26.27,14.3354,15.7906,7.5618,16.13,11.25,,0.8159
2016/6/23,2.39,7.54,25.34,14.2074,15.7906,7.5908,15.85,11.09,,0.8159
2016/6/24,2.39,7.4,24.58,13.5871,15.7906,7.5522,15.44,10.85,,0.8178
2016/6/27,2.39,7.73,25.05,13.7348,15.7906,7.6294,15.5,11.32,,0.8225
2016/6/28,2.39,7.72,24.8,14.6406,15.7906,7.6005,15.62,11.26,,0.8235
2016/6/29,2.39,7.74,25.22,14.1877,15.7906,7.6198,16.58,11.32,,0.8235
2016/6/30,2.39,7.72,24.72,14.4141,15.7906,7.6198,16.73,11.22,,0.8235
2016/7/1,2.39,7.76,24.72,14.424,15.7906,7.6198,16.87,11.24,,0.8235
2016/7/4,2.39,8.05,25.51,14.4732,15.7906,7.6198,16.87,11.72,,0.8235
2016/7/5,2.39,8.09,25.43,14.5126,15.7906,7.6198,16.47,11.65,,0.8235
2016/7/6,2.39,8.28,25.67,14.1778,15.7906,7.6198,16.84,11.88,,0.8235
2016/7/7,2.39,8.62,26.4,14.2172,15.7906,7.6198,17.58,11.99,,0.8235
2016/7/8,2.39,8.37,25.59,13.8135,15.7906,7.6198,17.58,11.9,,0.8235
2016/7/11,2.39,8.59,25.48,13.6855,15.7906,7.6198,18.36,11.82,,0.8235
2016/7/12,2.39,8.95,25.68,13.8726,15.7906,7.6198,18.33,12.62,,0.8235
2016/7/13,2.39,8.88,25.7,13.8332,15.7906,7.6198,17.92,12.52,,0.8235
2016/7/14,2.39,8.58,25.33,13.7249,15.7906,8.064,17.81,12.15,,0.8377
2016/7/15,2.39,8.45,25.13,13.3606,15.7906,7.8998,17.54,12.17,,0.8358
2016/7/18,2.39,8.39,24.52,13.3606,15.7906,7.9288,17.53,11.91,,0.8377
2016/7/19,2.39,8.33,24.2,13.7151,15.7906,7.9192,17.34,11.94,,0.8377
2016/7/20,2.39,8.33,24.22,13.5674,15.7906,7.8709,17.3,11.83,,0.8368
2016/7/21,2.39,8.5,24.14,13.3606,15.7906,7.9095,17.28,11.95,,0.832
2016/7/22,2.39,8.2,23.99,13.0259,15.7906,7.8612,17.16,11.62,,0.8301
2016/7/25,2.39,8.14,23.18,12.9471,15.7906,7.8033,17.15,11.66,,0.8301
2016/7/26,2.39,8.28,23.45,13.0357,15.7906,8.4213,17.21,11.81,,0.8444
2016/7/27,2.39,7.76,21.85,12.1102,15.7906,7.9964,16.79,11.36,,0.814
2016/7/28,2.39,7.79,21.43,11.7066,15.7906,7.9868,16.79,11.29,,0.8149
2016/7/29,2.39,7.64,21.19,11.4703,15.7906,8.2475,17.59,11.14,,0.8244
2016/8/1,2.39,7.77,20.54,11.0863,15.7906,8.7497,17.91,11.24,,0.832
2016/8/2,2.39,7.96,20.93,11.2733,15.7906,9.0298,17.81,11.31,,0.832
2016/8/3,2.39,7.92,20.96,11.293,15.7906,9.9376,18.04,11.34,,0.8615
2016/8/4,2.39,7.92,21.34,11.3718,15.7906,9.6382,17.97,11.37,,0.852
2016/8/5,2.39,8.14,21.02,11.4407,15.7906,9.6189,18.01,11.59,,0.8511
2016/8/8,2.39,8.31,21.1,11.4604,15.7906,9.4257,18.15,11.75,,0.8511
2016/8/9,2.39,8.2,21.38,11.7558,15.7906,9.8796,18.33,11.59,,0.8558
2016/8/10,2.39,8.18,21.49,11.8936,15.7906,9.4644,18.45,11.44,,0.8463
2016/8/11,2.39,7.86,20.81,11.4998,15.7906,9.165,18.3,11.24,,0.8406
2016/8/12,2.39,8,20.98,11.5789,15.7906,9.2616,18.2,11.59,,0.8415
2016/8/15,2.39,8.16,21.45,11.7371,15.7906,9.3098,18.42,11.69,,0.8463
2016/8/16,2.39,8.32,21.71,11.8657,15.7906,9.3292,18.21,11.81,,0.8454
2016/8/17,2.39,8.25,21.49,11.8162,15.7906,9.4161,17.98,11.7,,0.8454
2016/8/18,2.39,8.33,21.41,11.6976,15.7906,9.1939,18.01,11.66,,0.8434
2016/8/19,2.39,8.38,21.48,12.538,15.7906,9.5126,18.17,11.67,,0.8444
2016/8/22,2.39,8.34,21.03,12.2809,15.7906,9.2712,17.92,11.44,,0.8444
2016/8/23,2.39,8.5,20.88,12.0931,15.7906,8.9139,17.94,11.52,,0.8454
2016/8/24,2.39,8.39,20.98,12.3403,15.7906,8.9429,17.68,11.53,,0.8606
2016/8/25,2.39,8.4,20.35,11.8657,15.7906,8.7883,17.76,11.35,,0.8748
2016/8/26,2.39,8.42,20.3,11.6778,15.7906,8.8753,18.11,11.35,,0.8796
2016/8/29,2.39,8.36,20.25,11.7173,15.7906,9.107,17.97,11.38,,0.8938
2016/8/30,2.39,8.2,20.33,11.6382,15.7906,8.8656,17.76,11.37,,0.8938
2016/8/31,2.39,8.14,20.34,11.7964,15.7906,8.8559,17.54,11.36,,0.8957
2016/9/1,2.39,8.95,20.12,11.5591,15.7906,8.7111,16.83,11.52,,0.8929
2016/9/2,2.39,8.7,20.14,11.4602,15.7906,8.7014,16.51,11.32,,0.9005
2016/9/5,2.39,8.65,20.5,11.4701,15.7906,8.7883,17.15,11.33,,0.9081
2016/9/6,2.39,8.62,20.71,11.4306,15.7906,8.8849,17.14,11.41,,0.9091
2016/9/7,2.39,8.79,20.39,11.4306,15.7906,8.8173,17.07,11.44,,0.9347
2016/9/8,2.39,8.66,20.34,11.4504,15.7906,8.8173,17.28,11.5,,0.93
2016/9/9,2.39,8.33,20.4,11.4701,15.7906,8.7883,17.36,11.49,,0.9357
2016/9/12,2.39,7.82,18.92,11.0252,15.7906,8.2475,17.24,11.12,,0.9233
2016/9/13,2.39,7.9,18.87,11.0845,15.7906,8.3537,17.27,11.15,,0.9357
2016/9/14,2.51,7.81,18.8,10.867,15.7906,8.3731,17.17,11.09,,0.9357
2016/9/19,2.64,8.03,18.93,11.1043,15.7906,8.489,17.06,11.22,,0.93
2016/9/20,2.57,8.1,18.79,10.9757,15.7906,8.7594,18.07,11.15,,0.9157
2016/9/21,2.57,8.08,18.74,10.9856,15.7906,8.9042,17.8,11.19,,0.9176
2016/9/22,2.52,8.12,18.93,11.1438,15.7906,9.0201,17.99,11.2,,0.9385
2016/9/23,2.44,7.99,18.95,10.5505,15.7906,9.0394,17.82,11.42,,0.9347
2016/9/26,2.35,7.72,18.05,10.4813,15.7906,9.0587,17.69,11.31,,0.9167
2016/9/27,2.37,7.82,18.16,10.6296,15.7906,8.9815,18.11,11.25,,0.9224
2016/9/28,2.49,7.84,18.15,10.4121,15.7906,9.136,17.96,11.12,,0.9433
2016/9/29,2.47,7.85,18.17,10.4813,15.7906,9.0491,17.73,11.12,,0.9442
2016/9/30,2.53,7.85,18.15,10.5209,15.7906,8.9525,17.63,11.12,,0.9414
2016/10/10,2.53,8,18.54,10.6494,15.7906,8.9718,17.82,11.28,,0.9433
2016/10/11,2.51,8.16,18.62,10.689,15.7906,9.3485,17.87,11.39,,0.9452
2016/10/12,2.5,8.15,18.5,10.6593,15.7906,9.7927,17.84,11.31,,0.9547
2016/10/13,2.57,8.16,18.52,10.2539,15.7906,9.7251,17.78,11.35,,0.9775
2016/10/14,2.52,8.25,18.38,10.2737,15.7906,9.7444,17.88,11.4,,0.9775
2016/10/17,2.5,8.1,18.58,10.4022,15.7906,9.8217,17.75,11.29,,0.9461
2016/10/18,2.53,8.29,19.32,11.4405,15.7906,9.8313,17.71,11.38,,0.9756
2016/10/19,2.52,8.29,19.14,11.4306,15.7906,9.6285,17.58,11.42,,0.9842
2016/10/20,2.51,8.38,19.15,11.2427,15.7906,9.6768,17.75,11.47,,0.9842
2016/10/21,2.51,8.35,19.38,11.0548,15.7906,9.6285,17.88,11.43,,0.9595
2016/10/24,2.64,8.5,20.35,11.1537,15.7906,9.7155,17.95,11.59,,0.9747
2016/10/25,2.65,9.35,20.93,11.2724,15.7906,10.0052,18.11,12.38,,0.9956
2016/10/26,2.65,8.83,20.43,11.0746,17.3696,9.9376,17.95,11.86,,0.9965
2016/10/27,2.7,8.83,20.35,10.8768,19.1086,9.8989,18.2,11.73,,0.9918
2016/10/28,2.66,8.86,19.79,10.5505,20.5177,9.6285,17.84,11.76,,0.9785
2016/10/31,2.62,8.8,20.04,10.6296,18.469,9.1553,17.86,11.78,,0.9794
2016/11/1,2.61,8.91,20,10.689,20.3178,9.3098,17.8,11.8,,0.9804
2016/11/2,2.56,8.8,19.55,10.4813,20.5577,9.1167,17.43,11.66,,0.9585
2016/11/3,2.56,8.71,19.73,10.9065,22.6165,9.165,17.5,11.66,,0.9747
2016/11/4,2.57,8.97,19.59,10.9362,24.8751,9.1553,17.69,11.58,,0.9728
2016/11/7,2.59,8.97,19.94,10.9955,27.3636,9.3485,17.78,11.85,,0.9699
2016/11/8,2.58,8.97,19.77,10.9856,27.3636,9.3678,17.62,11.73,,0.9699
2016/11/9,2.55,8.97,19.4,10.6791,27.3636,9.2133,17.59,12.04,,0.9671
2016/11/10,2.58,8.97,20.47,10.8373,27.3636,9.4933,17.5,12.48,,0.9737
2016/11/11,2.71,8.97,21.38,11.1735,27.3636,9.8989,17.58,13.73,,0.987
2016/11/14,2.73,8.97,20.65,11.2032,30.102,10.4398,17.43,14.09,,1.0003
2016/11/15,2.7,8.97,20.42,11.5987,28.2031,10.1887,17.36,13.49,,0.9937
2016/11/16,2.71,8.97,20.47,11.6086,27.6335,10.0824,17.38,13.21,,0.9927
2016/11/17,2.69,9.2,20.25,11.4899,26.9239,10.1307,17.33,13.21,,0.9851
2016/11/18,2.68,8.91,19.95,11.391,26.4342,9.8893,17.37,12.96,,0.9642
2016/11/21,2.69,8.85,19.99,11.3712,26.3442,9.9955,17.32,12.94,,0.9699
2016/11/22,2.71,9.74,20.51,11.6679,26.2343,10.4494,17.46,13.69,,0.9832
2016/11/23,2.69,10.28,20.09,11.3811,25.9045,10.4011,17.32,13.51,,0.9775
2016/11/24,2.69,10.49,20.1,11.4306,25.075,11.0868,17.32,13.2,,1.0013
2016/11/25,2.73,10.58,19.8,11.7767,23.9157,11.5987,17.31,13.05,,1.0108
2016/11/28,2.74,10.58,20.05,12.2513,23.7058,11.4345,17.29,13.32,,1.007
2016/11/29,2.71,10.1,19.48,11.8953,22.5465,10.7585,17.31,12.77,,0.9918
2016/11/30,2.68,9.73,19.06,11.7173,22.5065,10.7778,17.21,12.34,,0.9937
2016/12/1,2.72,9.85,19.11,12.103,22.6365,10.6522,17.25,12.54,,1.0003
2016/12/2,2.69,9.31,18.56,11.7272,21.9269,10.3239,17.15,12.18,,1.0032
2016/12/5,2.68,9.47,18.32,11.8755,22.1168,10.3528,17.02,12.4,,1.0061
2016/12/6,2.68,9.35,18.55,11.7074,22.7164,10.1597,17.03,12.34,,1.007
2016/12/7,2.74,9.72,18.73,11.8261,23.0562,10.6039,16.95,12.68,,1.0137
2016/12/8,2.7,9.54,18.52,11.4899,23.0362,10.4398,16.68,12.65,,1.007
2016/12/9,2.69,9.48,18.4,11.2724,23.1162,10.3432,16.69,12.35,,1.0042
2016/12/12,2.62,9.15,16.98,10.4418,20.8076,9.5706,16.44,11.92,,0.9851
2016/12/13,2.62,9.33,17.12,10.5407,21.1573,9.7444,16.73,12.1,,0.9851
2016/12/14,2.58,9.03,16.92,10.3033,22.2867,9.5706,16.55,11.73,,0.9785
2016/12/15,2.58,9.15,16.98,10.3923,23.1561,9.532,16.27,11.86,,0.9775
2016/12/16,2.62,9.36,17.19,10.5505,23.8457,9.532,16.32,12.06,,0.9794
2016/12/19,2.6,9.23,17.16,10.6,21.9269,9.5609,16.12,12.14,,0.9652
2016/12/20,2.57,9.46,17.19,10.511,24.1156,9.8217,16.13,11.95,,0.9661
2016/12/21,2.59,9.57,17.27,10.5703,26.5241,9.841,16.03,12.13,,0.9728
2016/12/22,2.57,9.45,17.11,10.4418,25.8745,9.7155,15.71,12.05,,0.9766
2016/12/23,2.55,9.06,16.77,10.244,23.3161,9.4933,15.54,11.86,,0.9823
2016/12/26,2.52,9.2,16.99,10.2341,23.7958,9.3098,15.85,11.96,,0.9709
2016/12/27,2.52,9.17,17.1,10.2638,23.7658,9.3195,15.96,11.99,,0.9661
2016/12/28,2.5,9.19,17.08,10.333,23.0962,9.2326,16.59,11.99,,0.9509
2016/12/29,2.46,9.48,17.1,10.244,24.0356,9.1263,16.71,12.16,,0.9423
2016/12/30,2.39,9.47,17.03,10.1451,23.9357,9.165,17.2,12.24,,0.9328
2017/1/3,2.39,9.85,17.16,10.244,23.1561,9.3678,17.06,12.25,,0.9376
2017/1/4,2.44,9.88,17.73,10.4813,22.7264,9.4644,16.84,12.36,,0.9471
2017/1/5,2.43,9.8,17.65,10.4418,23.2461,9.6672,16.66,12.24,,0.95
2017/1/6,2.44,9.89,17.38,10.5703,21.747,9.5416,16.82,12.23,,0.9423
2017/1/9,2.43,9.94,17.58,10.6099,20.8575,9.6092,16.64,12.33,,0.9452
2017/1/10,2.46,10.18,18,10.6099,21.1174,9.532,16.53,12.58,,0.948
2017/1/11,2.46,9.75,17.81,10.4517,20.8875,9.8893,16.33,12.5,,0.9509
2017/1/12,2.42,9.67,17.47,10.2242,20.3478,9.7541,16.33,12.25,,0.9471
2017/1/13,2.38,9.35,17.2,9.9078,19.1485,9.3968,16.33,12.04,,0.9452
2017/1/16,2.32,9.06,16.4,9.2354,17.9293,9.0008,16.33,11.7,,0.9243
2017/1/17,2.34,9.07,16.41,9.2453,18.459,9.1553,16.41,11.63,,0.9271
2017/1/18,2.33,9.05,16.15,9.1563,18.8987,9.2326,16.22,11.52,,0.9281
2017/1/19,2.33,8.86,16.33,9.097,19.3084,9.1939,16.01,11.28,,0.9281
2017/1/20,2.36,9,16.74,9.2058,19.3584,9.3871,16.14,11.41,,0.9366
2017/1/23,2.31,9.15,16.78,9.2948,20.3378,9.7637,15.94,11.53,,0.9461
2017/1/24,2.28,9.25,16.65,9.3739,19.8781,9.6092,15.7,11.51,,0.9519
2017/1/25,2.27,9.07,16.86,9.3244,19.4384,9.6092,15.73,11.6,,0.948
2017/1/26,2.29,9.26,17.03,9.3936,19.8981,9.8024,15.81,11.71,,0.9547
2017/2/3,2.29,9.04,16.8,9.3145,19.2385,9.5223,15.88,11.39,,0.9461
2017/2/6,2.31,9.1,16.88,9.4332,19.4684,9.6092,16.04,11.49,,0.9538
2017/2/7,2.31,9.22,16.77,9.4233,20.5577,9.6479,15.97,11.58,,0.95
2017/2/8,2.31,9.37,16.78,9.4431,20.6476,9.9665,15.77,11.57,,0.9547
2017/2/9,2.33,9.49,17.28,9.5321,20.5677,9.9569,15.91,11.65,,0.9604
2017/2/10,2.45,10.28,17.53,9.5123,20.8975,10.1694,15.99,12.18,,0.9756
2017/2/13,2.44,10.08,17.53,9.631,20.9475,10.1983,15.89,12.17,,0.9804
2017/2/14,2.45,10.21,17.57,9.5222,20.9974,10.15,15.78,12.25,,0.9794
2017/2/15,2.43,9.83,17.28,9.2453,20.5577,9.9665,15.62,12,,0.9766
2017/2/16,2.44,9.96,17.59,9.2651,21.2873,10.2176,15.62,12.1,,0.987
2017/2/17,2.4,9.9,17.73,9.2651,20.7376,9.87,15.69,12,,0.9785
2017/2/20,2.42,10.29,17.88,9.4233,21.1473,9.9955,15.72,12.33,,0.9889
2017/2/21,2.43,10.45,18.18,9.4431,21.3172,10.1887,15.69,12.67,,0.9889
2017/2/22,2.48,10.5,18.17,9.5914,23.446,10.237,15.64,12.58,,0.9889
2017/2/23,2.45,10.67,18.76,9.6013,24.3854,10.2273,15.65,13.82,,0.9937
2017/2/24,2.46,10.08,18.46,9.5815,25.3448,10.1597,15.6,12.84,,0.9899
2017/2/27,2.45,10.05,18.02,9.4727,23.9157,9.8989,15.52,12.8,,0.9747
2017/2/28,2.45,10.2,18.14,9.5123,23.6359,10.0052,15.47,12.75,,0.9832
2017/3/1,2.49,10.12,18.1,9.5123,23.9956,10.4591,15.41,12.7,,0.9937
2017/3/2,2.61,10.11,18.19,9.5222,23.8457,10.3046,15.41,12.46,,0.9794
2017/3/3,2.55,9.81,18.5,9.4727,22.5865,10.3142,15.3,12.27,,0.9766
2017/3/6,2.59,9.87,18.53,9.5914,22.8463,10.3915,15.29,12.43,,0.9785
2017/3/7,2.57,9.9,18.18,9.5815,22.9563,10.2273,15.2,12.44,,0.988
2017/3/8,2.53,9.74,18.37,9.4727,22.7064,10.0535,14.93,12.41,,0.9861
2017/3/9,2.51,9.66,17.73,9.275,21.697,9.7444,14.89,12.31,,0.9794
2017/3/10,2.53,9.62,17.94,9.2651,21.8869,9.7155,14.78,12.29,,0.9785
2017/3/13,2.55,9.79,18.04,9.2948,21.757,9.7927,15,12.4,,0.9775
2017/3/14,2.54,9.84,17.8,9.2453,21.5071,9.8024,14.9,12.48,,0.9699
2017/3/15,2.56,9.94,17.7,9.186,23.6558,10.0052,14.96,12.65,,0.9766
2017/3/16,2.57,9.98,17.89,9.3343,24.2955,9.9859,14.89,12.67,,0.9785
2017/3/17,2.58,9.65,17.59,9.2651,23.5459,10.2756,14.65,12.37,,0.9899
2017/3/20,2.61,9.68,17.7,9.2552,23.8457,10.6233,14.52,12.31,,0.9937
2017/3/21,2.6,9.44,17.55,9.2058,24.0356,10.5074,14.58,12.19,,0.9937
2017/3/22,2.56,9.27,17.06,9.0377,23.9657,10.2466,14.24,11.95,,0.9785
2017/3/23,2.55,9.31,17.25,9.0179,25.145,10.0148,13.88,11.88,,0.9566
2017/3/24,2.56,9.39,17.11,8.9783,24.8451,10.1018,13.84,12.02,,0.9633
2017/3/27,2.51,9.22,17.06,8.9981,24.995,10.1887,14.67,11.84,,0.9557
2017/3/28,2.52,9.17,17.8,9.008,24.2855,10.0052,14.65,11.76,,0.9509
2017/3/29,2.51,9.2,17.6,8.7806,24.2355,10.0342,14.75,11.75,,0.9452
2017/3/30,2.44,8.9,17.85,8.4741,24.2855,9.7251,14.53,11.4,,0.9423
2017/3/31,2.49,8.98,18.2,8.5433,24.9851,9.6768,14.86,11.57,,0.9452
2017/4/5,2.58,9.19,18.94,8.6421,27.4836,9.9376,14.91,11.75,,0.9557
2017/4/6,2.6,9.16,18.64,8.652,30.2319,9.9665,14.88,11.77,,0.9595
2017/4/7,2.6,9.15,18.47,8.6916,33.2601,9.8603,14.73,11.73,,0.9595
2017/4/10,2.69,8.89,17.97,8.5532,36.5881,9.7155,14.71,11.5,,0.9538
2017/4/11,2.82,9.01,18.03,8.5828,40.2459,9.8313,14.42,11.93,,0.9442
2017/4/12,2.96,9.11,17.65,8.7806,44.2735,10.179,14.38,12.06,,0.9452
2017/4/13,3.11,8.89,17.83,8.741,44.2735,10.4108,14.45,11.99,,0.9604
2017/4/14,3.24,8.84,17.18,8.5235,44.2735,11.4538,14.59,11.92,,0.9937
2017/4/17,3.08,8.66,16.57,8.4543,39.8462,11.956,14.3,12.17,,0.9804
2017/4/18,3.03,8.28,16.3,8.4444,35.8585,11.8208,13.88,11.97,,0.9823
2017/4/19,3.07,7.88,16.03,8.0686,35.8885,11.0965,13.2,11.58,,0.9661
2017/4/20,3.07,7.65,16.18,8.0884,35.8885,11.8594,13.56,11.34,,0.9804
2017/4/21,3.07,7.81,15.97,8.2961,35.8885,11.2124,14.19,11.34,,0.9804
2017/4/24,3.07,7.35,14.86,7.9005,35.8885,10.0921,13.52,10.52,,0.9576
2017/4/25,3.07,7.39,14.88,7.9994,35.8885,10.208,13.51,10.42,,0.9614
2017/4/26,3.07,7.45,14.98,7.9401,35.8885,10.5846,13.6,10.51,,0.9633
2017/4/27,3.07,7.5,14.82,7.9302,35.8885,10.8068,13.49,10.9,,0.9623
2017/4/28,3.07,7.61,14.81,8.0192,39.4764,10.6329,13.49,10.83,,0.9547
2017/5/2,3.07,7.65,14.79,8.0983,42.2747,10.0921,13.33,10.68,,0.9433
2017/5/3,3.07,7.82,14.92,7.9895,38.0472,9.8507,13.49,10.71,5.3043,0.948
2017/5/4,3.07,7.63,14.64,7.9104,36.818,9.7637,13.35,10.6,5.8357,0.95
2017/5/5,,7.69,14.07,7.7423,37.0279,9.3002,13.24,11.17,6.4163,0.9262
2017/5/8,,7.36,13.33,7.7226,33.3301,8.798,13.14,11.12,7.0559,0.9119
2017/5/9,,7.48,13.36,7.7522,33.0802,8.9815,13.26,11.28,7.7645,0.9176
2017/5/10,,7.27,13.05,7.6138,31.0214,8.5276,13.17,11.16,8.5419,0.9062
2017/5/11,,7.18,12.55,7.4754,31.6311,8.4213,12.74,11.05,9.3981,0.9043
2017/5/12,,7.17,12.48,7.416,32.5505,8.489,13.67,10.75,10.3428,0.9043
2017/5/15,,7.08,12.46,7.416,32.8304,8.402,12.64,10.9,11.3761,0.9043
2017/5/16,,7.29,13.35,7.5149,34.4794,8.6242,12.7,11.4,12.5177,0.91
2017/5/17,,7.4,13.47,7.5149,35.139,8.6918,12.63,11.2,13.7675,0.9138
2017/5/18,,7.29,13.09,7.3963,31.6211,8.7014,12.45,11.19,15.1452,0.911
2017/5/19,,7.36,13.66,7.5248,33.0103,8.7787,12.46,11.19,16.6607,0.91
2017/5/22,,7.2,13.51,7.6138,31.4312,8.431,12.06,11.05,18.3238,0.8996
2017/5/23,,6.81,12.81,7.3172,29.2825,8.2668,11.35,10.44,20.1542,0.8701
2017/5/24,,6.81,13.27,7.1392,29.8322,8.3827,11.36,10.57,22.1716,0.8748
2017/5/25,,6.93,13.52,7.1688,30.2919,8.74,11.38,10.68,22.9097,0.8805
2017/5/26,,6.95,13.36,7.1095,29.7822,8.6338,11.43,10.65,23.5887,0.8805
2017/5/31,,6.85,13.28,7.0996,31.0114,8.6918,11.45,10.69,22.3684,0.8872
2017/6/1,,6.65,12.76,6.7733,27.9933,8.5855,11.42,10.24,21.8469,0.8701
2017/6/2,,6.82,13.02,6.8326,29.0426,8.7883,11.39,10.33,19.8196,0.8767
2017/6/5,,6.88,13.15,6.9315,28.9027,8.8463,11.42,10.39,21.0793,0.8796
2017/6/6,,6.93,13.13,6.9513,28.3031,8.8656,11.42,10.42,19.9574,0.8729
2017/6/7,,7.07,13.44,7.1194,30.2319,8.9718,11.69,10.57,20.666,0.8891
2017/6/8,,7.01,13.81,7.0798,30.4118,8.8849,11.76,10.58,19.5047,0.8881
2017/6/9,,7,13.64,7.0897,31.741,8.8559,11.77,10.59,19.5638,0.8872
2017/6/12,,6.93,13.23,6.9216,31.1514,8.6918,11.77,10.41,17.7235,0.8729
2017/6/13,,7.13,13.95,7.0502,31.1614,8.8559,11.88,10.54,18.3927,0.8739
2017/6/14,,7.09,13.85,7.1392,30.172,8.8656,11.77,10.52,17.6645,0.8805
2017/6/15,,7.19,13.86,7.2183,29.9421,8.9622,11.83,10.75,18.314,0.8843
2017/6/16,,7.27,14.02,7.2084,30.2519,9.0008,11.96,10.67,18.6092,0.8796
2017/6/19,,7.3,14,7.3172,29.3325,9.2036,11.92,10.66,18.6682,0.8834
2017/6/20,,7.24,14.26,7.2282,30.2319,9.1263,11.88,10.67,18.6387,0.8834
2017/6/21,,7.19,14.09,7.2282,31.4612,9.107,11.61,10.6,19.3571,0.8748
2017/6/22,,7.01,13.7,7.1392,30.4918,8.9911,11.35,10.42,18.1762,0.8796
2017/6/23,,7.11,14.1,7.1491,29.6922,9.2036,11.36,10.32,18.4419,0.8777
2017/6/26,,7.26,14.31,7.2677,29.7122,9.3581,11.47,10.44,18.8552,0.8853
2017/6/27,,7.44,14.17,7.2578,29.4924,9.7058,11.7,10.59,18.9044,0.8996
2017/6/28,,7.33,14.13,7.1985,29.4324,9.532,11.57,10.61,19.3079,0.8938
2017/6/29,,7.43,14.17,7.2479,29.6323,9.8507,11.55,10.62,19.6917,0.9034
2017/6/30,,7.38,14.17,7.2677,29.7822,9.8507,11.54,10.56,20.2822,0.9024
2017/7/3,,7.62,14.3,7.327,30.5817,9.9183,11.57,10.82,21.9846,0.9053
2017/7/4,,7.51,14.4,7.2974,30.6017,9.812,11.67,10.72,21.7189,0.8948
2017/7/5,,7.61,14.79,7.3864,30.3618,9.8796,11.74,10.84,23.1459,0.9015
2017/7/6,,7.77,15.36,7.416,29.7022,10.15,11.88,10.87,24.9074,0.9224
2017/7/7,,8.1,15.85,7.6632,30.9415,10.1018,12.17,11.12,24.8385,0.9186
2017/7/10,,8.23,15.59,7.8412,30.4318,10.2273,11.89,11.18,22.3586,0.9224
2017/7/11,,8,15.1,7.6039,29.5623,10.1211,11.9,10.86,21.0104,0.9176
2017/7/12,,8.16,16.37,7.5742,29.8921,10.3637,11.85,11,21.6599,0.9186
2017/7/13,,8.1,16.33,7.8116,29.2825,10.6257,11.82,11.17,20.7939,0.9339
2017/7/14,,7.97,15.84,7.6929,27.1937,10.8392,11.67,11.06,21.1186,0.9339
2017/7/17,,7.46,14.27,7.1589,24.4754,11.4699,11.43,10.77,19.0028,0.9406
2017/7/18,,8,14.52,7.238,24.2255,12.6149,11.48,11.26,18.6092,0.9626
2017/7/19,,8.8,15.43,7.9599,24.2555,13.8764,11.96,11.88,19.7606,1.001
2017/7/20,,8.63,15.61,8.039,24.0956,15.2641,11.91,11.86,19.6327,1.001
2017/7/21,,8.56,15.48,8.0884,24.1356,16.021,12.12,11.76,19.2587,0.9971
2017/7/24,,8.36,15.88,8.128,24.5353,15.3126,12.12,11.91,19.7803,0.9962
2017/7/25,,8.78,15.66,8.4345,24.5353,15.2835,11.96,11.93,19.2882,0.9875
2017/7/26,,8.53,16.1,8.1972,25.6047,14.9827,11.9,11.79,19.4162,0.9847
2017/7/27,,8.47,15.53,8.1082,25.6547,14.5557,11.86,11.47,19.3473,0.9818
2017/7/28,,8.65,15.98,8.0785,26.4342,14.7401,11.82,12.01,20.0853,0.9914
2017/7/31,,9.52,16.73,8.3257,27.0938,15.3902,12.7,13.2,21.8567,1
2017/8/1,,10.06,16.41,8.3257,27.3436,13.8473,12.6,12.5,24.0414,0.9425
2017/8/2,,9.85,18.05,8.1181,27.0638,13.8861,12.49,12.48,24.2382,0.954
2017/8/3,,9.62,17.95,8.0686,26.784,13.8182,12.7,12.33,22.7522,0.9578
2017/8/4,,9.23,16.94,7.9797,26.4042,13.2942,12.64,12.12,21.6796,0.9559
2017/8/7,,9.75,17.3,8.1576,26.5441,14.0414,12.96,12.54,21.778,0.9722
2017/8/8,,9.41,16.96,8.3455,29.2025,13.7406,12.79,12.14,21.0005,0.9665
2017/8/9,,9.68,17.42,8.3851,29.9421,14.5072,12.96,12.4,21.1875,0.9942
2017/8/10,,9.29,16.69,8.5828,29.2925,15.332,12.8,12.06,21.8173,1.0019
2017/8/11,,8.36,15.6,8.4147,29.6123,13.7988,12.15,11.32,20.3117,0.9607
2017/8/14,,8.4,16.15,8.3949,30.2719,13.4107,12.29,11.41,20.5577,0.9741
2017/8/15,,8.41,16.12,8.5828,29.4624,13.8376,12.25,11.34,22.2602,0.9751
2017/8/16,,8.36,15.68,8.3851,29.3624,14.4781,12.15,11.28,22.2011,0.9895
2017/8/17,,8.54,15.83,8.3356,30.082,15.2738,12.13,11.38,22.4472,1.0029
2017/8/18,,8.98,15.57,8.1675,29.5823,16.7973,12.13,11.63,20.9317,1.0259
2017/8/21,,9.1,15.78,8.217,29.3924,18.476,12.25,11.64,21.2466,1.0575
2017/8/22,,8.9,16.08,8.1181,28.6029,19.7375,12.06,11.43,22.4373,1.046
2017/8/23,,8.47,15.7,7.9401,27.7934,18.6022,11.77,11.25,21.7485,1.0326
2017/8/24,,8.34,15.43,7.861,27.5035,17.5833,11.72,11.21,21.1285,1.023
2017/8/25,,8.58,15.67,8.0093,27.7234,17.9229,11.82,11.36,21.9059,1.0498
2017/8/28,,8.66,15.83,8.1379,27.9633,17.9909,11.82,11.41,22.8014,1.0546
2017/8/29,,8.59,15.94,8.039,28.483,17.3116,11.83,11.38,25.0845,1.0517
2017/8/30,,8.83,16.3,8.0785,28.6029,18.117,11.8,11.53,24.3563,1.0651
2017/8/31,,9.16,16.59,8.0884,28.2831,17.6609,11.8,11.75,26.7969,1.0661
2017/9/1,,9.37,16.75,8.1675,29.1626,17.7483,12.02,11.95,27.0724,1.0728
2017/9/4,,9.29,16.57,8.1972,30.4918,17.3892,11.96,11.89,24.7795,1.0517
2017/9/5,,9.09,17.11,8.0884,30.072,17.6318,11.76,11.72,24.7696,1.0575
2017/9/6,,9.29,17.45,8.0192,29.2925,17.4669,11.83,12.21,25.1141,1.0575
2017/9/7,,9,17,7.9994,29.1825,18.1073,11.73,12.06,26.7181,1.0488
2017/9/8,,9.2,18.7,7.9994,29.1326,18.641,11.81,12.12,26.4327,1.0872
2017/9/11,,9.49,20.57,8.3257,28.8627,18.3014,11.9,12.42,27.4365,1.0919
2017/9/12,,9.42,22.49,8.2071,28.2431,18.2917,11.81,12.79,25.1928,1.0967
2017/9/13,,9.75,23.13,8.8004,28.5829,18.1364,12.38,13.82,25.9702,1.0958
2017/9/14,,9.38,22.3,8.6817,28.7228,16.8458,12.34,13.03,25.429,1.067
2017/9/15,,9.08,22.61,8.6718,28.9927,15.5358,12.19,12.77,25.1829,1.0421
2017/9/18,,9.17,23.25,8.563,28.443,15.6037,12.02,12.84,26.7083,1.0441
2017/9/19,,9.07,23.07,8.5532,28.1132,15.7202,12.27,12.4,27.033,1.0479
2017/9/20,,9.33,24.15,8.5037,29.1326,15.9142,12.23,12.64,27.8302,1.0546
2017/9/21,,9.08,21.87,8.306,28.2931,15.1282,11.84,12.25,26.0391,1.0383
2017/9/22,,8.76,21.29,8.1972,28.2931,14.6333,11.74,12.14,26.541,1.0297
2017/9/25,,8.45,20.57,8.0588,27.8833,14.0996,11.46,11.9,27.3972,1.0239
2017/9/26,,8.56,20.98,8.0983,28.0832,14.3034,11.5,12.09,30.1329,1.0383
2017/9/27,,8.68,21.01,8.1675,28.0332,14.7013,11.53,12.14,28.9815,1.0488
2017/9/28,,8.48,20.15,8.0093,27.6335,14.2937,11.59,12.01,29.8377,1.0479
2017/9/29,,8.5,19.88,8.128,27.9633,14.2646,11.6,12.11,28.8241,1.0517
2017/10/9,,8.57,20.4,8.2071,28.0432,14.3713,11.66,12.17,29.139,1.0479
2017/10/10,,8.59,20.21,8.2664,28.9327,14.1967,11.78,12.06,29.4637,1.0364
2017/10/11,,8.46,20.08,8.4543,28.9027,13.9735,11.88,12.16,30.3101,1.0335
2017/10/12,,8.35,19.28,8.4642,29.3824,13.7212,11.91,11.71,29.3752,1.0115
2017/10/13,,8.38,19.27,8.3949,29.2625,13.7212,11.86,11.64,28.4797,1.0144
2017/10/16,,8.38,19.26,8.2763,28.5329,13.6241,11.52,11.46,28.086,1.0096
2017/10/17,,8.27,18.68,8.0785,27.8234,13.2748,11.54,11.52,28.1254,0.978
2017/10/18,,8.08,18.22,7.9698,27.4036,12.8284,11.35,11.39,25.5077,0.9693
2017/10/19,,7.75,18.34,7.8116,26.0444,13.0031,11.15,11.13,24.6023,0.9713
2017/10/20,,7.98,18.94,7.9203,26.6041,13.76,11.71,11.29,25.5274,0.9952
2017/10/23,,7.94,18.75,7.9302,27.4036,13.6436,11.87,11.27,25.5667,0.9914
2017/10/24,,7.98,19,7.9302,26.9439,13.5756,11.7,11.27,25.5372,0.9847
2017/10/25,,7.99,18.77,8.039,27.1038,13.4883,12.07,11.3,25.6061,0.9856
2017/10/26,,8,18.96,8.0588,26.9739,13.7988,12.25,11.37,26.7969,0.999
2017/10/27,,7.8,18.33,7.9698,26.784,13.4398,12.22,11.2,26.3343,0.9847
2017/10/30,,7.5,16.88,7.6039,25.6247,12.7314,12.09,10.68,24.3858,0.9674
2017/10/31,,7.59,17.03,7.7324,25.7646,13.0419,12.11,10.75,24.8779,0.9665
2017/11/1,,7.57,17.04,7.6138,25.8845,13.1001,12.12,10.62,25.3404,0.9703
2017/11/2,,7.58,17.02,7.4852,25.2849,12.877,12.1,10.6,24.5826,1.0086
2017/11/3,,7.36,16.25,7.2875,25.4648,12.2074,11.98,10.55,23.4411,0.999
2017/11/6,,7.75,16.6,7.3765,25.6247,12.6538,13.18,10.78,23.8839,1.0192
2017/11/7,,7.72,16.75,7.3864,25.4848,12.6926,13.58,10.84,23.756,1.022
2017/11/8,,7.69,17.07,7.3864,25.7046,12.8867,14,10.86,24.1004,1.0201
2017/11/9,,7.72,17.08,7.5446,25.9845,12.7702,14.01,10.86,24.0611,1.023
2017/11/10,,7.62,17.08,7.4556,25.7046,12.9158,13.27,10.76,23.6182,1.0172
2017/11/13,,7.72,17.29,7.3765,25.5847,13.333,13.02,10.67,24.0119,1.0259
2017/11/14,,7.76,16.8,7.3172,25.3848,14.6625,12.45,10.65,23.4313,1.0546
2017/11/15,,7.57,16,7.4457,25.1949,14.1482,12.13,10.7,21.7977,1.0421
2017/11/16,,7.45,15.76,7.4061,24.1655,14.6625,12.16,10.51,20.9218,1.046
2017/11/17,,7.15,14.5,7.07,22.1368,13.9056,11.39,9.88,19.3571,1.022
2017/11/20,,7.2,14.99,6.9315,22.3266,13.5368,11.29,9.66,19.1997,1.0115
2017/11/21,,7.13,15.16,6.9019,22.3566,13.0128,11.31,9.52,19.2784,1.0077
2017/11/22,,7.16,15.22,6.9019,22.5665,12.9061,11.31,9.52,19.1209,1.0124
2017/11/23,,7.22,14.91,6.7041,21.657,14.0026,11.38,9.48,18.7076,1.0287
2017/11/24,,7.38,16.4,6.6744,21.707,14.9439,11.66,9.45,19.4162,1.045
2017/11/27,,7.29,15.74,6.6843,23.8757,14.808,11.47,9.37,19.6622,1.0345
2017/11/28,,7.49,15.94,6.7535,24.0856,15.332,11.6,9.51,19.7311,1.0517
2017/11/29,,7.7,16.16,6.8425,23.5459,15.6134,11.69,9.73,20.7447,1.0536
2017/11/30,,7.81,15.73,6.7832,23.356,15.0021,11.46,9.7,20.2034,1.0488
2017/12/1,,7.81,15.88,6.8524,23.356,15.4582,11.38,9.59,19.8688,1.0527
2017/12/4,,7.86,15.89,6.7338,22.2267,15.9919,11.22,9.64,18.7568,1.0546
2017/12/5,,7.4,14.8,6.536,22.4066,15.9919,10.96,8.69,17.694,1.0259
2017/12/6,,7.57,15.03,6.6052,22.7664,16.1957,11.06,8.75,18.2549,1.0575
2017/12/7,,7.41,14.93,6.5755,22.8263,15.2641,11.01,8.7,18.2254,1.0498
2017/12/8,,7.5,15.16,6.6151,23.1861,16.3024,11.09,8.73,18.9241,1.0718
2017/12/11,,7.62,15.38,6.6645,23.1761,16.4771,11.11,8.85,18.9536,1.0776
2017/12/12,,7.51,15.6,6.5953,22.7664,15.8463,11.13,8.85,18.2549,1.0757
2017/12/13,,7.51,15.58,6.6151,23.1262,15.7396,11.14,8.87,18.3238,1.0728
2017/12/14,,7.46,15.49,6.5854,22.9363,15.1768,11.07,8.82,18.2156,1.0575
2017/12/15,,7.35,15.52,6.8821,24.1256,13.9929,10.88,8.71,18.4222,1.0469
2017/12/18,,7.79,15.42,6.9711,23.5859,14.2452,10.8,8.92,18.314,1.0546
2017/12/19,,7.72,15.29,6.892,23.476,13.9735,10.99,8.89,18.5698,1.0546
2017/12/20,,7.7,14.9,6.7733,23.2161,13.3913,10.76,8.88,18.2845,1.0488
2017/12/21,,7.76,14.93,6.6942,22.7364,14.3325,10.59,8.75,18.1368,1.0651
2017/12/22,,7.82,15.01,6.6645,22.3766,14.1482,10.7,8.71,18.1565,1.0632
2017/12/25,,7.55,14.78,6.5558,22.0368,13.6338,10.46,8.5,17.9597,1.0565
2017/12/26,,7.63,14.92,6.6349,22.6265,13.7212,10.23,8.73,18.806,1.0546
2017/12/27,,7.58,15.59,6.5755,22.4566,13.7988,9.91,8.81,20.6856,1.0594
2017/12/28,,7.91,15.91,6.6645,22.9962,14.1967,9.95,9.01,21.778,1.0632
2017/12/29,,7.84,15.7,6.7634,22.7864,14.0414,10.01,8.85,20.4495,1.0699
2018/1/2,,7.06,15.85,6.803,23.1961,14.2452,10.35,8.98,20.4888,1.0728
2018/1/3,,6.89,15.97,6.8425,25.5147,14.2646,10.49,9.02,21.1186,1.0728
2018/1/4,,6.85,15.9,6.8623,25.1749,14.8565,10.45,9.01,21.1482,1.0766
2018/1/5,,6.81,15.98,6.981,24.8951,15.167,10.4,8.98,21.1875,1.0919
2018/1/8,,6.86,16.3,6.892,24.4054,15.4485,11.38,9.17,21.9453,1.0996
2018/1/9,,6.79,16.16,6.8524,24.2155,15.1379,11.17,9.18,21.3647,1.0872
2018/1/10,,6.59,15.98,6.7832,24.5953,14.9342,11.13,9.02,20.7152,1.0862
2018/1/11,,6.58,16.38,6.8326,24.2755,14.9439,11.28,9.11,21.0104,1.09
2018/1/12,,6.51,15.97,6.9117,23.9956,14.4878,11.18,9.13,20.4298,1.1188
2018/1/15,,6.2,15.05,6.6547,24.3254,13.5174,10.85,8.77,20.0558,1.1149
2018/1/16,,6.25,15.19,6.714,24.5853,13.6921,10.98,8.83,20.8136,1.1264
2018/1/17,,6.21,14.89,6.7634,24.3654,13.7406,10.98,8.9,21.7485,1.1322
2018/1/18,,6.3,15.01,6.7931,24.7052,13.9444,10.98,8.95,21.217,1.1322
2018/1/19,,6.23,14.88,6.9216,24.2855,13.7406,10.98,8.84,21.1482,1.1465
2018/1/22,,6.28,15.05,6.981,24.1755,13.9832,10.98,8.91,21.6107,1.1379
2018/1/23,,6.37,15.31,6.9315,24.5053,13.857,10.98,9.07,22.1519,1.1216
2018/1/24,,6.35,15.2,6.9019,24.5453,13.663,10.98,9.03,22.0732,1.1255
2018/1/25,,6.41,15.1,6.9513,24.9451,13.7309,10.98,9.11,21.6697,1.1379
2018/1/26,,6.32,15.04,6.9216,24.6752,13.4495,10.98,9.03,20.8726,1.1178
2018/1/29,,6.07,15.32,6.8425,23.6758,13.5465,10.98,9.16,20.971,1.1197
2018/1/30,,6.08,15.34,6.7239,23.6858,13.4495,9.88,8.86,21.5418,1.1178
2018/1/31,,5.64,14.68,6.5755,22.7064,12.7799,9.37,8.65,20.8431,1.0919
2018/2/1,,5.08,13.67,6.2492,21.6471,12.3626,9.33,7.94,21.2564,1.0919
2018/2/2,,5.12,13.8,6.2492,21.9269,12.4888,9.4,7.9,20.3117,1.1188
2018/2/5,,5.15,13.57,6.2591,21.707,12.4791,9.39,7.97,21.532,1.1092
2018/2/6,,4.8,12.36,5.8834,19.5383,11.499,8.99,7.29,20.0558,1.0824
2018/2/7,,4.92,12.62,5.9328,19.6183,11.7416,9.01,7.33,20.0952,1.0699
2018/2/8,,5.09,12.81,6.002,19.8881,11.8095,9.04,7.36,19.9672,1.0431
2018/2/9,,4.95,12.32,5.7252,18.6888,10.9071,9.13,6.69,18.1664,1.0201
2018/2/12,,5.05,12.89,5.8636,19.0786,11.1206,9.03,6.72,18.8257,1.0287
2018/2/13,,5.04,12.7,5.8834,19.4684,11.7513,9.04,6.66,18.56,1.0508
2018/2/14,,5.18,12.96,5.8735,19.6482,11.6252,9.19,7.33,19.5441,1.0488
2018/2/22,,5.24,13.52,5.9724,20.8076,11.8872,9.07,7.58,21.2072,1.0546
2018/2/23,,5.25,13.54,6.0614,21.0774,12.0424,8.68,7.35,21.4335,1.0546
2018/2/26,,5.31,14,6.1405,21.697,12.2074,8.7,7.47,22.457,1.0824
2018/2/27,,5.27,13.76,6.1009,21.2873,11.8969,8.84,7.41,22.0142,1.0728
2018/2/28,,5.24,13.89,6.1009,21.1374,12.1492,9.08,7.36,22.5259,1.0891
2018/3/1,,5.32,13.89,6.1306,21.2973,12.1201,9.12,7.43,24.2874,1.0996
2018/3/2,,5.35,13.93,6.1009,21.1873,11.9939,9.05,7.4,23.6773,1.0967
2018/3/5,,5.27,13.88,6.1899,21.3073,11.761,8.93,7.43,23.7757,1.0805
2018/3/6,,5.42,14.13,6.2295,21.5871,12.3821,9,7.5,23.4509,1.0948
2018/3/7,,5.35,13.9,6.1701,21.2473,12.1395,9.04,7.58,23.1951,1.0699
2018/3/8,,5.36,13.74,6.2097,23.376,12.1395,8.89,7.63,23.3132,1.0623
2018/3/9,,5.39,13.88,6.269,23.376,12.1201,8.84,7.63,23.323,1.0584
2018/3/12,,5.49,14.38,6.3976,23.2661,12.5082,9.06,7.75,24.376,1.0919
2018/3/13,,5.56,14.42,6.3877,22.3666,12.3238,8.93,7.81,23.7462,1.0881
2018/3/14,,5.47,14.34,6.358,22.4066,12.4985,8.7,7.71,23.323,1.0929
2018/3/15,,5.39,14.62,6.4767,22.5065,12.8284,8.95,7.51,22.8113,1.0891
2018/3/16,,5.4,14.19,6.3679,22.6864,12.5664,8.99,7.5,22.5259,1.0872
2018/3/19,,5.41,13.95,6.2888,22.5965,12.3335,9.08,7.38,22.7326,1.068
2018/3/20,,5.46,13.74,6.2789,22.9862,12.2365,8.89,7.31,22.3684,1.0642
2018/3/21,,5.52,13.51,6.2591,22.3067,11.8872,8.81,7.35,23.2344,1.0584
2018/3/22,,5.6,13.56,6.3283,22.2167,11.7028,8.62,7.33,22.7227,1.0603
2018/3/23,,5.44,12.57,6.0317,19.998,10.5286,8.55,6.79,20.4495,1.0335
2018/3/26,,5.65,12.91,6.0119,20.6077,10.5577,8.49,6.97,20.5774,1.023
2018/3/27,,5.89,13.21,6.1108,21.0174,10.713,8.57,7.07,21.1875,1.0364
2018/3/28,,5.98,12.98,5.9823,21.4572,10.3443,8.5,7.18,20.4298,1.0239
2018/3/29,,5.86,13.17,6.091,21.9669,10.713,8.47,7.31,20.8234,1.0306
2018/3/30,,5.75,13.42,6.1504,22.3466,10.7615,8.43,7.4,20.9317,1.0268
2018/4/2,,5.67,13.54,6.091,21.757,10.7615,8.35,7.33,21.1482,1.0239
2018/4/3,,5.51,13.75,5.9922,21.5671,10.548,8.38,7.67,20.4888,1.0067
2018/4/4,,5.47,13.35,6.0317,20.9075,10.5189,8.35,7.55,20.7053,1.0067
2018/4/9,,5.26,13.25,6.0317,20.5877,10.548,8.25,8.31,21.1777,1.0029
2018/4/10,,5.19,13.43,6.0515,20.7576,10.8294,8.23,7.91,21.9748,1.0057
2018/4/11,,5.2,13.46,6.0614,20.7076,10.8003,8.09,7.81,21.837,1.0096
2018/4/12,,5.2,13.2,6.0515,20.5077,10.548,8.08,7.91,21.2072,1.0067
2018/4/13,,4.94,13.35,6.091,20.2879,11.2758,8.08,7.69,21.65,1.0345
2018/4/16,,4.69,12.97,5.9823,20.108,10.7712,7.27,8.46,20.8136,1.0124
2018/4/17,,4.46,12.65,5.8735,20.138,10.9071,6.99,8,20.1345,1.0163
2018/4/18,,4.24,12.84,5.913,20.3079,10.7227,7.2,7.63,20.3707,1.0038
2018/4/19,,4.28,13.03,5.9328,20.7976,10.8197,7.22,7.74,20.5282,1.0124
2018/4/20,,4.19,12.65,5.7845,21.0574,10.3346,7.45,7.21,19.4358,0.9962
2018/4/23,,4.24,12.63,5.7351,20.2679,10.0823,7.38,7.03,19.0028,0.9818
2018/4/24,,4.26,12.89,5.8537,20.2579,10.4704,7.34,7.17,19.4555,1.0038
2018/4/25,,4.26,12.71,5.8735,19.978,10.3928,7.36,7.09,19.7114,0.9914
2018/4/26,,4.12,12.49,5.7746,19.0686,10.1793,7.19,6.85,18.6289,0.9923
2018/4/27,,4.13,12.57,5.8537,19.1685,10.1987,7.15,6.89,18.314,0.9942
2018/5/2,,4.07,12.44,5.8735,19.0086,10.0726,7.24,6.77,18.5895,0.9799
2018/5/3,,4.11,12.59,5.9724,18.7988,10.2763,7.46,6.82,18.4616,0.9866
2018/5/4,,4.07,12.57,5.9724,18.6888,10.1405,7.25,6.7,18.0187,0.9818
2018/5/7,,4.13,12.86,6.0317,18.8887,10.3346,7.16,6.83,18.0679,1.0086
2018/5/8,,4.2,12.8,6.0218,19.0886,10.4995,6.95,6.97,18.0187,1.0115
2018/5/9,,4.28,13.44,6.1603,19.0186,10.6257,6.68,6.9,17.8613,1.0086
2018/5/10,,4.25,13.27,6.091,18.9986,10.5869,6.65,6.96,18.1959,1.0105
2018/5/11,,4.24,13.39,6.0515,18.9087,10.616,6.5,6.93,18.747,1.0067
2018/5/14,,4.2,13.49,6.0218,18.4989,10.8586,6.24,6.77,18.5994,1.0124
2018/5/15,,4.21,13.4,6.0515,18.5389,10.8974,6.21,6.82,18.4813,1.0057
2018/5/16,,4.18,13.14,6.1306,18.6488,11.14,6.18,6.84,18.1762,1.0115
2018/5/17,,4.17,13.08,6.1108,18.389,10.9847,6.23,6.74,18.2746,1.0067
2018/5/18,,4.24,13.21,6.2492,18.0792,11.0623,6.26,6.86,18.4419,1.0115
2018/5/21,,4.29,13.42,6.3086,18.2591,11.0915,6.5,7.06,19.6327,1.0172
2018/5/22,,4.27,13.3,6.2987,18.8087,10.9847,6.4,6.99,19.2784,1.0163
2018/5/23,,4.21,13.05,6.1504,18.329,10.6548,6.28,7.1,18.8552,1.0124
2018/5/24,,4.19,13.06,6.1207,18.339,10.5286,6.13,7.44,18.7765,1.0038
2018/5/25,,4.13,12.78,6.0317,18.5889,10.2472,6.74,7.28,18.8946,0.9981
2018/5/28,,3.98,12.6,5.913,18.439,10.1502,6.74,7.02,18.1762,1.0029
2018/5/29,,3.95,12.67,5.9229,17.8393,10.2666,6.45,6.87,17.9892,0.9981
2018/5/30,,3.76,12.17,5.7252,16.3502,9.7523,6.3,6.62,16.7689,0.9866
2018/5/31,,3.8,12.26,5.9032,16.6201,9.8688,6.32,6.7,16.9461,0.9847
2018/6/1,,3.8,12.29,5.9032,16.1104,9.83,6.32,6.61,17.1134,0.9741
2018/6/4,,3.78,12.33,5.9328,16.3502,9.7911,6.53,6.71,17.0248,0.9626
2018/6/5,,3.82,12.4,5.9229,16.5801,9.9464,6.48,6.76,17.3791,0.976
2018/6/6,,3.91,12.4,5.9032,16.4202,9.9658,6.57,6.75,17.3889,0.9751
2018/6/7,,3.87,12.26,5.8537,16.4102,9.8494,6.65,6.78,17.6645,0.9684
2018/6/8,,3.78,12.04,5.7746,15.8205,9.4903,6.76,6.66,16.9362,0.9655
2018/6/11,,3.78,11.83,5.7351,15.7106,9.4903,6.9,6.61,16.7296,0.9636
2018/6/12,,3.82,11.74,5.8142,15.9505,9.4127,6.84,6.54,16.641,0.9732
2018/6/13,,3.72,11.08,5.8537,15.5607,9.2962,6.82,6.39,16.395,0.9636
2018/6/14,,3.68,11.04,5.7944,15.2909,9.5,6.82,6.41,16.3753,0.9751
2018/6/15,,3.53,10.5,5.6461,14.5713,9.1701,6.14,5.9,15.8734,0.9684
2018/6/19,,3.35,9.46,5.0825,13.1122,8.2579,5.59,5.31,14.289,0.9119
2018/6/20,,3.24,9.52,5.1418,13.342,8.2773,5.03,5.36,14.2792,0.9119
2018/6/21,,3.16,9.26,4.9737,14.0716,8.617,4.53,5.34,13.8167,0.9205
2018/6/22,,3.22,9.43,5.033,14.2815,8.7528,4.7,5.41,13.9151,0.931
2018/6/25,,3.17,9.35,4.9935,13.9217,8.617,4.77,5.42,15.3026,0.9272
2018/6/26,,3.21,9.52,5.0429,13.9517,8.7916,4.8,5.44,15.1157,0.9282
2018/6/27,,3.21,9.44,5.0627,13.7818,8.714,4.71,5.39,14.909,0.9301
2018/6/28,,3.15,9.33,5.0627,13.8617,8.3938,4.77,5.33,15.0665,0.9224
2018/6/29,,3.23,9.63,5.1714,14.1615,8.7237,4.81,5.48,15.4798,0.9416
2018/7/2,,3.14,9.41,4.9935,13.8917,8.5685,4.69,5.41,14.8696,0.9291
2018/7/3,,3.21,9.58,5.1022,14.3314,8.7625,4.76,5.5,15.5093,0.9243
2018/7/4,,3.16,9.42,5.0528,13.9117,8.5393,4.68,5.45,14.9681,0.9243
2018/7/5,,3.07,9.13,4.9539,13.1421,8.1318,4.21,5.23,14.4071,0.9061
2018/7/6,,3.02,9.22,4.9341,13.382,8.2005,3.79,5.28,14.6925,0.9168
2018/7/9,,3.06,9.43,5.0132,13.9317,8.4068,3.65,5.36,15.5684,0.9315
2018/7/10,,3.1,10.37,5.0231,13.9916,8.7407,4.02,5.41,15.7947,0.9461
2018/7/11,,2.97,10.05,4.8748,13.372,8.5737,4.42,5.24,15.9817,0.9305
2018/7/12,,3.06,10.2,4.9836,13.7618,8.8193,4.86,5.52,16.3852,0.9461
2018/7/13,,3.11,10.17,5.122,13.8017,8.7898,5.04,5.51,16.1293,0.947
2018/7/16,,3.19,9.91,5.0923,14.0616,8.7702,4.6,5.4,16.2375,0.9451
2018/7/17,,3.27,10.13,5.1912,13.8817,8.6621,4.49,5.37,16.0604,0.9432
2018/7/18,,3.19,9.96,5.1813,13.7818,8.6327,4.44,5.39,15.8537,0.9373
2018/7/19,,3.16,9.94,5.2802,13.6019,8.6523,4.46,5.28,15.6963,0.9412
2018/7/20,,3.21,10.06,5.2209,14.0516,8.7211,4.34,5.4,15.8931,0.9441
2018/7/23,,3.22,10.16,5.2407,14.1016,9.0844,4.22,5.45,15.8734,0.9617
2018/7/24,,3.34,10.4,5.4186,14.5713,9.2612,4.19,5.59,16.0309,0.9675
2018/7/25,,3.34,10.47,5.3791,14.9411,9.2612,4.17,5.83,15.7947,0.9714
2018/7/26,,3.44,10.48,5.3494,14.7712,9.2514,4.27,5.7,15.5388,0.9646
2018/7/27,,3.38,10.6,5.389,14.4613,9.2219,4.11,5.64,15.0369,0.9656
2018/7/30,,3.36,10.18,5.5274,14.6512,9.2416,3.89,5.55,15.0369,0.9734
2018/7/31,,3.39,10.17,5.389,14.3914,9.4282,3.9,5.59,14.6902,0.9665
2018/8/1,,3.34,10.15,5.3494,14.1515,9.0353,3.73,5.42,14.5714,0.9656
2018/8/2,,3.22,10.17,5.2011,13.8217,8.7603,3.74,5.26,14.4228,0.9461
2018/8/3,,3.23,9.86,5.3692,13.7618,9.6344,3.67,5.3,14.1751,0.9743
2018/8/6,,3.26,9.63,5.3791,13.8117,9.9585,3.61,5.32,13.561,0.9743
2018/8/7,,3.37,9.92,5.4384,14.3914,10.0469,3.74,5.44,14.2049,0.987
2018/8/8,,3.38,9.99,5.3198,14.3714,10.0862,3.69,5.43,14.0563,0.9841
2018/8/9,,3.41,10.16,5.4395,14.4514,9.9781,3.78,5.52,14.5516,0.9928
2018/8/10,,3.42,10.44,5.4395,14.4913,9.7817,3.73,5.51,14.2148,0.9919
2018/8/13,,3.4,10.33,5.3896,14.5313,9.7326,3.69,5.46,13.9572,0.988
2018/8/14,,3.44,10.25,5.3797,14.4214,9.6049,3.75,5.48,14.1851,0.987
2018/8/15,,3.39,10,5.2299,14.6013,9.3791,3.61,5.35,13.66,0.9704
2018/8/16,,3.38,9.9,5.1202,15.4408,9.0255,3.63,5.31,13.1648,0.9607
2018/8/17,,3.43,9.63,5.0603,15.4208,9.055,3.51,5.24,12.8874,0.9607
2018/8/20,,3.59,9.74,5.1002,15.5407,8.9469,3.49,5.21,12.7586,0.9568
2018/8/21,,3.6,9.83,5.18,15.5607,8.9666,3.49,5.27,12.8181,0.9646
2018/8/22,,3.78,9.69,5.1002,16.1903,8.7505,3.43,5.2,12.5605,0.9597
2018/8/23,,3.59,9.72,5.1202,15.8805,8.7407,3.43,5.19,12.6992,0.9617
2018/8/24,3.84,3.56,9.76,5.1401,15.9804,8.6818,3.5,5.26,12.6497,0.9548
2018/8/27,3.47,3.64,9.87,5.18,17.3896,8.8978,3.51,5.27,12.9171,0.9743
2018/8/28,3.46,3.59,9.98,5.2,16.73,8.9764,3.48,5.26,12.9369,0.9743
2018/8/29,3.23,3.55,10.18,5.1601,16.8299,9.0353,3.42,5.21,12.6893,0.9656
2018/8/30,3.07,3.54,9.88,5.1601,17.0098,8.6719,3.28,5.12,12.6794,0.947
2018/8/31,3.03,3.49,9.75,5.0004,16.66,8.4952,3.35,5.05,12.3129,0.9324
2018/9/3,2.98,3.45,9.8,4.9505,16.0104,8.5639,3.36,5.05,12.2732,0.9324
2018/9/4,2.99,3.46,9.85,5.0303,15.7906,8.6228,3.43,5.08,12.3822,0.9363
2018/9/5,2.89,3.43,9.56,4.9405,15.051,8.3675,3.77,4.97,12.1247,0.9207
2018/9/6,2.81,3.44,9.52,4.9405,14.7912,8.2496,3.6,4.89,12.0751,0.9178
2018/9/7,2.93,3.45,9.44,4.9505,15.011,8.3086,3.64,4.9,12.1247,0.9217
2018/9/10,2.89,3.36,9.28,4.8706,15.6806,8.1514,3.5,4.81,12.0157,0.9149
2018/9/11,2.83,3.37,9.28,4.8906,15.3008,8.0925,3.53,4.81,11.2034,0.9168
2018/9/12,2.83,3.36,9.33,4.9205,14.8111,8.1023,3.55,4.91,11.2034,0.911
2018/9/13,3.04,3.49,9.46,4.9804,14.8711,8.2496,3.55,4.9,11.4709,0.9159
2018/9/14,2.97,3.45,9.51,4.9405,14.1515,8.397,3.37,4.86,11.3025,0.9207
2018/9/17,2.98,3.36,9.2,5.0403,13.2721,8.3773,3.33,4.83,10.9756,0.9207
2018/9/18,3.28,3.42,9.33,5.0004,13.5819,8.5639,3.47,4.9,11.1341,0.9256
2018/9/19,3.6,3.42,9.5,5.0203,13.6019,8.5443,3.53,4.96,11.4213,0.9285
2018/9/20,3.65,3.39,9.46,4.9704,13.6418,8.4264,3.61,4.91,11.3619,0.9285
2018/9/21,3.75,3.45,9.59,5.0203,13.7118,8.6327,3.57,4.96,11.5798,0.9373
2018/9/25,3.79,3.44,9.49,5.0104,13.6618,8.505,3.54,4.94,11.4412,0.9383
2018/9/26,3.76,3.47,9.49,5.0303,13.6418,8.505,3.59,4.91,11.461,0.9393
2018/9/27,4.14,3.42,9.3,4.9704,13.2721,8.4166,3.95,4.92,11.4313,0.9393
2018/9/28,4.43,3.44,9.41,4.9904,13.422,8.7211,4.35,4.89,11.8275,0.9509
2018/10/8,4.42,3.34,9.12,5.0303,13.0422,8.7898,4.79,4.86,13.0063,0.947
2018/10/9,4.31,3.39,9.22,5.1002,13.0822,8.9077,5.27,4.89,13.4718,0.9383
2018/10/10,4.19,3.44,9.2,5.0702,13.1421,8.8094,5.33,4.8,13.1648,0.9363
2018/10/11,4.04,3.27,8.38,4.701,11.8729,8.0139,4.8,4.32,12.402,0.8954
2018/10/12,4.13,3.15,8.01,4.681,12.4925,8.122,5.28,4.17,12.8874,0.909
2018/10/15,3.72,3.07,7.21,4.6111,12.0428,7.9943,4.87,4.06,13.036,0.9081
2018/10/16,3.64,2.98,7.01,4.5213,11.683,7.9452,4.38,3.96,13.5115,0.8837
2018/10/17,3.59,3.03,7.04,4.5912,11.6131,7.9059,4.82,4.09,13.5709,0.8769
2018/10/18,3.53,2.88,6.74,4.5113,11.2133,7.572,4.34,3.94,13.5214,0.8642
2018/10/19,3.81,2.92,6.87,4.6311,11.4132,7.6604,4.33,4.01,13.8185,0.8886
2018/10/22,4.09,3.07,7.23,4.8507,11.9129,8.23,4.47,4.17,14.3336,0.9227
2018/10/23,3.99,3.06,7.1,4.7109,11.7929,7.955,4.72,4.16,13.8582,0.91
2018/10/24,3.98,3.1,7.3,4.7109,11.8629,7.9354,4.57,4.15,13.6204,0.9032
2018/10/25,3.74,3.17,7.11,4.6511,11.5731,7.8568,4.79,4.13,13.9077,0.8905
2018/10/26,3.69,3.2,7.24,4.701,11.723,7.9648,4.88,4.17,13.3926,0.8915
2018/10/29,3.59,3.12,7.09,4.681,11.4931,7.7881,4.64,4.08,13.4124,0.8779
2018/10/30,3.95,3.19,7.16,4.701,11.5831,7.8372,4.61,4.15,13.6501,0.8798
2018/10/31,3.92,3.23,7.36,5.1002,11.743,7.9943,4.6,4.23,14.1751,0.8925
2018/11/1,3.86,3.24,7.38,4.9205,11.743,7.9354,4.75,4.21,13.9671,0.8964
2018/11/2,4.07,3.3,7.61,4.9704,11.9928,8.122,4.93,4.3,14.1454,0.91
2018/11/5,4.05,3.34,7.68,4.9704,12.5925,8.1613,5.1,4.31,14.3237,0.9022
2018/11/6,4.12,3.32,7.74,5.0004,13.2521,8.3184,5.61,4.28,15.3341,0.8964
2018/11/7,4.02,3.34,8.01,4.9505,12.7324,8.1121,6.17,4.44,15.5223,0.8935
2018/11/8,3.95,3.4,7.8,4.9505,12.6025,7.9943,5.75,4.31,15.0865,0.8954
2018/11/9,3.93,3.38,7.83,4.9405,12.5725,7.9452,5.39,4.27,16.0374,0.8964
2018/11/12,3.91,3.55,7.95,5.1501,12.9223,8.0827,5.41,4.38,16.0969,0.8944
2018/11/13,3.97,3.61,8.13,5.1701,13.1122,8.2005,5.57,4.48,15.7799,0.9013
2018/11/14,3.85,3.52,7.98,5.1002,13.0122,8.1613,5.34,4.93,15.4629,0.8944
2018/11/15,3.85,3.53,8.1,5.1601,13.332,8.2889,5.36,5.42,15.5025,0.9022
2018/11/16,3.81,3.56,8.21,5.2,13.8117,8.4264,5.39,5.43,15.3539,0.911
2018/11/19,3.86,3.53,8.21,5.2,15.1909,8.4166,5.32,5.22,15.5818,0.911
2018/11/20,3.71,3.56,8.02,5.1102,15.2609,8.1613,5.42,4.99,14.7893,0.8974
2018/11/21,3.76,3.64,8.07,5.1501,14.7812,8.2693,5.96,5.02,15.1261,0.8964
2018/11/22,3.67,3.74,8.08,5.1301,14.2115,8.5836,5.6,4.91,15.3539,0.9022
2018/11/23,3.47,3.55,7.68,4.8806,13.7018,8.0532,5.36,4.67,14.2148,0.8788
2018/11/26,3.36,3.41,7.54,4.8607,14.0216,7.8764,5.13,4.57,13.7987,0.8798
2018/11/27,3.38,3.39,7.69,4.8906,13.7218,7.847,5.06,4.66,13.7096,0.8769
2018/11/28,3.44,3.45,7.8,4.9405,13.362,7.9059,4.97,4.86,13.7987,0.8808
2018/11/29,3.44,3.34,7.65,4.9106,12.8923,7.6997,5.08,4.69,13.3431,0.8847
2018/11/30,3.46,3.38,7.83,4.8607,12.6224,7.7586,4.79,4.63,13.7492,0.8866
2018/12/3,3.53,3.48,8.03,4.9804,13.0922,7.9747,4.92,4.73,14.0365,0.8974
2018/12/4,3.53,3.56,8.02,5.0603,13.6918,7.9943,5.16,4.8,14.195,0.9042
2018/12/5,3.44,3.52,7.95,5.0303,14.2115,7.9256,5.06,4.85,13.8879,0.8935
2018/12/6,3.35,3.47,7.84,4.9505,13.9417,7.8273,4.87,4.73,13.769,0.8925
2018/12/7,3.36,3.47,7.74,5.0104,14.5213,7.8568,4.8,4.69,13.7492,0.8886
2018/12/10,3.27,3.46,7.51,4.8806,14.2815,7.7684,4.76,4.56,13.5907,0.8857
2018/12/11,3.31,3.52,7.57,4.8706,13.9816,7.8666,4.96,4.66,13.7393,0.8837
2018/12/12,3.27,3.46,7.55,4.8706,13.8917,7.8863,4.88,4.79,13.7987,0.8886
2018/12/13,3.31,3.47,7.63,4.9106,14.1915,7.9256,4.87,5.02,14.0464,0.8964
2018/12/14,3.2,3.33,7.37,4.8107,13.8917,7.739,4.62,4.71,13.1846,0.8905
2018/12/17,3.13,3.36,7.32,4.7908,14.3214,7.7586,4.59,4.64,13.353,0.8866
2018/12/18,3.12,3.36,7.22,4.8207,13.8317,7.739,4.53,4.65,13.3926,0.8827
2018/12/19,3.25,3.32,7.07,4.7209,13.2621,7.6898,4.4,4.53,13.2143,0.8876
2018/12/20,3.23,3.33,7.12,4.7409,13.322,7.6113,4.43,4.52,13.3827,0.8798
2018/12/21,3.25,3.34,7.1,4.7209,13.0422,7.5916,4.36,4.56,13.353,0.874
2018/12/24,3.19,3.39,7.1,4.7109,13.432,7.5818,4.38,4.69,12.9369,0.874
2018/12/25,3.1,3.33,6.85,4.6211,13.2021,7.4345,4.18,4.66,12.5407,0.8672
2018/12/26,3.09,3.31,6.86,4.6211,13.5719,7.3756,4.21,4.5,12.6298,0.8594
2018/12/27,3,3.28,6.71,4.5612,13.1721,7.3461,3.99,4.45,12.2138,0.8555
2018/12/28,3,3.37,6.74,4.5512,13.5919,7.3658,3.94,4.48,12.1841,0.8555
2019/1/2,2.99,3.39,6.65,4.6111,13.6318,7.3559,4.03,4.39,12.402,0.8506
2019/1/3,3.11,3.38,6.67,4.5712,13.1621,7.3756,4.03,4.32,12.2633,0.8555
2019/1/4,3.16,3.45,6.85,4.681,13.2821,7.5229,4.12,4.39,12.5308,0.8652
2019/1/7,3.19,3.52,7.07,4.7409,13.452,7.6113,4.2,4.46,12.7586,0.8662
2019/1/8,3.13,3.56,7.05,4.7409,13.2521,7.5524,4.23,4.43,12.5902,0.8613
2019/1/9,3.12,3.52,7.06,4.7509,13.1521,7.5229,4.2,4.43,12.6596,0.8545
2019/1/10,3.09,3.49,6.99,4.7708,13.5119,7.5425,4.15,4.46,12.3624,0.8574
2019/1/11,3.09,3.6,7.1,4.7908,13.8117,7.5916,4.15,4.47,12.5407,0.8603
2019/1/14,3.3,3.57,7.09,4.8207,13.7318,7.6997,4.29,4.55,12.5506,0.8623
2019/1/15,3.29,3.58,7.15,4.8507,14.1116,7.6702,4.23,4.57,12.5902,0.8672
2019/1/16,3.33,3.59,7.08,4.8107,14.2515,7.6702,4.13,4.58,12.7388,0.8603
2019/1/17,3.26,3.59,7.07,4.8307,13.7118,7.6309,4.06,4.55,13.1747,0.8672
2019/1/18,3.37,3.61,7.25,4.9006,13.6818,7.7782,4.47,4.6,13.4916,0.8672
2019/1/21,3.36,3.65,7.3,5.0303,13.4919,7.7782,4.92,4.71,13.5313,0.8672
2019/1/22,3.42,3.53,7.12,4.8706,13.0822,7.6113,4.8,4.63,13.7294,0.8633
2019/1/23,3.32,3.54,7.16,4.8607,13.0722,7.5524,5,4.59,13.6402,0.8555
2019/1/24,3.25,3.61,7.13,4.8906,13.1421,7.5524,4.7,4.6,13.6303,0.8555
2019/1/25,3.25,3.65,7.04,4.8407,13.1621,7.4836,4.49,4.5,13.2737,0.8516
2019/1/28,3.28,3.68,6.96,4.8207,13.0522,7.3952,4.45,4.53,13.7393,0.8486
2019/1/29,3.3,3.5,6.77,4.7109,12.7424,7.3068,4.52,4.17,13.561,0.8477
2019/1/30,3.31,3.68,6.69,4.6411,12.6624,7.297,4.78,4.59,14.1355,0.8418
2019/1/31,3.15,3.52,6.35,4.6111,12.4126,7.4738,4.5,4.29,14.2841,0.8701
2019/2/1,3.2,3.65,6.58,4.7109,12.6224,7.6407,4.65,4.35,14.2247,0.8691
2019/2/11,3.28,3.83,7.01,4.8607,13.362,7.8666,5.07,4.79,14.5615,0.8749
2019/2/12,3.29,3.94,7.01,4.9505,13.292,7.8273,5.1,4.96,14.8487,0.8749
2019/2/13,3.38,3.92,7.17,4.9904,13.452,7.9452,5.01,4.87,14.7695,0.8837
2019/2/14,3.34,3.94,7.12,4.9704,13.7518,7.9256,4.94,4.81,14.7596,0.8808
2019/2/15,3.35,4.01,7.09,4.9704,13.7018,7.8568,4.88,4.73,14.611,0.8769
2019/2/18,3.42,4.1,7.28,5.0802,13.9916,8.1318,5.01,4.82,14.7794,0.8886
2019/2/19,3.57,4.03,7.34,5.0603,13.8117,8.0336,5.2,4.87,14.6605,0.8847
2019/2/20,3.54,4.05,7.48,5.0802,13.8017,8.1121,5.17,4.86,15.1954,0.8896
2019/2/21,3.48,4.05,7.48,5.0603,13.6918,7.9943,5.25,4.89,14.4327,0.8896
2019/2/22,3.52,4.07,7.52,5.1301,13.8517,8.1318,5.24,4.9,14.4921,0.8944
2019/2/25,3.67,4.22,8.02,5.3198,14.6612,8.5737,5.45,5.16,15.1657,0.9256
2019/2/26,3.69,4.3,8.26,5.3098,14.5013,8.7014,5.49,5.23,15.2549,0.9188
2019/2/27,3.64,4.23,8.18,5.2699,15.2209,8.6327,5.72,5.34,16.0572,0.9061
2019/2/28,3.68,4.29,8.25,5.3297,15.071,8.7407,5.95,5.28,15.8393,0.909
2019/3/1,3.67,4.5,8.18,5.4795,14.9611,8.7702,5.79,5.25,16.8497,0.9071
2019/3/4,3.68,4.54,8.24,5.6192,15.081,8.8094,5.78,5.3,16.8497,0.911
2019/3/5,3.68,4.69,8.4,5.6292,15.3008,8.9568,5.81,5.36,16.8992,0.9168
2019/3/6,3.9,4.92,8.58,5.6691,15.3808,8.9568,5.89,5.48,16.8497,0.9168
2019/3/7,3.91,5.17,8.76,5.699,15.5607,9.3103,6.1,5.59,16.7606,0.9334
2019/3/8,3.63,4.91,8.06,5.3697,14.2615,8.7407,5.49,5.18,15.9483,0.911
2019/3/11,3.71,4.92,8.33,5.6591,14.7512,8.9862,5.61,5.36,16.4535,0.9188
2019/3/12,3.72,4.88,8.4,5.7789,14.9611,8.9666,5.67,5.63,16.7209,0.9139
2019/3/13,3.63,4.86,8.48,5.7789,15.061,8.996,5.42,5.55,16.612,0.912
2019/3/14,3.55,4.67,8.23,5.739,14.7212,8.7702,5.4,5.51,16.4138,0.9032
2019/3/15,3.6,4.9,8.36,5.7689,15.1909,8.8978,5.48,5.68,17.0577,0.9159
2019/3/18,3.71,5.15,8.66,5.8388,15.8905,9.163,5.74,5.87,17.4143,0.9207
2019/3/19,3.67,5.25,8.97,5.7889,15.6906,9.0746,5.65,5.8,17.2261,0.91
2019/3/20,3.69,5.23,9.21,5.7689,16.3402,9.0648,5.63,5.73,16.9884,0.911
2019/3/21,3.71,5.33,9.05,5.8088,17.1198,9.1041,5.61,5.7,17.2063,0.9149
2019/3/22,3.75,5.6,8.93,5.8787,17.3396,9.0746,5.92,5.65,17.137,0.912
2019/3/25,3.77,5.52,8.63,5.8188,16.4602,9.2317,5.91,5.35,17.7115,0.9032
2019/3/26,3.64,5.24,8.68,5.6891,15.7006,9.0255,5.55,5.16,16.9389,0.8915
2019/3/27,3.58,5.32,8.45,5.7589,16.2503,9.0353,5.34,5.19,16.8002,0.8925
2019/3/28,3.49,5.41,8.23,5.5693,16.4202,8.8094,5.17,5.11,16.4337,0.8818
2019/3/29,3.56,5.34,8.42,5.6791,17.0598,9.0844,5.69,5.34,16.8596,0.8896
2019/4/1,3.72,5.61,8.8,5.8388,17.5695,9.4183,5.98,5.54,17.8007,0.9013
2019/4/2,3.75,5.87,8.94,5.8488,17.3496,9.4183,6.31,5.74,18.1275,0.8974
2019/4/3,3.81,6.16,8.93,5.9186,19.0886,9.6737,6.94,6.26,17.7709,0.91
2019/4/4,3.86,6.39,8.9,5.9086,18.7188,9.9978,6.75,6.12,18.7615,0.911
2019/4/8,3.99,6.39,9.02,6.4975,19.1885,10.096,7.16,6.37,18.5139,0.911
2019/4/9,3.86,6.38,9.13,6.238,19.5683,9.8308,6.71,6.23,18.1275,0.9139
2019/4/10,3.8,5.99,8.94,6.5474,18.459,9.7032,6.45,6.13,18.0285,0.909
2019/4/11,3.82,6.04,8.68,6.5374,17.8693,9.654,6.32,5.98,18.078,0.8974
2019/4/12,3.78,6.04,8.74,6.3678,18.1192,9.4871,6.47,5.96,17.7115,0.8925
2019/4/15,3.74,5.8,8.73,7.0065,17.5495,9.3201,6.36,5.8,17.5827,0.8935
2019/4/16,3.81,5.9,9.02,7.0365,17.8093,9.546,6.42,5.91,18.078,0.9003
2019/4/17,3.78,5.79,9.27,6.9466,17.2197,9.5264,6.28,5.85,18.4049,0.9032
2019/4/18,3.77,5.57,9.07,6.9666,17.1397,9.438,6.26,5.75,18.8011,0.8935
2019/4/19,3.91,5.66,9.56,7.0564,17.1397,9.438,6.27,5.9,20.0195,0.9003
2019/4/22,3.8,5.58,9.22,6.8967,17.0298,9.2612,6.27,5.82,19.8412,0.8827
2019/4/23,3.73,5.44,9.07,6.5773,16.3702,9.0746,6.07,5.59,19.4747,0.8759
2019/4/24,3.78,5.48,9.36,6.6372,16.65,9.4282,6.14,5.84,19.9898,0.8769
2019/4/25,3.65,5.17,8.8,6.1482,15.9904,9.0157,5.81,5.68,20.2276,0.8642
2019/4/26,3.58,5.02,8.35,5.9585,15.9205,8.888,5.7,5.53,19.237,0.8633
2019/4/29,3.48,4.8,8,5.6192,15.5907,8.6228,5.39,5.25,19.029,0.8516
2019/4/30,3.55,4.98,8.09,5.729,16.2303,8.888,5.49,5.42,19.8611,0.8535
2019/5/6,3.32,4.52,7.38,5.1701,14.8111,8.2005,4.94,4.89,17.8799,0.8292
2019/5/7,3.39,4.7,7.47,5.3597,15.1609,8.2104,4.95,5.12,17.6521,0.8272
2019/5/8,3.33,4.76,7.43,5.4196,15.4108,8.2005,4.86,5.16,17.1766,0.8136
2019/5/9,3.3,4.65,7.38,5.3497,15.2809,8.1318,4.97,5.12,16.7506,0.8116
2019/5/10,3.36,5.12,7.57,5.4994,15.9704,8.2889,5.08,5.36,17.4837,0.8214
2019/5/13,3.3,5.4,7.61,5.5094,16.2103,8.0925,5.03,5.3,16.9488,0.8194
2019/5/14,3.33,5.14,7.41,5.3797,15.7606,7.9059,4.96,5.22,16.8398,0.8165
2019/5/15,3.35,5.13,7.56,5.5194,15.9105,8.0434,5.06,5.42,17.3549,0.8194
2019/5/16,3.4,5.64,8,5.5693,16.5301,8.23,5.29,5.55,18.0186,0.8253
2019/5/17,3.27,5.94,7.7,5.3697,16.3902,7.9452,5.51,5.74,16.3049,0.8087
2019/5/20,3.25,5.73,7.86,5.2699,15.9405,7.9256,5.29,5.4,16.503,0.8067
2019/5/21,3.34,6.1,8.13,5.4695,16.4901,8.1514,5.57,5.74,17.0874,0.8145
2019/5/22,3.32,5.91,7.92,5.3397,16.6001,8.0532,5.41,5.84,17.137,0.8097
2019/5/23,3.23,5.59,7.65,5.1501,15.9405,7.9452,5.18,5.59,16.9587,0.8028
2019/5/24,3.19,5.32,7.62,5.1202,15.7406,7.8863,4.97,5.33,16.82,0.7989
2019/5/27,3.27,5.85,7.97,5.2299,17.0198,8.122,5.47,5.86,17.345,0.8097
2019/5/28,3.24,6.02,7.9,5.2,17.0598,8.063,5.52,5.8,17.236,0.8126
2019/5/29,3.29,6.06,8.01,5.3497,16.9798,8.0729,5.48,5.71,18.4941,0.8087
2019/5/30,3.34,5.81,8.2,5.2399,16.77,8.1907,5.33,5.59,18.8705,0.8087
2019/5/31,3.32,5.62,8.11,5.21,16.74,8.1023,5.29,5.5,18.8606,0.8048
2019/6/3,3.35,5.38,7.8,5.2599,17.2797,7.9648,5.13,5.27,18.4247,0.7951
2019/6/4,3.26,5.15,7.73,5.2998,16.5001,7.8077,4.97,5.24,18.0582,0.796
2019/6/5,3.24,5.14,7.72,5.2699,15.8505,7.847,4.98,5.26,18.187,0.798
2019/6/6,3.22,4.83,7.48,5.1301,15.8705,7.6997,4.77,5.1,18.1672,0.7931
2019/6/10,3.24,5.01,7.66,5.2,15.8305,7.8372,4.85,5.2,18.2761,0.7941
2019/6/11,3.36,5.51,7.99,5.37,16.8899,8.122,5.34,5.72,19.4054,0.8087
2019/6/12,3.4,5.55,8,5.39,16.8399,8.1121,5.37,5.71,19.8809,0.8048
2019/6/13,3.39,5.7,8.13,5.6,16.72,8.1416,5.33,5.75,19.8016,0.8067
2019/6/14,3.49,5.68,8.14,5.44,16.16,8.1023,5.39,5.64,19.4252,0.8077
2019/6/17,3.75,5.55,8.04,5.44,16.21,8.0827,5.18,5.65,19.445,0.8058
2019/6/18,3.52,5.89,7.82,5.47,16.8,8.0925,5.3,5.86,18.92,0.8077
2019/6/19,3.49,6.11,8.05,5.44,17.24,8.2693,5.44,5.96,19,0.8136
2019/6/20,3.53,6.58,8.12,5.48,17.78,8.3577,5.69,6.19,19.63,0.8165
2019/6/21,3.51,6.32,8.16,5.5,17.53,8.3675,5.71,6.04,19.6,0.8214
2019/6/24,3.52,6.17,8.1,5.47,17.37,8.3871,5.63,5.95,19.34,0.8301
2019/6/25,3.43,5.96,8.06,5.31,16.77,8.2202,5.45,5.85,18.13,0.8233
2019/6/26,3.43,5.93,7.97,5.3,16.85,8.2496,5.31,5.76,18.43,0.8262
2019/6/27,3.43,6.3,7.96,5.3,17.39,8.3184,5.53,6.06,18.59,0.8272
2019/6/28,3.39,6.25,7.8,5.27,17.11,8.1416,5.36,5.88,18.73,0.8272
2019/7/1,3.47,6.69,8.02,5.37,17.72,8.2987,5.7,6.17,19.13,0.8301
2019/7/2,3.51,7.36,8.08,5.39,18.6,8.397,6,6.63,19.14,0.8331
2019/7/3,3.42,7.39,7.89,5.42,19.16,8.2595,5.75,6.5,18.82,0.8331
2019/7/4,3.41,6.66,7.85,5.45,18,8.2005,5.44,6.06,19.92,0.8321
2019/7/5,3.41,6.22,7.87,6,17.61,8.2104,5.26,5.85,19.35,0.8282
2019/7/8,3.28,6.34,7.64,6.03,17.28,7.8863,5.09,5.7,19.36,0.8058
2019/7/9,3.29,6.48,7.71,5.98,17.9,7.8764,5.18,5.82,20.19,0.8038
2019/7/10,3.27,6.3,7.55,6.09,18.4,7.7782,5.07,5.73,20.06,0.8087
2019/7/11,3.28,6.13,7.57,6.15,17.59,7.8273,5.11,5.65,20.07,0.8097
2019/7/12,3.31,6.06,7.73,5.93,17.09,8.3871,5.08,5.76,21.2,0.8301
2019/7/15,3.34,6.49,7.71,5.95,17.5,8.23,5.25,5.91,22.27,0.835
2019/7/16,3.37,6.55,7.74,5.92,17.66,8.27,5.2,6.06,21.68,0.835
2019/7/17,3.33,6.49,7.76,5.86,17.32,8.56,5.12,6.14,21.85,0.841
2019/7/18,3.29,6.2,7.63,5.82,16.89,8.36,5,6.03,20.97,0.83
2019/7/19,3.33,6.6,7.72,5.73,17.43,8.68,5.11,6.32,20.72,0.84
2019/7/22,3.26,6.14,7.4,5.32,16.39,8.57,4.81,6.16,20.39,0.83
2019/7/23,3.28,6.17,7.45,5.5,16.59,8.59,4.87,6.38,20.5,0.831
2019/7/24,3.3,6.1,7.51,5.98,16.6,8.52,4.86,6.29,20.79,0.825
2019/7/25,3.31,6.02,7.46,5.87,16.61,8.45,4.78,6.17,20.94,0.827
2019/7/26,3.29,6.12,7.46,5.97,16.66,8.35,4.78,6.22,20.53,0.826
2019/7/29,3.32,5.92,7.44,6.01,16.35,8.19,4.73,6.08,21.42,0.819
2019/7/30,3.38,6.08,7.5,5.81,16.63,8.19,4.8,6.21,21.45,0.819
2019/7/31,3.36,5.92,7.42,5.83,16.08,8.08,4.63,6.1,20.98,0.805
2019/8/1,3.3,5.55,7.49,5.72,16.14,8.12,4.5,5.86,20.41,0.796
2019/8/2,3.28,5.39,7.35,5.61,15.58,7.99,4.33,5.76,20,0.79
2019/8/5,3.24,5.33,7.26,5.7,15.19,7.88,4.38,5.63,19.46,0.746
2019/8/6,3.13,5.18,7.01,5.49,14.42,7.6,4.18,5.34,19.13,0.74
2019/8/7,3.19,5.27,7.23,5.5,14.49,7.59,4.25,5.47,19.94,0.739
2019/8/8,3.16,5.25,7.14,5.4,14.59,7.62,4.18,5.42,20.02,0.741
2019/8/9,3.11,5.09,7.05,5.64,14.19,7.47,4.15,5.37,20.37,0.73
2019/8/12,3.13,5.16,7.11,5.79,14.62,7.6,4.18,5.46,20.4,0.742
2019/8/13,3.09,5.13,7.15,5.9,14.53,7.55,4.13,5.53,20.48,0.725
2019/8/14,3.1,5.1,7.13,5.7,14.59,7.59,4.12,5.46,20.84,0.73
2019/8/15,3.1,5.11,7.07,5.6,14.76,7.57,4.11,5.41,20.81,0.725
2019/8/16,3.09,5.06,7.15,5.55,14.59,7.59,4.13,5.38,20.86,0.733
2019/8/19,3.14,5.18,7.27,5.68,14.98,7.8,4.22,5.52,21.68,0.747
2019/8/20,3.13,5.19,7.22,5.71,14.93,7.78,4.21,5.52,21.27,0.742
2019/8/21,3.1,5.15,7.24,5.61,14.8,7.75,4.24,5.5,21.26,0.74
2019/8/22,3.1,5.24,7.27,5.86,14.9,7.79,4.23,5.54,20.89,0.738
2019/8/23,3.09,5.25,7.24,5.77,15.09,7.75,4.17,5.61,20.36,0.733
2019/8/26,3.05,5.07,7.14,5.59,14.51,7.61,4.17,5.41,20.2,0.713
2019/8/27,3.08,5.15,7.25,5.59,14.9,7.78,4.33,5.51,20.31,0.71
2019/8/28,3.08,5.1,7.25,5.6,14.92,7.79,4.29,5.53,19.92,0.703
2019/8/29,3.06,5.06,7.22,5.53,15.18,7.79,4.2,5.48,20.05,0.711
2019/8/30,3.03,5.12,7.17,5.43,14.74,7.95,4.06,5.46,19.45,0.712
2019/9/2,3.08,5.63,7.34,5.51,15.2,8.07,4.27,5.79,19.89,0.723
2019/9/3,3.07,5.49,7.35,5.58,15.18,8,4.23,5.71,19.48,0.725
2019/9/4,3.14,5.52,7.46,5.59,15.24,8.05,4.23,5.73,20.02,0.723
2019/9/5,3.13,5.5,7.47,5.62,15.29,8.07,4.27,5.75,20.15,0.735
2019/9/6,3.15,5.4,7.46,5.58,15.25,8.12,4.25,5.71,20.24,0.737
2019/9/9,3.15,5.52,7.55,5.71,15.58,8.18,4.34,5.78,20.72,0.744
2019/9/10,3.14,5.6,7.57,5.68,15.65,8.2,4.38,5.72,20.7,0.743
2019/9/11,3.12,5.5,7.48,5.7,15.53,8.43,4.29,5.66,20.85,0.756
2019/9/12,3.13,5.57,7.54,5.68,15.61,8.38,4.34,5.75,20.61,0.748
2019/9/16,3.13,5.56,7.52,5.8,15.7,8.42,4.37,5.83,20.7,0.753
2019/9/17,3.07,5.34,7.29,5.6,15.26,8.14,4.2,5.63,21.07,0.742
2019/9/18,3.05,5.37,7.27,5.49,15.34,8.16,4.19,5.64,20.09,0.736
2019/9/19,3.07,5.35,7.32,5.53,15.6,8.23,4.21,5.63,22.1,0.74
2019/9/20,3.06,5.29,7.28,5.5,15.64,8.19,4.17,5.61,22.36,0.74
2019/9/23,3.03,5.27,7.16,5.42,15.51,8.04,4.13,5.51,22.2,0.739
2019/9/24,3.04,5.2,7.16,5.42,15.46,8.04,4.16,5.56,21.7,0.747
2019/9/25,3.08,5.1,7.25,5.44,15.29,7.89,4.08,5.32,21.2,0.747
2019/9/26,3.01,5.08,7.05,5.37,14.7,7.78,3.93,5.27,20.51,0.734
2019/9/27,3.01,5.07,7.05,5.41,15.05,7.77,3.94,5.29,20.52,0.737
2019/9/30,2.99,5.14,7.04,5.4,14.77,7.92,3.83,5.33,20.13,0.743
