ÈÕÆÚ,600759.SH,600777.SH,601857.SH
2014/1/2,6.0902,1.7445,6.796
2014/1/3,6.2357,1.7498,6.7695
2014/1/6,6.0672,1.7603,6.8847
2014/1/7,6.4502,1.8129,6.8581
2014/1/8,6.4656,1.7998,6.7695
2014/1/9,6.4885,1.7629,6.7252
2014/1/10,6.3736,1.734,6.672
2014/1/13,6.5958,1.755,6.6897
2014/1/14,7.2546,1.7682,6.7517
2014/1/15,7.3235,1.7524,6.7163
2014/1/16,7.3389,1.7577,6.6809
2014/1/17,7.3695,1.7971,6.8669
2014/1/20,7.224,1.7892,6.7606
2014/1/21,7.6146,1.7971,6.7606
2014/1/22,7.5687,1.9077,6.8138
2014/1/23,7.6376,1.8892,6.7517
2014/1/24,7.6606,1.8866,6.7517
2014/1/27,8.3424,1.8919,6.6631
2014/1/28,8.0819,1.8892,6.6986
2014/1/29,8.0896,1.8577,6.6897
2014/1/30,8.1969,1.884,6.6809
2014/2/7,8.2581,1.9103,6.6543
2014/2/10,8.3347,1.9655,6.6986
2014/2/11,7.8674,2.0866,6.7252
2014/2/12,7.7679,2.126,6.6986
2014/2/13,7.7755,2.0734,6.6897
2014/2/14,7.9134,2.126,6.6986
2014/2/17,7.9824,2.1313,6.734
2014/2/18,7.8062,2.1471,6.6986
2014/2/19,7.6453,2.2102,6.7606
2014/2/20,7.6683,2.176,7.0796
2014/2/21,7.7679,2.1839,6.8049
2014/2/24,7.2776,2.2023,6.6543
2014/2/25,7.2623,2.1445,6.6543
2014/2/26,7.4231,2.1655,6.6897
2014/2/27,7.6683,2.1208,6.8581
2014/2/28,7.5457,2.0787,6.8138
2014/3/3,7.6989,2.0813,6.8669
2014/3/4,7.8521,2.1103,6.8226
2014/3/5,8.0973,2.1129,6.7252
2014/3/6,7.967,2.1076,6.796
2014/3/7,7.9134,2.0839,6.8935
2014/3/10,7.7985,1.9682,6.9112
2014/3/11,7.8828,2.0234,6.8492
2014/3/12,7.8291,2.034,6.6986
2014/3/13,7.8291,2.0208,6.7163
2014/3/14,7.99,2.0445,6.6809
2014/3/17,8.1279,2.0839,6.734
2014/3/18,8.8327,2.0682,6.7074
2014/3/19,8.7178,2.0261,6.7163
2014/3/20,8.3424,2.0313,6.6986
2014/3/21,8.3041,2.0261,6.796
2014/3/24,8.1586,2.055,6.8226
2014/3/25,8.3577,2.1392,6.8049
2014/3/26,8.3424,2.1392,6.7606
2014/3/27,8.4267,2.1181,6.6986
2014/3/28,8.2505,2.1576,6.7074
2014/3/31,8.4037,2.0524,6.734
2014/4/1,8.4343,2.0655,6.734
2014/4/2,8.5416,2.055,6.7429
2014/4/3,8.4803,2.055,6.7163
2014/4/4,8.3884,2.105,6.7252
2014/4/8,8.373,2.1524,6.7872
2014/4/9,8.6182,2.1418,6.8226
2014/4/10,8.4267,2.1366,6.8492
2014/4/11,8.6488,2.1339,6.8138
2014/4/14,8.6105,2.176,6.8138
2014/4/15,8.5875,2.1497,6.7606
2014/4/16,8.4726,2.1918,6.7606
2014/4/17,8.4726,2.1813,6.7783
2014/4/18,8.465,2.1392,6.7429
2014/4/21,8.4037,2.105,6.6986
2014/4/22,8.1969,2.1208,6.734
2014/4/23,8.1739,2.1971,6.734
2014/4/24,8.1509,2.1524,6.7252
2014/4/25,7.8674,2.1181,6.6809
2014/4/28,7.8674,2.1103,6.6277
2014/4/29,7.7985,2.105,6.6543
2014/4/30,8.013,2.155,6.6631
2014/5/5,8.0896,2.1655,6.6543
2014/5/6,8.0283,2.1471,6.6454
2014/5/7,7.9517,2.1366,6.6277
2014/5/8,8.013,2.1366,6.6366
2014/5/9,8.0053,2.0734,6.6631
2014/5/12,8.059,2.1339,6.7252
2014/5/13,8.0973,2.1181,6.7783
2014/5/14,8.2658,2.1471,6.7872
2014/5/15,8.1354,2.1234,6.7252
2014/5/16,8.1508,2.1497,6.7606
2014/5/19,8.1201,2.1313,6.7252
2014/5/20,8.0588,2.1208,6.7606
2014/5/21,8.0434,2.1129,6.796
2014/5/22,7.9438,2.1103,6.7695
2014/5/23,8.0204,2.1339,6.7783
2014/5/26,8.1585,2.155,6.7783
2014/5/27,8.4192,2.1524,6.7517
2014/5/28,8.3271,2.1497,6.7606
2014/5/29,8.5802,2.1366,6.7606
2014/5/30,8.6108,2.1339,6.734
2014/6/3,8.5725,2.2444,6.7606
2014/6/4,8.4575,2.276,6.7783
2014/6/5,8.5035,2.2839,6.7874
2014/6/6,8.4882,2.3471,6.7602
2014/6/9,8.6108,2.3023,6.7693
2014/6/10,8.6338,2.305,6.7964
2014/6/11,8.4498,2.326,6.7964
2014/6/12,8.3118,2.3497,6.7874
2014/6/13,8.2735,2.3892,6.8326
2014/6/16,8.9789,2.3497,6.896
2014/6/17,8.7182,2.3444,6.8598
2014/6/18,8.5802,2.305,6.8507
2014/6/19,8.3885,2.2971,6.8055
2014/6/20,8.4575,2.3076,6.8417
2014/6/23,8.2581,2.3471,6.8055
2014/6/24,8.0434,2.3444,6.8145
2014/6/25,8.1431,2.3418,6.8145
2014/6/26,8.0128,2.3444,6.8145
2014/6/27,7.9438,2.326,6.8145
2014/6/30,7.8364,2.2865,6.8236
2014/7/1,7.8747,2.3286,6.7964
2014/7/2,7.8747,2.2944,6.8145
2014/7/3,8.0664,2.305,6.8326
2014/7/4,8.0281,2.2971,6.8236
2014/7/7,8.0128,2.2734,6.8236
2014/7/8,7.9208,2.2681,6.8145
2014/7/9,7.8901,2.2602,6.7693
2014/7/10,7.8824,2.2629,6.7693
2014/7/11,7.9514,2.3786,6.7874
2014/7/14,7.8977,2.4681,6.8055
2014/7/15,7.8211,2.3734,6.8326
2014/7/16,7.8671,2.3839,6.8507
2014/7/17,7.66,2.3997,6.8236
2014/7/18,7.7981,2.3444,6.8326
2014/7/21,7.7061,2.3576,6.7874
2014/7/22,7.8134,2.355,6.8145
2014/7/23,7.6677,2.3155,6.8326
2014/7/24,7.5987,2.3155,6.9231
2014/7/25,7.5834,2.3129,6.9684
2014/7/28,7.6677,2.3313,7.1041
2014/7/29,7.6754,2.3707,7.0589
2014/7/30,7.8134,2.3602,7.2761
2014/7/31,7.7291,2.376,7.258
2014/8/1,7.7137,2.3707,7.2127
2014/8/4,7.9054,2.3523,7.2851
2014/8/5,8.2965,2.3497,7.267
2014/8/6,8.5802,2.3471,7.2218
2014/8/7,8.4805,2.2971,7.1132
2014/8/8,8.6492,2.3155,7.1403
2014/8/11,8.6262,2.3023,7.2218
2014/8/12,8.7105,2.326,7.2127
2014/8/13,8.5572,2.4234,7.1856
2014/8/14,9.1476,2.4102,7.1222
2014/8/15,9.0326,2.4181,7.1856
2014/8/18,9.1859,2.4471,7.1946
2014/8/19,9.1706,2.4497,7.258
2014/8/20,9.2013,2.4497,7.1946
2014/8/21,9.2779,2.497,7.1313
2014/8/22,9.462,2.7075,7.1494
2014/8/25,9.3393,2.6654,7.1765
2014/8/26,9.2243,2.697,7.1403
2014/8/27,9.4313,2.7496,7.1584
2014/8/28,9.439,2.6233,7.1765
2014/8/29,9.2549,2.6286,7.1403
2014/9/1,9.1246,2.6418,7.1584
2014/9/2,9.1476,2.6576,7.1946
2014/9/3,9.1092,2.6681,7.2851
2014/9/4,9.3393,2.6576,7.3213
2014/9/5,9.2089,2.6418,7.3485
2014/9/9,9.2549,2.6786,7.3213
2014/9/10,9.2779,2.7339,7.267
2014/9/11,9.1936,2.7917,7.258
2014/9/12,9.1936,2.8338,7.2942
2014/9/15,9.1476,2.747,7.3032
2014/9/16,8.9099,2.676,7.267
2014/9/17,9.1246,2.7049,7.2851
2014/9/18,9.1399,2.6839,7.267
2014/9/19,9.0326,2.7444,7.3132
2014/9/22,8.9866,2.7286,7.1653
2014/9/23,8.9712,2.897,7.1746
2014/9/24,9.1706,2.9207,7.2485
2014/9/25,9.0939,2.9233,7.23
2014/9/26,8.9942,2.9338,7.2023
2014/9/29,8.9099,2.9075,7.2115
2014/9/30,8.8715,3.0338,7.2023
2014/10/8,8.9636,3.1233,7.2208
2014/10/9,8.9559,3.2391,7.2485
2014/10/10,8.8639,3.3864,7.2023
2014/10/13,8.6569,3.2417,7.1653
2014/10/14,8.5802,3.1338,7.1561
2014/10/15,8.5802,3.1391,7.1653
2014/10/16,8.0971,3.2943,7.1468
2014/10/17,8.5495,3.1549,7.1098
2014/10/20,8.5035,3.0101,7.1191
2014/10/21,8.4958,3.0286,7.1006
2014/10/22,8.5572,2.9154,7.0914
2014/10/23,8.6338,2.7391,7.0081
2014/10/24,8.8409,2.776,7.0081
2014/10/27,8.7642,2.7839,6.9897
2014/10/28,8.7489,2.8391,7.0636
2014/10/29,8.7259,2.8917,7.1098
2014/10/30,8.8025,2.8917,7.1468
2014/10/31,8.7872,2.8996,7.2485
2014/11/3,8.9636,2.9628,7.23
2014/11/4,8.6492,2.9128,7.1931
2014/11/5,8.5188,2.897,7.1838
2014/11/6,8.4805,2.9444,7.2023
2014/11/7,8.3578,2.8786,7.1653
2014/11/10,8.2581,2.8865,7.267
2014/11/11,8.3195,2.7339,7.3225
2014/11/12,8.3501,2.8154,7.2948
2014/11/13,8.5188,2.918,7.3225
2014/11/14,8.7182,3.0654,7.2393
2014/11/17,8.7182,3.0654,7.2485
2014/11/18,8.7182,3.0891,7.1561
2014/11/19,8.7182,3.1075,7.1283
2014/11/20,8.7182,3.0601,7.1283
2014/11/21,8.7182,3.0759,7.1653
2014/11/24,8.7182,3.1364,7.23
2014/11/25,8.7182,3.1364,7.2578
2014/11/26,8.5802,3.1364,7.378
2014/11/27,8.3348,3.1364,7.3872
2014/11/28,8.4268,3.1364,7.5536
2014/12/1,8.1585,3.1364,7.5536
2014/12/2,8.1661,3.1364,7.7385
2014/12/3,8.1201,3.1364,7.7385
2014/12/4,8.3501,3.1364,8.5152
2014/12/5,8.1968,3.1364,9.3565
2014/12/8,8.0434,3.1364,9.5414
2014/12/9,7.7521,3.1364,8.7833
2014/12/10,7.7904,3.1364,8.7833
2014/12/11,7.7214,3.1364,8.5891
2014/12/12,7.9131,3.1364,8.6446
2014/12/15,8.1891,3.1364,8.5337
2014/12/16,8.0894,3.1364,8.8388
2014/12/17,8.0358,3.1364,9.0422
2014/12/18,7.9131,3.1364,9.0514
2014/12/19,7.8441,3.1364,9.3195
2014/12/22,7.637,3.1364,9.5784
2014/12/23,7.591,3.1364,9.0422
2014/12/24,7.591,3.1364,8.7648
2014/12/25,7.591,3.1364,9.0976
2014/12/26,7.591,3.1364,9.3565
2014/12/29,7.591,3.1364,9.5507
2014/12/30,7.591,3.1364,9.6616
2014/12/31,7.591,3.1364,9.9945
2015/1/5,7.591,3.1364,10.993
2015/1/6,7.591,3.1364,10.8081
2015/1/7,7.591,3.1364,11.4553
2015/1/8,7.591,3.1364,11.2888
2015/1/9,7.591,3.1364,11.1594
2015/1/12,7.591,3.1364,10.7434
2015/1/13,7.591,3.1364,10.7618
2015/1/14,7.591,3.1364,10.4567
2015/1/15,7.591,3.1364,11.3628
2015/1/16,7.591,3.1364,11.6494
2015/1/19,7.591,3.1364,10.5769
2015/1/20,7.591,3.1364,10.9375
2015/1/21,7.591,3.1364,11.7326
2015/1/22,7.591,3.1364,11.6772
2015/1/23,7.591,3.1364,11.8528
2015/1/26,7.591,3.1364,12.1025
2015/1/27,7.591,3.1364,11.6587
2015/1/28,7.591,3.1364,11.3258
2015/1/29,7.591,3.1364,11.0762
2015/1/30,7.591,3.1364,10.7618
2015/2/2,7.591,3.1364,10.3735
2015/2/3,7.591,3.1364,10.8081
2015/2/4,7.591,3.1364,10.5492
2015/2/5,7.591,3.1364,10.3088
2015/2/6,7.591,3.1364,10.0684
2015/2/9,7.591,3.1364,10.1979
2015/2/10,7.591,3.1364,10.3828
2015/2/11,7.591,3.1364,10.3181
2015/2/12,7.591,3.1364,10.3365
2015/2/13,7.591,3.1364,10.3365
2015/2/16,7.591,3.1364,10.2348
2015/2/17,7.591,3.1364,10.2441
2015/2/25,7.591,3.1364,10.3828
2015/2/26,7.591,3.1364,10.4845
2015/2/27,7.591,3.1364,10.5584
2015/3/2,7.591,3.1364,10.466
2015/3/3,7.591,3.1364,10.1054
2015/3/4,7.591,3.1364,10.0962
2015/3/5,7.591,3.1364,9.902
2015/3/6,7.591,3.1364,9.9575
2015/3/9,7.591,3.1364,10.0684
2015/3/10,7.591,3.1364,9.9575
2015/3/11,7.591,3.1364,9.939
2015/3/12,7.591,3.1364,10.1979
2015/3/13,7.591,3.1364,10.2256
2015/3/16,7.591,3.1364,10.355
2015/3/17,7.591,3.1364,10.6139
2015/3/18,7.591,3.1364,10.7711
2015/3/19,7.591,3.1364,10.7618
2015/3/20,7.591,3.1364,10.7988
2015/3/23,7.591,3.1364,10.9098
2015/3/24,7.591,3.1364,10.7156
2015/3/25,7.591,3.1364,10.4752
2015/3/26,7.591,3.1364,11.0854
2015/3/27,7.591,3.1364,10.8173
2015/3/30,7.591,3.1364,10.9837
2015/3/31,7.591,3.1364,10.8451
2015/4/1,7.591,3.1364,10.9652
2015/4/2,7.591,3.1364,11.0115
2015/4/3,7.591,3.1364,10.9468
2015/4/7,8.3501,3.1364,11.3443
2015/4/8,9.1859,3.1364,11.5662
2015/4/9,10.1061,3.1364,11.4553
2015/4/10,11.1182,3.1364,11.52
2015/4/13,11.1335,3.1364,11.7326
2015/4/14,12.0537,3.1364,11.5662
2015/4/15,11.7546,3.1364,11.5292
2015/4/16,11.9003,3.1364,12.0285
2015/4/17,11.9003,3.1364,12.3706
2015/4/20,11.4326,3.1364,11.8343
2015/4/21,11.839,3.1364,12.01
2015/4/22,12.0076,3.1364,12.2226
2015/4/23,11.931,3.1364,12.3336
2015/4/24,12.4294,3.1364,12.3151
2015/4/27,12.4447,3.1364,13.5448
2015/4/28,12.0076,3.1364,13.2489
2015/4/29,12.0767,3.1364,12.6757
2015/4/30,12.0153,3.1364,12.3798
2015/5/4,12.115,3.1364,12.4815
2015/5/5,12.1457,3.1364,12.0285
2015/5/6,12.8358,3.1364,11.6587
2015/5/7,12.7361,3.1364,11.2519
2015/5/8,12.7131,3.1364,11.4738
2015/5/11,13.0121,3.1364,11.7049
2015/5/12,13.2958,3.1364,11.7326
2015/5/13,14.3156,3.1364,11.4922
2015/5/14,14.0396,3.1364,11.5292
2015/5/15,13.3878,3.1364,11.1964
2015/5/18,13.0965,3.1364,10.9005
2015/5/19,13.2191,3.1364,11.2704
2015/5/20,13.1348,3.1364,11.2519
2015/5/21,13.3265,3.1364,11.2981
2015/5/22,13.6869,3.1364,11.6864
2015/5/25,14.2006,3.1364,12.0008
2015/5/26,14.469,3.1364,12.0655
2015/5/27,14.8294,3.1364,12.3428
2015/5/28,13.3495,3.1364,11.2796
2015/5/29,12.8434,3.1364,11.0207
2015/6/1,13.7712,3.1364,11.4645
2015/6/2,13.9782,3.1364,11.4368
2015/6/3,14.3923,3.1364,11.4183
2015/6/4,14.0089,3.1364,11.6587
2015/6/5,14.2926,3.1364,11.8528
2015/6/8,15.3431,3.1364,12.3243
2015/6/9,16.1022,3.1364,12.1857
2015/6/10,15.9182,3.1364,12.0008
2015/6/11,15.9028,3.1364,11.936
2015/6/12,15.6728,3.4496,11.9823
2015/6/15,15.7955,3.7943,11.6494
2015/6/16,15.7955,4.1732,11.1779
2015/6/17,15.4351,4.5915,11.3536
2015/6/18,15.1054,5.052,10.9098
2015/6/19,14.0319,5.0651,10.3273
2015/6/23,13.8479,5.052,10.6232
2015/6/24,14.0933,4.9546,10.9283
2015/6/25,13.3418,4.5547,10.466
2015/6/26,12.0076,4.0995,9.7356
2015/6/29,10.8038,3.7285,10.1239
2015/6/30,11.7163,4.1021,10.4752
2015/7/1,11.3482,4.26,9.9297
2015/7/2,10.2134,3.8337,10.7988
2015/7/3,9.1936,3.4496,10.9375
2015/7/6,9.2634,3.1049,12.0285
2015/7/7,9.2634,3.1049,12.537
2015/7/8,9.2634,3.1049,11.3998
2015/7/9,9.2634,3.1049,11.9963
2015/7/10,9.2634,3.1049,12.2014
2015/7/13,10.1907,3.1049,11.6794
2015/7/14,11.2078,3.1049,11.4557
2015/7/15,10.091,3.1049,12.6022
2015/7/16,10.1808,3.1049,12.4904
2015/7/17,10.6993,3.1049,12.276
2015/7/20,10.6494,3.1049,12.798
2015/7/21,10.6295,3.1049,12.5649
2015/7/22,10.8588,3.1049,12.7048
2015/7/23,11.158,3.1049,12.7327
2015/7/24,11.3175,3.1049,12.7514
2015/7/27,10.1907,3.1049,11.5303
2015/7/28,9.7819,3.1049,11.0456
2015/7/29,10.3004,3.1049,10.8592
2015/7/30,10.1907,3.1049,10.9151
2015/7/31,10.2206,3.1049,10.3372
2015/8/3,10.1608,3.1049,9.8525
2015/8/4,10.5597,3.1049,10.0855
2015/8/5,10.2406,3.1049,9.9084
2015/8/6,9.9714,3.1049,9.7686
2015/8/7,10.2107,3.1049,9.9457
2015/8/10,10.6195,3.1049,10.3185
2015/8/11,10.9087,3.1049,10.3931
2015/8/12,10.5696,3.1049,10.244
2015/8/13,10.7392,3.1049,10.2626
2015/8/14,11.0383,3.1049,10.2346
2015/8/17,11.1679,3.1049,10.0762
2015/8/18,10.0511,3.1049,10.3745
2015/8/19,10.1608,3.1049,10.0575
2015/8/20,9.9016,3.1049,9.6194
2015/8/21,9.2335,3.1049,9.3212
2015/8/24,8.3061,3.1049,8.8644
2015/8/25,7.4785,3.1049,7.9789
2015/8/26,6.8304,3.1049,7.9976
2015/8/27,7.2492,3.1049,8.184
2015/8/28,7.9771,3.1049,8.5195
2015/8/31,7.997,3.1049,8.3331
2015/9/1,7.5683,3.1049,8.5848
2015/9/2,7.0597,3.1049,8.156
2015/9/7,6.98,3.1049,8.0442
2015/9/8,7.2891,3.1049,8.1094
2015/9/9,7.7477,3.1049,8.3984
2015/9/10,7.4386,3.1049,8.2399
2015/9/11,7.5683,3.1049,8.2119
2015/9/14,6.8104,3.1049,7.923
2015/9/15,6.1424,3.1049,7.9044
2015/9/16,6.7606,3.1049,8.1653
2015/9/17,7.4087,3.1049,7.9882
2015/9/18,7.8275,3.1049,7.9038
2015/9/21,7.8275,3.1049,7.9507
2015/9/22,7.8275,3.1049,8.0258
2015/9/23,7.8275,3.1049,7.8474
2015/9/24,7.8275,3.1049,7.885
2015/9/25,7.8275,3.1049,8.007
2015/9/28,7.8275,3.1049,7.9131
2015/9/29,7.8275,3.1049,7.7536
2015/9/30,7.8275,3.1049,7.7254
2015/10/8,7.8275,3.1049,7.9225
2015/10/9,7.8275,3.1049,7.9976
2015/10/12,7.8275,3.1049,8.2323
2015/10/13,7.8275,3.1049,8.1478
2015/10/14,7.8275,3.1049,8.1948
2015/10/15,7.8275,3.1049,8.2792
2015/10/16,7.8275,3.1049,8.4013
2015/10/19,7.8275,3.1049,8.3543
2015/10/20,7.8275,3.1049,8.42
2015/10/21,7.8275,3.1049,8.3731
2015/10/22,7.8275,3.1049,8.2792
2015/10/23,7.8275,3.1049,8.2886
2015/10/26,7.8275,3.1049,8.3449
2015/10/27,7.8275,3.1049,8.2698
2015/10/28,7.8275,3.1049,8.2511
2015/10/29,7.8275,3.1049,8.2792
2015/10/30,7.8275,3.1049,8.2135
2015/11/2,7.8275,3.1049,8.007
2015/11/3,7.8275,3.1049,7.9507
2015/11/4,7.8275,3.1049,8.2041
2015/11/5,7.8275,3.1049,8.4294
2015/11/6,7.8275,3.1049,8.5421
2015/11/9,7.8275,3.1049,8.6735
2015/11/10,7.8275,3.1049,8.6923
2015/11/11,7.8275,3.1049,8.6359
2015/11/12,7.8275,3.1049,8.5515
2015/11/13,7.8275,3.1049,8.3919
2015/11/16,7.8275,3.1049,8.4294
2015/11/17,7.8275,3.1049,8.4857
2015/11/18,7.8275,3.1049,8.4951
2015/11/19,7.8275,3.1049,8.4857
2015/11/20,7.8275,3.1049,8.4388
2015/11/23,7.8275,3.1049,8.3731
2015/11/24,7.8275,3.1049,8.3637
2015/11/25,7.8275,3.1049,8.4294
2015/11/26,7.8275,3.1049,8.42
2015/11/27,7.8275,3.1049,7.9413
2015/11/30,7.8275,3.1049,7.885
2015/12/1,7.8275,3.1049,7.8944
2015/12/2,7.8275,3.1049,8.1103
2015/12/3,7.8275,3.1049,8.2792
2015/12/4,7.8275,3.1049,8.054
2015/12/7,7.8275,3.1049,8.0258
2015/12/8,7.8275,3.1049,7.8662
2015/12/9,7.8275,3.1049,7.8381
2015/12/10,7.8275,3.1049,7.8193
2015/12/11,7.8275,3.1049,7.7911
2015/12/14,7.8275,3.1049,7.9131
2015/12/15,7.8275,3.1049,7.8568
2015/12/16,7.8275,3.1049,7.9413
2015/12/17,7.8275,3.4154,7.9601
2015/12/18,7.8275,3.7574,7.9601
2015/12/21,7.8275,4.1337,8.007
2015/12/22,7.8275,4.5468,7.9976
2015/12/23,7.8275,4.4994,8.0164
2015/12/24,7.8275,4.5336,7.9601
2015/12/25,7.8275,4.4494,7.9601
2015/12/28,7.8275,4.5126,7.8568
2015/12/29,7.8275,4.6731,7.9038
2015/12/30,7.8275,4.5336,7.8944
2015/12/31,7.8275,4.481,7.8381
2016/1/4,7.8275,4.0732,7.6315
2016/1/5,7.8275,4.11,7.5752
2016/1/6,7.8275,4.21,7.8005
2016/1/7,7.8275,3.789,7.3499
2016/1/8,7.8275,4.06,7.5001
2016/1/11,7.8275,3.889,7.2279
2016/1/12,7.8275,3.9258,7.2842
2016/1/13,7.8275,3.5338,7.1434
2016/1/14,7.8275,3.2654,7.1622
2016/1/15,7.8275,2.9391,6.89
2016/1/18,7.8275,2.9391,6.8243
2016/1/19,7.8275,3.2338,6.9651
2016/1/20,7.8275,3.5574,7.0026
2016/1/21,7.8275,3.3785,6.8149
2016/1/22,7.8275,3.2996,6.8806
2016/1/25,7.8275,3.4943,6.9745
2016/1/26,7.8275,3.1443,6.6459
2016/1/27,7.8275,3.1049,6.8337
2016/1/28,7.8275,3.0101,6.9838
2016/1/29,7.8275,3.1207,7.0026
2016/2/1,7.8275,3.1154,6.8055
2016/2/2,7.8275,3.1733,6.8712
2016/2/3,7.8275,3.1128,6.7773
2016/2/4,7.8275,3.1759,6.8149
2016/2/5,7.8275,3.1759,6.7867
2016/2/15,7.8275,3.1075,6.7398
2016/2/16,7.8275,3.2285,6.8994
2016/2/17,7.8275,3.2338,7.0589
2016/2/18,7.8275,3.2891,6.9745
2016/2/19,7.8275,3.3917,6.9651
2016/2/22,7.8275,3.4469,7.0683
2016/2/23,7.8275,3.4811,7.0214
2016/2/24,7.8275,3.4443,7.0683
2016/2/25,7.8275,3.2391,6.6459
2016/2/26,7.8275,3.2049,6.8149
2016/2/29,7.8275,3.0075,6.8337
2016/3/1,7.8275,3.1259,6.8712
2016/3/2,7.8275,3.2864,7.0777
2016/3/3,7.8275,3.3496,7.1153
2016/3/4,7.8275,3.4127,7.3405
2016/3/7,7.8275,3.4838,7.303
2016/3/8,7.8275,3.7443,7.3405
2016/3/9,7.8275,3.6364,7.3218
2016/3/10,7.8275,3.4575,7.2185
2016/3/11,7.8275,3.5259,7.2185
2016/3/14,7.8275,3.6574,7.2748
2016/3/15,7.8275,3.6232,7.3124
2016/3/16,7.8275,3.5153,7.4063
2016/3/17,7.8275,3.6627,7.3969
2016/3/18,7.8275,3.9074,7.3969
2016/3/21,7.8275,3.9548,7.3687
2016/3/22,7.8275,4.0784,7.3124
2016/3/23,7.8275,4.1784,7.303
2016/3/24,7.8275,3.9548,7.1622
2016/3/25,7.8275,4.1547,7.1622
2016/3/28,7.8275,4.1021,7.1246
2016/3/29,7.8275,3.9679,7.0214
2016/3/30,7.8275,4.0547,7.1997
2016/3/31,7.8275,4.0968,7.1434
2016/4/1,7.8275,4.0232,7.1904
2016/4/5,8.6153,4.1074,7.1904
2016/4/6,8.7349,4.2389,7.2279
2016/4/7,9.4429,4.2126,7.1434
2016/4/8,8.8945,4.21,7.0589
2016/4/11,8.8945,4.4257,7.1716
2016/4/12,8.7848,4.4126,7.181
2016/4/13,9.1138,4.4468,7.3124
2016/4/14,9.1737,4.5494,7.2936
2016/4/15,9.1338,4.0942,7.2748
2016/4/18,8.715,4.0811,7.1246
2016/4/19,8.7249,4.0574,7.181
2016/4/20,8.017,3.9942,7.1246
2016/4/21,8.346,3.9942,7.1059
2016/4/22,8.1865,3.9837,7.1153
2016/4/25,8.0868,3.9548,7.0965
2016/4/26,8.0967,4.0626,7.0777
2016/4/27,8.3061,4.1179,7.0683
2016/4/28,8.2862,4.0626,7.0683
2016/4/29,8.4258,4.0626,6.9651
2016/5/3,8.5155,4.0732,7.0496
2016/5/4,8.3161,3.9995,7.0026
2016/5/5,8.2962,3.9995,7.0026
2016/5/6,7.9372,3.9416,6.89
2016/5/9,7.4985,3.8206,6.7586
2016/5/10,7.3888,3.7627,6.7492
2016/5/11,7.5084,3.9416,6.7773
2016/5/12,7.7876,3.9416,6.7586
2016/5/13,7.7378,3.9416,6.7492
2016/5/16,7.8375,3.9416,6.7586
2016/5/17,8.1965,3.9416,6.7961
2016/5/18,8.017,3.9416,6.7586
2016/5/19,7.9073,3.9416,6.7398
2016/5/20,7.8973,3.9416,6.7679
2016/5/23,7.9571,3.9416,6.7586
2016/5/24,7.7577,3.9416,6.7773
2016/5/25,7.7876,3.9416,6.7492
2016/5/26,8.1466,3.889,6.7773
2016/5/27,8.0569,3.9548,6.7586
2016/5/30,8.017,3.939,6.7867
2016/5/31,8.2663,4.01,6.9181
2016/6/1,8.2164,3.939,6.8712
2016/6/2,8.1765,3.9021,6.8806
2016/6/3,8.1366,3.8732,6.9088
2016/6/6,8.2064,3.8837,6.89
2016/6/7,8.2264,3.8258,6.8806
2016/6/8,8.5853,3.8416,6.8712
2016/6/13,8.0269,3.668,6.7676
2016/6/14,7.7976,3.6916,6.7676
2016/6/15,7.9771,3.8942,6.7959
2016/6/16,7.8574,3.9074,6.7488
2016/6/17,7.7777,4.01,6.7771
2016/6/20,7.7976,4.2389,6.7865
2016/6/21,7.7477,4.1916,6.7676
2016/6/22,7.8175,4.3547,6.7959
2016/6/23,7.7477,4.3073,6.7582
2016/6/24,7.5583,4.2126,6.7018
2016/6/27,7.5583,4.3363,6.7206
2016/6/28,7.5583,4.4047,6.7676
2016/6/29,7.5583,4.4468,6.7959
2016/6/30,7.5583,4.6547,6.8053
2016/7/1,7.5583,4.6836,6.7959
2016/7/4,7.5583,4.6547,6.8618
2016/7/5,7.5583,4.6389,6.8712
2016/7/6,7.5583,4.8625,6.8429
2016/7/7,7.5583,4.8994,6.8618
2016/7/8,7.5583,5.0099,6.8241
2016/7/11,8.1566,4.5099,6.8524
2016/7/12,8.2563,4.5099,6.9371
2016/7/13,8.436,4.5099,6.9747
2016/7/14,8.2763,4.3521,6.9371
2016/7/15,8.4959,4.26,6.9465
2016/7/18,8.3062,4.3126,6.9465
2016/7/19,8.4759,4.31,6.9182
2016/7/20,8.7155,4.2968,6.89
2016/7/21,8.7355,4.1863,6.9088
2016/7/22,8.5059,4.0547,6.8618
2016/7/25,8.4859,4.1232,6.8524
2016/7/26,8.5857,4.1442,6.8994
2016/7/27,8.1764,3.9732,6.8053
2016/7/28,8.2064,3.8837,6.7959
2016/7/29,8.1265,3.889,6.7959
2016/8/1,7.9468,3.8153,6.7959
2016/8/2,8.0367,3.9206,6.8147
2016/8/3,8.0067,3.9127,6.7959
2016/8/4,8.0866,3.9705,6.8147
2016/8/5,8.0167,3.9284,6.8147
2016/8/8,8.1265,3.9416,6.8335
2016/8/9,8.2164,4.1205,6.8524
2016/8/10,8.2862,4.0679,6.8429
2016/8/11,8.2463,4.0153,6.8712
2016/8/12,8.2563,4.0469,6.9088
2016/8/15,8.3661,4.1705,7.0124
2016/8/16,8.3861,4.2074,6.9841
2016/8/17,8.2763,4.3337,6.9841
2016/8/18,8.1664,4.2889,6.9559
2016/8/19,8.2064,4.5599,6.9747
2016/8/22,8.0466,4.3363,6.9841
2016/8/23,8.0466,4.3179,6.9841
2016/8/24,8.0666,4.3889,6.9935
2016/8/25,7.8969,4.4652,6.9747
2016/8/26,7.9268,4.3573,6.9653
2016/8/29,7.9768,4.2047,6.9841
2016/8/30,7.8669,4.1311,7.05
2016/8/31,7.8969,4.1047,7.0971
2016/9/1,7.7771,4.0705,7.05
2016/9/2,7.9768,4.0521,7.0312
2016/9/5,7.9768,4.0732,7.0594
2016/9/6,7.9768,4.1547,7.05
2016/9/7,7.9768,4.1047,7.05
2016/9/8,7.9768,4.0995,7.0218
2016/9/9,7.9768,3.9574,6.9841
2016/9/12,7.9768,3.8785,6.8806
2016/9/13,7.9768,3.9837,6.8618
2016/9/14,7.9768,3.96,6.8524
2016/9/19,7.9768,3.9916,6.8524
2016/9/20,7.9768,3.9837,6.8429
2016/9/21,7.9768,4.0074,6.8524
2016/9/22,7.9768,3.9758,6.8524
2016/9/23,7.9768,3.9837,6.8618
2016/9/26,7.9768,3.8574,6.7863
2016/9/27,7.9768,3.8942,6.8052
2016/9/28,7.9768,3.8758,6.7863
2016/9/29,7.9768,3.9206,6.8241
2016/9/30,7.9768,4.0232,6.8146
2016/10/10,7.9768,4.1863,6.8807
2016/10/11,7.9768,4.1863,6.8996
2016/10/12,7.9768,4.16,6.8901
2016/10/13,7.9768,4.1363,6.8713
2016/10/14,7.9768,4.1837,6.8901
2016/10/17,7.9768,4.1337,6.8524
2016/10/18,7.9768,4.1758,6.9185
2016/10/19,7.9768,4.3573,6.9185
2016/10/20,7.9768,4.3784,6.9279
2016/10/21,7.9768,4.2626,6.9468
2016/10/24,7.9768,4.3205,7.0128
2016/10/25,7.9768,4.2679,6.9751
2016/10/26,8.7754,4.2179,6.9656
2016/10/27,8.6856,4.2258,6.9562
2016/10/28,8.5957,4.31,6.9656
2016/10/31,8.3661,4.2337,6.9279
2016/11/1,8.406,4.2916,6.9185
2016/11/2,8.2663,4.2179,6.8713
2016/11/3,8.2763,4.2994,6.8807
2016/11/4,8.2363,4.2705,6.8524
2016/11/7,8.1964,4.3573,6.8807
2016/11/8,8.2763,4.3731,6.909
2016/11/9,8.1764,4.2679,6.8713
2016/11/10,8.3761,4.4836,6.9279
2016/11/11,8.426,4.6731,6.9845
2016/11/14,8.3761,4.6757,7.0223
2016/11/15,8.5558,4.9204,7.0034
2016/11/16,8.4959,4.8546,7.0128
2016/11/17,8.3961,4.6257,7.0034
2016/11/18,8.3761,5.0046,6.9845
2016/11/21,8.3461,5.0046,7.06
2016/11/22,8.7654,4.9573,7.2394
2016/11/23,9.005,4.7494,7.1639
2016/11/24,8.9152,4.8415,7.1261
2016/11/25,9.055,4.3863,7.1733
2016/11/28,9.1847,4.3889,7.2394
2016/11/29,9.055,4.3915,7.3337
2016/11/30,8.7355,4.4073,7.1922
2016/12/1,9.2247,4.5205,7.3243
2016/12/2,9.1548,4.4968,7.4187
2016/12/5,8.8753,4.602,7.211
2016/12/6,9.2946,4.7783,7.1733
2016/12/7,9.3245,4.5889,7.1922
2016/12/8,9.1648,4.5863,7.1544
2016/12/9,9.3145,4.4521,7.2205
2016/12/12,9.3445,4.11,7.145
2016/12/13,10.2829,4.52,7.2771
2016/12/14,10.213,4.56,7.3149
2016/12/15,10.5325,4.4,7.1733
2016/12/16,10.1831,4.23,7.1827
2016/12/19,10.4227,4.1,7.2677
2016/12/20,10.0333,4.01,7.2016
2016/12/21,10.1132,4.03,7.4848
2016/12/22,9.9734,3.94,7.7018
2016/12/23,9.6839,3.81,7.6641
2016/12/26,9.5541,3.91,7.6452
2016/12/27,9.6939,3.9,7.5697
2016/12/28,9.5841,4.16,7.5791
2016/12/29,9.5541,4.05,7.5036
2016/12/30,9.8037,4.01,7.5036
2017/1/3,9.9235,4.01,7.5225
2017/1/4,10.0633,4.11,7.5508
2017/1/5,10.0633,3.99,7.7018
2017/1/6,10.0633,3.94,7.8906
2017/1/9,9.9934,3.95,7.9001
2017/1/10,9.8237,3.94,7.9284
2017/1/11,9.1248,3.89,7.8434
2017/1/12,9.1348,3.86,7.8529
2017/1/13,8.9352,3.82,7.9189
2017/1/16,8.5857,3.68,8.0416
2017/1/17,8.6856,3.68,8.0605
2017/1/18,8.7355,3.69,8.0888
2017/1/19,8.4759,3.71,8.0228
2017/1/20,8.5258,3.76,7.9756
2017/1/23,8.8054,3.81,8.0416
2017/1/24,8.7954,3.74,8.2682
2017/1/25,8.8353,3.73,8.2493
2017/1/26,9.055,3.72,8.1643
2017/2/3,8.8054,3.73,8.0983
2017/2/6,8.9252,3.74,8.07
2017/2/7,8.9052,3.91,8.0322
2017/2/8,8.8952,3.9,7.9378
2017/2/9,8.8253,3.89,7.9567
2017/2/10,8.8154,3.87,7.9661
2017/2/13,9.055,3.93,7.9378
2017/2/14,9.035,3.9,7.9189
2017/2/15,8.8553,3.85,7.9473
2017/2/16,8.9152,3.87,7.8529
2017/2/17,8.6157,3.81,7.8151
2017/2/20,8.5258,3.78,7.8812
2017/2/21,8.6057,3.81,7.8812
2017/2/22,8.8154,3.8,7.9284
2017/2/23,8.5159,3.77,7.8246
2017/2/24,8.6357,3.74,7.7962
2017/2/27,8.1365,3.69,7.749
2017/2/28,8.0966,3.69,7.7679
2017/3/1,8.1365,3.78,7.7868
2017/3/2,8.0666,3.73,7.7207
2017/3/3,8.0766,3.71,7.5886
2017/3/6,8.1365,3.72,7.6075
2017/3/7,8.1764,3.71,7.6358
2017/3/8,8.2363,3.69,7.6358
2017/3/9,8.0966,3.65,7.5131
2017/3/10,8.0966,3.66,7.4848
2017/3/13,8.0666,3.66,7.5225
2017/3/14,8.0666,3.64,7.5414
2017/3/15,8.1265,3.58,7.5414
2017/3/16,8.2164,3.63,7.5886
2017/3/17,8.1165,3.62,7.4942
2017/3/20,8.1664,3.6,7.5697
2017/3/21,8.1265,3.56,7.5791
2017/3/22,8.0367,3.48,7.532
2017/3/23,7.9168,3.46,7.4753
2017/3/24,7.9468,3.45,7.5131
2017/3/27,7.817,3.39,7.4753
2017/3/28,7.8869,3.43,7.4093
2017/3/29,7.8569,3.43,7.4093
2017/3/30,7.8569,3.37,7.4187
2017/3/31,7.9768,3.4,7.4281
2017/4/5,8.0766,3.43,7.5225
2017/4/6,8.0766,3.42,7.532
2017/4/7,8.2763,3.53,7.598
2017/4/10,8.2164,3.58,7.598
2017/4/11,8.2463,3.55,7.5697
2017/4/12,8.2563,3.63,7.6452
2017/4/13,8.3062,3.63,7.6075
2017/4/14,8.1864,3.63,7.5697
2017/4/17,7.5475,3.63,7.598
2017/4/18,7.7571,3.63,7.5131
2017/4/19,7.7571,3.63,7.3621
2017/4/20,7.4576,3.45,7.2582
2017/4/21,7.4576,3.64,7.3526
2017/4/24,7.3378,3.66,7.3337
2017/4/25,6.8886,3.58,7.3054
2017/4/26,6.2097,3.48,7.296
2017/4/27,6.3694,3.44,7.3621
2017/4/28,6.3395,3.47,7.3621
2017/5/2,6.2896,3.43,7.2582
2017/5/3,6.3395,3.39,7.1733
2017/5/4,6.3295,3.36,7.1544
2017/5/5,6.0999,3.33,7.1261
2017/5/8,5.9501,3.33,7.06
2017/5/9,6.2696,3.41,7.0695
2017/5/10,6.2696,3.38,7.0223
2017/5/11,6.2297,3.33,7.1922
2017/5/12,6.3095,3.41,7.1733
2017/5/15,6.3495,3.48,7.2677
2017/5/16,6.3794,3.48,7.2582
2017/5/17,6.3694,3.44,7.1639
2017/5/18,6.4493,3.46,7.1922
2017/5/19,6.8586,3.52,7.1733
2017/5/22,6.6589,3.53,7.2582
2017/5/23,6.3195,3.43,7.3526
2017/5/24,6.3594,3.44,7.3149
2017/5/25,6.3594,3.43,7.4281
2017/5/26,6.2596,3.48,7.3621
2017/5/31,6.2197,3.46,7.3809
2017/6/1,6.0599,3.39,7.4093
2017/6/2,6.03,3.43,7.3337
2017/6/5,6.1698,3.44,7.3054
2017/6/6,6.2496,3.44,7.2866
2017/6/7,6.3095,3.5,7.3149
2017/6/8,6.1897,3.52,7.296
2017/6/9,6.2496,3.54,7.296
2017/6/12,6.1698,3.5,7.211
2017/6/13,6.2197,3.55,7.2205
2017/6/14,6.1498,3.63,7.2299
2017/6/15,6.2696,3.72,7.2205
2017/6/16,6.1897,3.7,7.2205
2017/6/19,6.1997,3.72,7.2205
2017/6/20,6.1598,3.75,7.2677
2017/6/21,6.1198,3.72,7.2866
2017/6/22,6.03,3.66,7.296
2017/6/23,6.04,3.68,7.3435
2017/6/26,6.0999,3.81,7.334
2017/6/27,6.0599,3.82,7.3055
2017/6/28,6.0799,3.81,7.296
2017/6/29,6.0699,3.8,7.296
2017/6/30,6.05,3.82,7.296
2017/7/3,6.0799,3.81,7.3435
2017/7/4,6.1298,3.79,7.4289
2017/7/5,6.1298,3.78,7.4099
2017/7/6,6.0599,3.72,7.4289
2017/7/7,6.0899,3.7,7.4004
2017/7/10,6.0699,3.64,7.4384
2017/7/11,6.02,3.61,7.4384
2017/7/12,5.98,3.61,7.3909
2017/7/13,6.01,3.67,7.4858
2017/7/14,5.96,3.68,7.4858
2017/7/17,5.4,3.54,7.7135
2017/7/18,5.18,3.6,7.6471
2017/7/19,5.14,3.65,7.6945
2017/7/20,5.22,3.66,7.6945
2017/7/21,5.22,3.71,7.6186
2017/7/24,5.22,3.69,7.5996
2017/7/25,4.84,3.71,7.6566
2017/7/26,4.7,3.71,7.7704
2017/7/27,4.87,3.71,7.7325
2017/7/28,4.91,3.78,7.685
2017/7/31,4.96,3.87,7.7135
2017/8/1,4.96,3.87,7.8084
2017/8/2,4.91,3.89,7.723
2017/8/3,4.92,3.84,7.6945
2017/8/4,4.94,3.86,7.7609
2017/8/7,4.9,3.89,7.7704
2017/8/8,4.88,3.87,7.7609
2017/8/9,4.87,4.03,7.704
2017/8/10,4.87,4.23,7.6755
2017/8/11,4.75,4.04,7.5617
2017/8/14,4.77,4.23,7.5427
2017/8/15,4.78,4.23,7.5237
2017/8/16,4.81,4.18,7.4953
2017/8/17,4.85,4.14,7.5237
2017/8/18,4.97,4.2,7.5427
2017/8/21,4.99,4.22,7.6091
2017/8/22,5.1,4.4,7.5996
2017/8/23,5.09,4.27,7.5807
2017/8/24,5.18,4.29,7.5522
2017/8/25,5.4,4.26,7.6566
2017/8/28,5.34,4.2,7.7799
2017/8/29,5.2,4.09,7.704
2017/8/30,5.27,4.1,7.7135
2017/8/31,5.21,3.97,7.6945
2017/9/1,5.21,4.08,7.6755
2017/9/4,5.19,4.15,7.685
2017/9/5,5.2,4.16,7.6661
2017/9/6,5.38,4.13,7.723
2017/9/7,5.76,4.12,7.6755
2017/9/8,5.91,4.13,7.6661
2017/9/11,5.91,4.01,7.6661
2017/9/12,5.84,3.96,7.6186
2017/9/13,5.73,4,7.6186
2017/9/14,5.7,4.09,7.6186
2017/9/15,5.78,4.2,7.6378
2017/9/18,5.76,4.26,7.6569
2017/9/19,5.73,4.23,7.6282
2017/9/20,5.7,4.21,7.5995
2017/9/21,5.63,4.19,7.6282
2017/9/22,5.49,4.19,7.6091
2017/9/25,5.43,4.03,7.7143
2017/9/26,5.54,4.22,7.7431
2017/9/27,5.47,4.22,7.7048
2017/9/28,5.49,4.17,7.6569
2017/9/29,5.53,4.12,7.6473
2017/10/9,5.53,4.17,7.6378
2017/10/10,5.55,4.15,7.6569
2017/10/11,5.62,4.13,7.6569
2017/10/12,5.52,4.08,7.6282
2017/10/13,5.56,4.12,7.6378
2017/10/16,5.42,4.08,7.7048
2017/10/17,5.32,4.04,7.7048
2017/10/18,5.34,3.98,7.8962
2017/10/19,5.15,4.05,7.9153
2017/10/20,5.1,4.02,7.8005
2017/10/23,5.09,4,7.8005
2017/10/24,5.09,3.96,7.8196
2017/10/25,5.16,4,7.7813
2017/10/26,5.29,4.02,7.8196
2017/10/27,5.16,4.02,7.7813
2017/10/30,5.05,4.11,7.944
2017/10/31,5.07,4.08,7.9153
2017/11/1,5.19,4.19,8.0302
2017/11/2,5.19,4.2,8.0302
2017/11/3,5.14,4.17,7.9632
2017/11/6,5.11,4.21,8.0206
2017/11/7,5.62,4.2,8.2216
2017/11/8,5.49,4.07,8.1355
2017/11/9,5.48,4.08,8.1546
2017/11/10,5.34,4.04,8.0302
2017/11/13,5.38,4.02,8.0398
2017/11/14,5.22,4,8.0015
2017/11/15,5.09,3.98,7.8005
2017/11/16,5.04,4.05,7.7335
2017/11/17,4.7,3.89,7.7718
2017/11/20,4.73,3.79,7.8292
2017/11/21,4.67,3.56,7.8675
2017/11/22,4.7,3.57,8.0398
2017/11/23,4.58,3.43,7.9345
2017/11/24,4.66,3.4,8.0398
2017/11/27,4.7,3.43,7.9823
2017/11/28,4.73,3.56,7.8579
2017/11/29,4.7,3.59,7.8866
2017/11/30,4.7,3.55,7.8196
2017/12/1,4.7,3.62,7.81
2017/12/4,4.7,3.62,7.8196
2017/12/5,4.52,3.43,7.8675
2017/12/6,4.43,3.39,7.7431
2017/12/7,4.43,3.44,7.7048
2017/12/8,4.45,3.48,7.7143
2017/12/11,4.42,3.51,7.7431
2017/12/12,4.4,3.48,7.6761
2017/12/13,4.36,3.43,7.6761
2017/12/14,4.33,3.48,7.5995
2017/12/15,4.21,3.48,7.5325
2017/12/18,3.99,3.49,7.5421
2017/12/19,4.13,3.58,7.5516
2017/12/20,4.1,3.57,7.5995
2017/12/21,4.13,3.63,7.6378
2017/12/22,4.4,3.68,7.7431
2017/12/25,4.24,3.62,7.6952
2017/12/26,4.23,3.67,7.7239
2017/12/27,4.24,3.69,7.7431
2017/12/28,4.25,3.69,7.7143
2017/12/29,4.26,3.7,7.7431
2018/1/2,4.36,3.85,7.8962
2018/1/3,4.41,3.92,7.9153
2018/1/4,4.75,4,8.1833
2018/1/5,4.61,3.94,8.2216
2018/1/8,4.55,3.95,8.1642
2018/1/9,4.63,3.78,8.145
2018/1/10,4.67,3.76,8.3747
2018/1/11,4.61,3.78,8.3843
2018/1/12,4.61,3.81,8.3747
2018/1/15,4.63,3.77,8.4322
2018/1/16,4.6,3.68,8.3365
2018/1/17,4.57,3.68,8.4417
2018/1/18,4.52,3.7,8.3556
2018/1/19,4.49,3.64,8.614
2018/1/22,4.47,3.59,8.5662
2018/1/23,4.35,3.65,8.7959
2018/1/24,4.44,3.65,8.9299
2018/1/25,4.47,3.66,8.8533
2018/1/26,4.42,3.63,8.9107
2018/1/29,4.53,3.66,8.9012
2018/1/30,4.39,3.6,8.7193
2018/1/31,3.95,3.45,8.6236
2018/2/1,3.69,3.31,8.614
2018/2/2,3.75,3.31,8.9012
2018/2/5,3.69,3.3,8.949
2018/2/6,3.32,3.11,8.4417
2018/2/7,3.36,3.13,8.2025
2018/2/8,3.4,3.25,8.0015
2018/2/9,3.25,3.14,7.6091
2018/2/12,3.37,3.14,7.6378
2018/2/13,3.36,3.13,7.6569
2018/2/14,3.41,3.12,7.6761
2018/2/22,3.47,3.13,7.81
2018/2/23,3.49,3.14,7.8388
2018/2/26,3.55,3.19,7.9058
2018/2/27,3.52,3.24,7.7813
2018/2/28,3.51,3.19,7.6569
2018/3/1,3.58,3.2,7.6761
2018/3/2,3.56,3.25,7.6186
2018/3/5,3.53,3.25,7.6665
2018/3/6,3.56,3.25,7.7622
2018/3/7,3.53,3.25,7.6761
2018/3/8,3.55,3.25,7.6856
2018/3/9,3.67,3.25,7.6856
2018/3/12,3.71,3.25,7.7048
2018/3/13,3.75,3.25,7.6473
2018/3/14,3.74,3.25,7.6473
2018/3/15,3.71,3.25,7.6091
2018/3/16,3.68,3.25,7.5708
2018/3/19,3.88,3.25,7.6282
2018/3/20,3.8,3.25,7.7239
2018/3/21,3.84,3.25,7.6856
2018/3/22,3.9,3.25,7.7048
2018/3/23,3.74,3.25,7.4942
2018/3/26,3.94,3.25,7.4176
2018/3/27,3.94,3.25,7.4559
2018/3/28,3.94,3.25,7.2741
2018/3/29,3.94,3.25,7.3698
2018/3/30,3.94,3.25,7.3123
2018/4/2,3.94,3.25,7.3219
2018/4/3,3.94,3.25,7.1688
2018/4/4,3.94,3.25,7.1401
2018/4/9,3.94,3.25,7.1592
2018/4/10,3.94,3.25,7.2645
2018/4/11,3.94,3.25,7.3602
2018/4/12,3.94,3.25,7.3985
2018/4/13,3.94,3.25,7.2932
2018/4/16,3.94,3.25,7.2262
2018/4/17,3.94,3.25,7.1975
2018/4/18,3.94,3.25,7.3123
2018/4/19,3.94,3.25,7.4176
2018/4/20,3.94,3.25,7.3123
2018/4/23,3.94,3.25,7.2549
2018/4/24,3.94,3.25,7.3793
2018/4/25,3.94,3.25,7.3123
2018/4/26,3.94,3.25,7.2262
2018/4/27,3.94,3.25,7.3219
2018/5/2,3.94,3.25,7.2836
2018/5/3,3.94,3.25,7.3698
2018/5/4,3.94,3.25,7.3698
2018/5/7,3.94,3.25,7.5038
2018/5/8,3.94,3.25,7.5038
2018/5/9,3.94,3.25,7.5612
2018/5/10,3.94,3.09,7.6569
2018/5/11,3.94,2.94,7.6378
2018/5/14,3.94,2.94,7.6473
2018/5/15,3.94,2.86,7.6569
2018/5/16,3.94,2.78,7.5516
2018/5/17,3.94,2.82,7.5708
2018/5/18,3.94,3,8.1259
2018/5/21,3.94,3.09,8.1546
2018/5/22,3.94,3.08,8.1929
2018/5/23,3.94,3.14,7.8962
2018/5/24,3.94,3.09,7.8962
2018/5/25,3.94,3.03,7.7813
2018/5/28,3.94,2.85,7.7813
2018/5/29,3.94,2.83,7.7048
2018/5/30,3.94,2.65,7.4751
2018/5/31,3.94,2.67,7.6378
2018/6/1,3.94,2.65,7.6569
2018/6/4,3.94,2.57,7.6186
2018/6/5,3.94,2.59,7.6378
2018/6/6,3.94,2.61,7.6378
2018/6/7,3.94,2.59,7.5899
2018/6/8,3.94,2.59,7.5708
2018/6/11,3.94,2.54,7.4368
2018/6/12,3.94,2.51,7.4942
2018/6/13,3.94,2.52,7.4463
2018/6/14,3.94,2.44,7.4081
2018/6/15,3.94,2.23,7.4176
2018/6/19,3.94,2.01,7.0922
2018/6/20,3.94,1.84,7.1018
2018/6/21,3.94,1.96,7.0149
2018/6/22,3.94,1.95,7.0439
2018/6/25,3.94,1.9,7.0535
2018/6/26,3.94,1.94,7.0728
2018/6/27,3.94,2.13,7.2465
2018/6/28,3.94,2.17,7.4395
2018/6/29,3.94,2.19,7.4395
2018/7/2,3.94,2.1,7.2465
2018/7/3,3.94,2.2,7.2658
2018/7/4,3.94,2.13,7.2272
2018/7/5,3.94,2.07,7.1693
2018/7/6,3.94,2.08,7.1886
2018/7/9,3.94,2.12,7.343
2018/7/10,3.94,2.1,7.4878
2018/7/11,3.94,2.04,7.3237
2018/7/12,3.94,2.09,7.372
2018/7/13,3.94,2.07,7.3334
2018/7/16,3.94,2.07,7.2272
2018/7/17,3.94,2.05,7.0439
2018/7/18,3.94,2.03,7.0246
2018/7/19,3.94,2,6.986
2018/7/20,3.94,2.01,7.1018
2018/7/23,3.94,2.02,7.1983
2018/7/24,3.94,2.09,7.3044
2018/7/25,3.94,2.17,7.3141
2018/7/26,3.94,2.37,7.3141
2018/7/27,3.94,2.27,7.3141
2018/7/30,3.94,2.24,7.3237
2018/7/31,3.94,2.25,7.4588
2018/8/1,3.94,2.17,7.3141
2018/8/2,3.94,2.19,7.2851
2018/8/3,3.94,2.18,7.343
2018/8/6,3.94,2.16,7.3334
2018/8/7,3.94,2.29,7.6614
2018/8/8,3.94,2.43,7.7772
2018/8/9,3.94,2.48,7.7772
2018/8/10,3.94,2.41,7.7483
2018/8/13,3.94,2.42,7.7097
2018/8/14,3.94,2.36,7.8255
2018/8/15,3.94,2.28,7.7965
2018/8/16,3.94,2.24,7.6614
2018/8/17,3.94,2.28,7.7097
2018/8/20,3.94,2.28,7.893
2018/8/21,3.94,2.3,7.8834
2018/8/22,3.94,2.26,7.7193
2018/8/23,3.94,2.27,7.7772
2018/8/24,3.94,2.23,7.8448
2018/8/27,3.94,2.27,7.9702
2018/8/28,3.94,2.27,7.8834
2018/8/29,3.94,2.35,7.8834
2018/8/30,3.94,2.27,7.8641
2018/8/31,3.94,2.23,7.7579
2018/9/3,3.94,2.24,7.7869
2018/9/4,3.94,2.25,7.9509
2018/9/5,3.94,2.26,7.9123
2018/9/6,3.94,2.22,7.9606
2018/9/7,3.94,2.22,7.9123
2018/9/10,3.94,2.18,7.893
2018/9/11,3.94,2.2,7.9509
2018/9/12,3.94,2.27,7.9799
2018/9/13,3.94,2.3,8.2307
2018/9/14,3.94,2.24,8.3562
2018/9/17,3.94,2.25,8.3658
2018/9/18,3.94,2.28,8.3079
2018/9/19,3.94,2.35,8.6167
2018/9/20,3.94,2.36,8.6457
2018/9/21,3.94,2.39,8.5872
2018/9/25,3.94,2.43,8.6652
2018/9/26,3.94,2.43,8.8211
2018/9/27,3.94,2.39,8.8796
2018/9/28,3.94,2.42,8.9381
2018/10/8,3.94,2.48,8.6067
2018/10/9,3.94,2.65,8.9868
2018/10/10,3.94,2.6,9.094
2018/10/11,3.94,2.41,8.6067
2018/10/12,3.94,2.51,8.6846
2018/10/15,3.94,2.46,8.6067
2018/10/16,3.55,2.44,8.6944
2018/10/17,3.2,2.42,8.8601
2018/10/18,2.88,2.33,8.1583
2018/10/19,2.74,2.34,8.3045
2018/10/22,2.81,2.43,8.48
2018/10/23,2.75,2.39,8.3045
2018/10/24,2.71,2.35,8.0901
2018/10/25,2.67,2.35,8.0608
2018/10/26,2.7,2.35,8.0316
2018/10/29,2.68,2.32,8.0218
2018/10/30,2.65,2.31,8.0511
2018/10/31,2.72,2.34,8.0998
2018/11/1,2.72,2.33,7.9926
2018/11/2,2.85,2.37,8.0998
2018/11/5,2.96,2.46,8.0803
2018/11/6,2.91,2.5,8.1388
2018/11/7,2.85,2.45,7.9829
2018/11/8,2.86,2.4,8.0218
2018/11/9,2.82,2.34,7.8854
2018/11/12,2.91,2.41,7.9146
2018/11/13,3.06,2.48,7.8561
2018/11/14,3,2.48,7.6417
2018/11/15,3.15,2.48,7.6709
2018/11/16,3.1,2.44,7.6612
2018/11/19,3.04,2.43,7.7099
2018/11/20,3,2.36,7.632
2018/11/21,2.97,2.37,7.515
2018/11/22,3.07,2.39,7.5345
2018/11/23,2.85,2.3,7.4468
2018/11/26,2.71,2.23,7.4078
2018/11/27,2.69,2.28,7.3688
2018/11/28,2.81,2.3,7.4175
2018/11/29,2.7,2.24,7.3688
2018/11/30,2.73,2.27,7.4175
2018/12/3,2.85,2.33,7.5345
2018/12/4,2.88,2.37,7.5345
2018/12/5,2.86,2.32,7.476
2018/12/6,2.77,2.29,7.4078
2018/12/7,2.78,2.3,7.3785
2018/12/10,2.73,2.32,7.4273
2018/12/11,2.74,2.28,7.3883
2018/12/12,2.73,2.28,7.4468
2018/12/13,2.75,2.28,7.515
2018/12/14,2.7,2.25,7.4955
2018/12/17,2.63,2.24,7.5247
2018/12/18,2.61,2.21,7.437
2018/12/19,2.59,1.99,7.2811
2018/12/20,2.59,2,7.2421
2018/12/21,2.55,1.99,7.2128
2018/12/24,2.55,1.94,7.2323
2018/12/25,2.42,1.94,7.0861
2018/12/26,2.37,1.95,7.0666
2018/12/27,2.37,1.96,7.0374
2018/12/28,2.36,1.91,7.0276
2019/1/2,2.32,1.87,6.9789
2019/1/3,2.34,1.89,7.0276
2019/1/4,2.41,1.91,7.1056
2019/1/7,2.47,2.1,7.1349
2019/1/8,2.49,2.03,7.1446
2019/1/9,2.48,2.08,7.1446
2019/1/10,2.49,2.07,7.1641
2019/1/11,2.53,2.09,7.1933
2019/1/14,2.52,2.1,7.1251
2019/1/15,2.53,2.09,7.1544
2019/1/16,2.54,2.1,7.1544
2019/1/17,2.69,2.18,7.1251
2019/1/18,2.64,2.15,7.1641
2019/1/21,2.9,2.16,7.2031
2019/1/22,2.81,2.1,7.1349
2019/1/23,2.83,2.07,7.0764
2019/1/24,2.72,2.09,7.0959
2019/1/25,2.6,2.09,7.0959
2019/1/28,2.53,2.05,7.0861
2019/1/29,2.5,2.18,7.0861
2019/1/30,2.46,2.14,7.0666
2019/1/31,2.48,2.04,7.1349
2019/2/1,2.53,2.11,7.1641
2019/2/11,2.6,2.17,7.1738
2019/2/12,2.7,2.19,7.2226
2019/2/13,2.71,2.22,7.3395
2019/2/14,2.74,2.24,7.3201
2019/2/15,2.7,2.2,7.2616
2019/2/18,2.85,2.27,7.3785
2019/2/19,2.9,2.27,7.398
2019/2/20,2.87,2.3,7.3883
2019/2/21,2.84,2.25,7.3298
2019/2/22,2.88,2.28,7.3785
2019/2/25,3.03,2.39,7.6515
2019/2/26,3.09,2.43,7.6027
2019/2/27,3.18,2.45,7.632
2019/2/28,3.15,2.52,7.632
2019/3/1,3.12,2.52,7.6807
2019/3/4,3.15,2.52,7.7099
2019/3/5,3.22,2.55,7.6709
2019/3/6,3.34,2.71,7.7782
2019/3/7,3.45,2.87,7.7392
2019/3/8,3.13,2.73,7.4663
2019/3/11,3.24,2.83,7.515
2019/3/12,3.31,2.8,7.554
2019/3/13,3.32,2.65,7.4955
2019/3/14,3.25,2.52,7.476
2019/3/15,3.37,2.56,7.5052
2019/3/18,3.5,2.62,7.6125
2019/3/19,3.65,2.71,7.6027
2019/3/20,3.55,2.65,7.5735
2019/3/21,3.53,2.66,7.6222
2019/3/22,3.5,2.64,7.5735
2019/3/25,3.51,2.55,7.4078
2019/3/26,3.36,2.48,7.3493
2019/3/27,3.42,2.44,7.359
2019/3/28,3.3,2.5,7.3006
2019/3/29,3.41,2.56,7.4078
2019/4/1,3.51,2.65,7.4955
2019/4/2,3.5,2.69,7.4663
2019/4/3,3.58,2.72,7.5345
2019/4/4,3.59,2.72,7.5345
2019/4/8,3.59,2.73,7.5735
2019/4/9,3.7,2.72,7.5345
2019/4/10,3.58,2.7,7.4955
2019/4/11,3.51,2.66,7.4273
2019/4/12,3.46,2.64,7.4468
2019/4/15,3.58,2.63,7.4175
2019/4/16,3.94,2.66,7.5345
2019/4/17,4.33,2.79,7.4858
2019/4/18,4.76,2.87,7.476
2019/4/19,4.54,3.01,7.4663
2019/4/22,4.99,3.08,7.5345
2019/4/23,5.09,3.02,7.5052
2019/4/24,4.98,3.04,7.4565
2019/4/25,4.48,2.88,7.3201
2019/4/26,4.18,2.61,7.2323
2019/4/29,4.29,2.37,7.2128
2019/4/30,4.24,2.43,7.2226
2019/5/6,3.82,2.31,7.1544
2019/5/7,3.75,2.32,7.1056
2019/5/8,3.66,2.28,7.0569
2019/5/9,3.48,2.23,7.0276
2019/5/10,3.62,2.3,7.0959
2019/5/13,3.58,2.39,7.0569
2019/5/14,3.5,2.39,7.0374
2019/5/15,3.66,2.41,7.0861
2019/5/16,3.64,2.39,7.0959
2019/5/17,3.31,2.3,7.0179
2019/5/20,3.12,2.25,7.0471
2019/5/21,3.22,2.29,7.0471
2019/5/22,3.25,2.26,7.0081
2019/5/23,3.1,2.11,7.0179
2019/5/24,3.06,2.07,6.9789
2019/5/27,3.15,2.12,6.9984
2019/5/28,3.11,2.1,6.9984
2019/5/29,3.11,2.09,6.9692
2019/5/30,3.42,2.18,7.0081
2019/5/31,3.6,2.12,6.9692
2019/6/3,3.3,2.04,6.9497
2019/6/4,3.17,2.06,6.9204
2019/6/5,3.2,2.04,6.9204
2019/6/6,3.04,1.97,6.8522
2019/6/10,3.11,2.01,6.8717
2019/6/11,3.23,2.11,6.9302
2019/6/12,3.23,2.13,6.8814
2019/6/13,3.55,2.18,6.8814
2019/6/14,3.43,2.11,6.823
2019/6/17,3.32,2.14,6.8327
2019/6/18,3.36,2.11,6.7547
2019/6/19,3.36,2.15,6.7645
2019/6/20,3.7,2.22,6.8035
2019/6/21,3.88,2.26,6.8522
2019/6/24,3.99,2.22,6.8327
2019/6/25,4,2.17,6.784
2019/6/26,4.08,2.17,6.8132
2019/6/27,3.89,2.16,6.8132
2019/6/28,3.86,2.08,6.7935
2019/7/1,3.92,2.11,6.8428
2019/7/2,3.86,2.08,6.8231
2019/7/3,3.73,2.04,6.7935
2019/7/4,3.63,2.05,6.8132
2019/7/5,3.65,2.04,6.7737
2019/7/8,3.45,2,6.6651
2019/7/9,3.44,2.01,6.6256
2019/7/10,3.38,1.99,6.5762
2019/7/11,3.72,2,6.5861
2019/7/12,3.64,2,6.5861
2019/7/15,3.6,2,6.5565
2019/7/16,3.58,1.99,6.5367
2019/7/17,3.53,2.07,6.517
2019/7/18,3.56,2.03,6.4479
2019/7/19,3.6,2.03,6.4676
2019/7/22,3.42,2.03,6.3689
2019/7/23,3.49,2.05,6.3689
2019/7/24,3.6,2.06,6.3985
2019/7/25,3.49,2.04,6.3886
2019/7/26,3.45,2.03,6.4577
2019/7/29,3.38,2.03,6.4577
2019/7/30,3.42,2.03,6.4577
2019/7/31,3.4,2.06,6.4281
2019/8/1,3.23,2.06,6.3787
2019/8/2,3.14,2.11,6.2504
2019/8/5,3.12,2.08,6.1714
2019/8/6,3.08,2.04,6.0825
2019/8/7,3.14,2.02,6.122
2019/8/8,3.12,2,6.0924
2019/8/9,3.05,2,6.0924
2019/8/12,3.1,2.02,6.1121
2019/8/13,3.07,2,6.0628
2019/8/14,3.12,2.04,6.0628
2019/8/15,3.09,2.02,6.0233
2019/8/16,3.06,2.01,6.0233
2019/8/19,3.14,2.06,6.1023
2019/8/20,3.13,2.06,6.1121
2019/8/21,3.1,2.05,6.0924
2019/8/22,3.14,2.07,6.0726
2019/8/23,3.09,2.05,6.043
2019/8/26,3.07,2.01,5.9936
2019/8/27,3.14,2.04,6.0233
2019/8/28,3.19,2.1,6.0134
2019/8/29,3.14,2.06,6.0134
2019/8/30,3.08,2.04,6.043
2019/9/2,3.12,2.05,6.0825
2019/9/3,3.12,2.05,6.0726
2019/9/4,3.17,2.05,6.1121
2019/9/5,3.21,2.07,6.1516
2019/9/6,3.22,2.07,6.1813
2019/9/9,3.28,2.11,6.2504
2019/9/10,3.29,2.14,6.2701
2019/9/11,3.3,2.13,6.2405
2019/9/12,3.25,2.13,6.201
2019/9/16,3.47,2.23,6.4182
2019/9/17,3.51,2.2,6.3392
2019/9/18,3.32,2.11,6.2504
2019/9/19,3.26,2.12,6.2701
2019/9/20,3.24,2.12,6.2997
2019/9/23,3.16,2.11,6.28
2019/9/24,3.15,2.09,6.26
2019/9/25,3.1,2.07,6.15
2019/9/26,3.05,2.03,6.1
2019/9/27,3.07,2.03,6.11
2019/9/30,3.05,2.01,6.19
