ÈÕÆÚ,000889.SZ,002467.SZ,300578.SZ,600050.SH
2014/1/2,5.0247,3.8268,,3.0615
2014/1/3,4.9561,3.8911,,3.0046
2014/1/6,4.7896,3.7927,,2.9193
2014/1/7,4.8092,3.7946,,2.9288
2014/1/8,4.77,3.9233,,2.8909
2014/1/9,4.6819,3.8268,,2.8624
2014/1/10,4.6427,3.6338,,2.8435
2014/1/13,4.6329,3.6471,,2.8529
2014/1/14,4.7113,3.7625,,2.8814
2014/1/15,4.7015,3.8646,,2.8719
2014/1/16,4.7015,3.8268,,2.8529
2014/1/17,4.5741,3.8533,,2.834
2014/1/20,4.535,3.8779,,2.8245
2014/1/21,4.5741,4.0424,,2.8529
2014/1/22,4.7211,4.1389,,2.8909
2014/1/23,4.7211,4.2108,,2.8624
2014/1/24,4.7407,4.2638,,2.8719
2014/1/27,4.7211,4.2184,,2.834
2014/1/28,4.7211,4.1143,,2.8719
2014/1/29,4.7407,4.4019,,2.8814
2014/1/30,4.9072,4.3735,,2.8435
2014/2/7,4.8582,4.6024,,2.8719
2014/2/10,4.9366,4.644,,2.9003
2014/2/11,4.9463,4.6288,,2.9193
2014/2/12,4.9855,4.627,,2.9288
2014/2/13,4.9366,4.5967,,2.9098
2014/2/14,5.0345,4.7196,,2.9193
2014/2/17,5.0541,4.8388,,2.9856
2014/2/18,5.0639,4.6705,,2.9193
2014/2/19,5.0639,4.5721,,2.9572
2014/2/20,4.9757,4.8086,,2.9762
2014/2/21,4.9561,4.6724,,2.9762
2014/2/24,4.9072,4.7859,,2.9098
2014/2/25,4.6917,4.4908,,2.8529
2014/2/26,4.7113,4.4454,,2.8719
2014/2/27,4.6427,4.2619,,2.9193
2014/2/28,4.7015,4.3602,,2.9003
2014/3/3,4.7015,4.5172,,3.0899
2014/3/4,4.7015,4.4813,,3.1089
2014/3/5,4.7015,4.5929,,3.0615
2014/3/6,4.7015,4.5343,,3.0615
2014/3/7,4.7015,4.3792,,3.0804
2014/3/10,4.7015,4.0841,,3.0046
2014/3/11,4.7015,4.0519,,2.9856
2014/3/12,4.7015,4.0462,,2.9193
2014/3/13,4.7015,4.1124,,2.9193
2014/3/14,4.7015,4.0765,,2.9193
2014/3/17,4.7015,4.1805,,2.9288
2014/3/18,4.7015,4.207,,2.9003
2014/3/19,4.7015,4.2278,,2.9098
2014/3/20,4.7015,4.2354,,2.8624
2014/3/21,4.7015,4.1767,,2.9288
2014/3/24,4.7015,4.1824,,2.9572
2014/3/25,4.7015,4.1805,,2.9477
2014/3/26,4.7015,4.2127,,2.9288
2014/3/27,4.7015,4.0292,,2.9003
2014/3/28,4.7015,3.7644,,2.9288
2014/3/31,4.7015,3.7795,,2.9003
2014/4/1,4.7015,3.8533,,2.9003
2014/4/2,4.7015,3.8325,,2.9288
2014/4/3,4.7015,3.8211,,2.9098
2014/4/4,4.7015,3.8022,,2.9098
2014/4/8,4.7015,3.7833,,2.9572
2014/4/9,4.7015,3.876,,2.9667
2014/4/10,4.7015,3.9233,,3.0046
2014/4/11,4.7015,3.8703,,2.9951
2014/4/14,4.7015,3.8892,,2.9762
2014/4/15,4.7015,3.8154,,2.9382
2014/4/16,4.7015,3.8211,,2.9572
2014/4/17,4.7015,3.806,,2.9572
2014/4/18,4.7015,3.8495,,2.9762
2014/4/21,4.7015,3.7871,,2.9193
2014/4/22,4.7015,3.77,,2.9951
2014/4/23,4.7015,3.719,,2.9382
2014/4/24,4.7015,3.753,,2.9288
2014/4/25,4.7015,3.6887,,2.9003
2014/4/28,4.7015,3.9479,,2.8814
2014/4/29,4.7015,4.0122,,2.9098
2014/4/30,4.7015,3.9668,,3.0141
2014/5/5,4.7015,3.9876,,2.9572
2014/5/6,4.7015,4.0614,,2.9856
2014/5/7,4.7015,3.9252,,2.9951
2014/5/8,4.7015,3.8968,,3.052
2014/5/9,4.7015,3.7852,,3.0615
2014/5/12,4.7015,3.8741,,3.0804
2014/5/13,4.7015,3.9308,,3.1847
2014/5/14,4.7015,4.0954,,3.1468
2014/5/15,4.7015,3.9857,,3.0709
2014/5/16,4.7015,4.0538,,3.0709
2014/5/19,4.7015,4.1257,,3.0425
2014/5/20,4.7015,4.1219,,3.0235
2014/5/21,4.7015,4.1086,,3.033
2014/5/22,4.7015,4.1143,,3.0425
2014/5/23,4.7015,4.2675,,3.052
2014/5/26,4.7015,4.3489,,3.033
2014/5/27,4.7015,4.3583,,3.0427
2014/5/28,4.7015,4.5456,,3.0812
2014/5/29,4.7015,4.4075,,3.0619
2014/5/30,4.7015,4.4345,,3.1004
2014/6/3,4.7015,4.2997,,3.0427
2014/6/4,4.7015,4.2112,,3.033
2014/6/5,4.7015,4.3074,,3.0619
2014/6/6,4.7015,4.2074,,3.0427
2014/6/9,4.7015,4.1535,,3.033
2014/6/10,4.7015,4.2728,,3.0523
2014/6/11,4.7015,4.4422,,3.0427
2014/6/12,4.7015,4.3767,,3.0234
2014/6/13,4.7015,4.4422,,3.033
2014/6/16,4.7015,4.473,,3.0812
2014/6/17,4.7015,4.369,,3.0427
2014/6/18,4.7015,4.3498,,3.033
2014/6/19,4.7015,4.1111,,3.0427
2014/6/20,4.7015,4.165,,3.0619
2014/6/23,4.7015,4.2651,,3.0427
2014/6/24,4.7015,4.292,,3.1004
2014/6/25,4.7015,4.1958,,3.1197
2014/6/26,4.7015,4.3459,,3.1582
2014/6/27,4.7015,4.319,,3.1775
2014/6/30,4.7015,4.4383,,3.1101
2014/7/1,4.7015,4.4037,,3.1486
2014/7/2,4.7015,4.369,,3.1678
2014/7/3,4.7015,4.6462,,3.2063
2014/7/4,4.7015,4.5961,,3.1871
2014/7/7,4.7015,4.7116,,3.1775
2014/7/8,4.7015,4.6962,,3.1871
2014/7/9,4.7015,4.5115,,3.1389
2014/7/10,4.7015,4.4807,,3.2352
2014/7/11,4.7015,4.5538,,3.2737
2014/7/14,4.7015,4.5846,,3.3026
2014/7/15,4.7015,4.4922,,3.2352
2014/7/16,4.7015,4.3844,,3.2449
2014/7/17,4.7015,4.3883,,3.216
2014/7/18,4.7015,4.3652,,3.2352
2014/7/21,4.7015,4.2843,,3.2256
2014/7/22,4.7015,4.3459,,3.216
2014/7/23,4.7015,4.2574,,3.1967
2014/7/24,4.7015,4.2112,,3.2545
2014/7/25,5.1756,4.2612,,3.3604
2014/7/28,5.6892,4.3613,,3.3893
2014/7/29,6.2621,4.3998,,3.3797
2014/7/30,6.8843,4.396,,3.4085
2014/7/31,7.5757,4.4614,,3.3989
2014/8/1,7.4177,4.3613,,3.3411
2014/8/4,7.8523,4.4037,,3.4663
2014/8/5,7.7239,4.473,,3.4663
2014/8/6,7.6251,4.4383,,3.4374
2014/8/7,7.7239,4.4383,,3.3604
2014/8/8,7.9016,4.5115,,3.37
2014/8/11,8.1584,4.5192,,3.4085
2014/8/12,8.0696,4.6308,,3.3604
2014/8/13,7.9708,4.7001,,3.37
2014/8/14,7.5559,4.7309,,3.3604
2014/8/15,7.635,5.0196,,3.4471
2014/8/18,8.3955,5.1928,,3.4374
2014/8/19,8.8893,5.0812,,3.4374
2014/8/20,8.435,4.9734,,3.3893
2014/8/21,8.1288,4.9811,,3.3508
2014/8/22,8.2671,5.0812,,3.3604
2014/8/25,7.9807,4.931,,3.3026
2014/8/26,7.793,4.7501,,3.2545
2014/8/27,7.8819,4.8233,,3.2737
2014/8/28,7.793,4.7424,,3.2545
2014/8/29,7.8523,4.8618,,3.3315
2014/9/1,7.9609,4.9541,,3.3219
2014/9/2,8.1782,5.035,,3.3604
2014/9/3,8.2375,5.0889,,3.4182
2014/9/4,8.2671,5.0927,,3.4471
2014/9/5,8.1189,5.0581,,3.4567
2014/9/9,8.5832,5.1389,,3.4374
2014/9/10,8.4745,5.1735,,3.3893
2014/9/11,8.2868,5.1466,,3.3989
2014/9/12,8.7214,5.162,,3.4278
2014/9/15,8.7214,5.366,,3.4182
2014/9/16,8.0893,5.035,,3.4374
2014/9/17,8.3264,5.1274,,3.4374
2014/9/18,8.3362,5.1351,,3.4085
2014/9/19,8.3757,5.1428,,3.4663
2014/9/22,8.1288,5.0311,,3.3604
2014/9/23,8.4251,5.0889,,3.4085
2014/9/24,8.6128,5.1889,,3.4374
2014/9/25,8.6424,5.1081,,3.4278
2014/9/26,8.9387,5.1582,,3.4567
2014/9/29,8.8893,5.2159,,3.4663
2014/9/30,9.1659,5.3468,,3.4471
2014/10/8,9.2054,5.5431,,3.4663
2014/10/9,8.998,5.4507,,3.4952
2014/10/10,8.7906,5.3275,,3.4567
2014/10/13,8.7116,5.52,,3.4182
2014/10/14,8.6622,5.3814,,3.4182
2014/10/15,8.8893,5.3506,,3.4374
2014/10/16,8.7017,5.2505,,3.4663
2014/10/17,8.5239,5.0773,,3.4182
2014/10/20,8.7609,5.1428,,3.4085
2014/10/21,8.7412,5.0927,,3.3508
2014/10/22,8.5535,5.0042,,3.3411
2014/10/23,8.3461,4.8848,,3.2834
2014/10/24,8.4054,4.9156,,3.293
2014/10/27,8.6918,5.035,,3.2641
2014/10/28,8.7906,5.1274,,3.3315
2014/10/29,8.7906,5.1043,,3.37
2014/10/30,8.7906,5.1428,,3.4374
2014/10/31,8.7906,5.0735,,3.4952
2014/11/3,8.7906,5.0889,,3.5241
2014/11/4,8.7906,5.0581,,3.5819
2014/11/5,9.4227,4.9849,,3.5145
2014/11/6,9.2054,5.0311,,3.4856
2014/11/7,9.235,5.0042,,3.4663
2014/11/10,9.0869,5.0119,,3.5819
2014/11/11,8.5437,4.7848,,3.6878
2014/11/12,9.2647,4.8233,,3.6396
2014/11/13,9.4918,5.3044,,3.63
2014/11/14,9.3042,5.493,,3.6107
2014/11/17,9.7388,5.7817,,3.5241
2014/11/18,10.0548,5.724,,3.4759
2014/11/19,9.8968,5.8048,,3.4759
2014/11/20,9.8573,5.6624,,3.4471
2014/11/21,9.9561,5.6701,,3.4952
2014/11/24,10.0647,6.1474,,3.5626
2014/11/25,10.7166,6.2283,,3.6107
2014/11/26,11.7932,6.1744,,3.6396
2014/11/27,11.7438,6.3784,,3.63
2014/11/28,12.5241,6.1513,,3.7841
2014/12/1,12.6031,5.9511,,3.7937
2014/12/2,12.7315,5.9858,,3.9766
2014/12/3,12.1389,5.9319,,3.967
2014/12/4,12.7414,6.2167,,4.304
2014/12/5,12.2969,5.9858,,4.2944
2014/12/8,11.25,5.9627,,4.6988
2014/12/9,11.0919,5.393,,4.2848
2014/12/10,11.3389,5.6586,,4.3618
2014/12/11,11.5166,5.6355,,4.2751
2014/12/12,11.4969,5.8048,,4.304
2014/12/15,12.1685,5.9511,,4.227
2014/12/16,12.0006,5.851,,4.3714
2014/12/17,11.7734,5.6316,,4.3714
2014/12/18,11.2401,5.6278,,4.487
2014/12/19,11.0919,5.4776,,4.7662
2014/12/22,10.0252,5.1659,,4.718
2014/12/23,9.9264,5.1158,,4.4581
2014/12/24,10.1339,5.1851,,4.3233
2014/12/25,10.2721,5.2236,,4.4484
2014/12/26,10.3808,5.1505,,4.5832
2014/12/29,9.8079,5.0311,,4.6506
2014/12/30,9.2746,5.0735,,4.6603
2014/12/31,9.5807,4.9926,,4.7662
2015/1/5,9.5807,5.1697,,5.0647
2015/1/6,9.6598,5.3506,,4.978
2015/1/7,9.6598,5.2544,,5.161
2015/1/8,9.6598,5.2351,,4.8528
2015/1/9,9.6598,5.1582,,4.7951
2015/1/12,9.6598,5.0388,,4.6699
2015/1/13,9.6598,5.3737,,4.6699
2015/1/14,9.6598,5.239,,4.5929
2015/1/15,9.6598,5.2813,,4.7854
2015/1/16,9.6598,5.5469,,4.8432
2015/1/19,9.6598,5.6393,,4.3714
2015/1/20,9.6598,5.8395,,4.4484
2015/1/21,9.6598,5.801,,4.6218
2015/1/22,9.6598,5.7894,,4.6314
2015/1/23,9.6598,5.6278,,4.6121
2015/1/26,9.6598,5.6971,,4.641
2015/1/27,9.6598,6.0012,,4.5447
2015/1/28,9.6598,5.8549,,4.4581
2015/1/29,9.6598,5.6932,,4.381
2015/1/30,9.6598,5.6586,,4.3522
2015/2/2,9.6598,5.8472,,4.2751
2015/2/3,9.6598,5.9357,,4.3618
2015/2/4,9.6598,5.9588,,4.3618
2015/2/5,9.6598,6.159,,4.3714
2015/2/6,9.6598,5.8741,,4.1885
2015/2/9,9.6598,5.7548,,4.2174
2015/2/10,9.6598,6.3322,,4.2462
2015/2/11,9.6598,6.9674,,4.3714
2015/2/12,9.6598,7.1059,,4.7373
2015/2/13,9.6598,7.0482,,4.6699
2015/2/16,9.6598,7.4485,,5.1417
2015/2/17,9.6598,7.1021,,5.3343
2015/2/25,9.6598,6.9404,,5.0936
2015/2/26,9.6598,7.0289,,5.1513
2015/2/27,9.6598,7.2561,,5.4402
2015/3/2,9.6598,7.2561,,5.3824
2015/3/3,9.6598,7.2561,,5.161
2015/3/4,9.6598,7.2561,,5.1995
2015/3/5,9.6598,7.2561,,5.0936
2015/3/6,9.6598,7.2561,,5.0165
2015/3/9,9.6598,7.2561,,5.0743
2015/3/10,9.6598,7.2561,,4.9876
2015/3/11,9.6598,7.2561,,4.9684
2015/3/12,9.6598,7.2561,,5.0647
2015/3/13,9.6598,7.2561,,5.0454
2015/3/16,9.6598,7.9836,,5.1417
2015/3/17,9.6598,8.7804,,5.238
2015/3/18,9.6598,8.9344,,5.3246
2015/3/19,9.6598,8.919,,5.4306
2015/3/20,9.6598,9.327,,5.3535
2015/3/23,9.6598,9.8082,,5.4017
2015/3/24,9.6598,10.0276,,5.2861
2015/3/25,9.6598,9.8197,,5.1513
2015/3/26,9.6598,9.1115,,5.2476
2015/3/27,9.6598,9.3617,,5.1898
2015/3/30,9.6598,9.1769,,5.4017
2015/3/31,9.6598,9.7966,,5.2669
2015/4/1,9.6598,9.889,,5.7965
2015/4/2,9.6598,9.9314,,5.7387
2015/4/3,9.6598,9.889,,5.7291
2015/4/7,9.6598,10.5049,,5.9024
2015/4/8,9.6598,10.3779,,5.9505
2015/4/9,9.6598,10.5588,,5.7965
2015/4/10,9.6598,10.6666,,5.8831
2015/4/13,9.6598,10.4818,,6.0468
2015/4/14,9.6598,10.2201,,5.9409
2015/4/15,9.6598,9.6042,,5.9216
2015/4/16,9.6598,9.8852,,6.3838
2015/4/17,9.6598,9.7889,,6.8075
2015/4/20,9.6598,9.3193,,7.4911
2015/4/21,9.6598,9.7158,,7.7029
2015/4/22,9.6598,9.8852,,7.6933
2015/4/23,9.6598,10.2586,,8.4636
2015/4/24,9.6598,10.0468,,8.7428
2015/4/27,10.6277,10.0507,,9.619
2015/4/28,11.6944,9.5002,,10.1486
2015/4/29,12.8599,9.5695,,9.5901
2015/4/30,14.1439,9.6812,,9.1665
2015/5/4,15.5564,9.6619,,9.5709
2015/5/5,17.1169,9.5079,,8.6176
2015/5/6,15.665,9.3335,,8.6658
2015/5/7,15.3884,8.7112,,8.2325
2015/5/8,15.4773,9.5138,,8.3769
2015/5/11,17.028,10.4675,,8.608
2015/5/12,17.028,10.9036,,8.8776
2015/5/13,17.6799,11.9969,,8.4732
2015/5/14,17.7096,12.5202,,8.531
2015/5/15,16.8206,11.898,,8.2036
2015/5/18,16.6428,12.119,,7.9244
2015/5/19,17.0182,12.0666,,8.1844
2015/5/20,17.7787,12.4505,,8.1458
2015/5/21,19.5566,12.6365,,8.3384
2015/5/22,21.5122,12.433,,8.685
2015/5/25,22.7172,12.4563,,8.9065
2015/5/26,23.2111,13.7007,,8.8006
2015/5/27,22.4505,13.3983,,8.5599
2015/5/28,20.3566,12.6772,,8.6465
2015/5/29,20.2085,13.2181,,8.2614
2015/6/1,22.0258,13.9566,,8.5214
2015/6/2,22.7172,14.1311,,8.8102
2015/6/3,22.7172,15.5442,,8.7236
2015/6/4,22.7172,17.0968,,8.6273
2015/6/5,22.7172,17.2887,,8.868
2015/6/8,22.7172,16.1664,,9.7538
2015/6/9,22.7172,16.1315,,9.9079
2015/6/10,22.7172,16.6258,,9.5613
2015/6/11,22.7172,16.1548,,9.3591
2015/6/12,22.7172,16.0617,,9.3879
2015/6/15,22.7172,14.887,,8.9258
2015/6/16,22.7172,14.5207,,8.2229
2015/6/17,22.7172,15.0266,,8.531
2015/6/18,22.7172,14.4218,,8.1362
2015/6/19,22.7172,13.1425,,7.3756
2015/6/23,22.7172,13.2471,,7.4911
2015/6/24,22.7172,13.4274,,7.9051
2015/6/25,22.7172,13.1367,,7.5104
2015/6/26,22.7172,11.8631,,6.7593
2015/6/29,22.7172,10.7582,,6.4127
2015/6/30,22.7172,11.3107,,7.0578
2015/7/1,22.7172,10.1825,,6.9423
2015/7/2,22.7172,9.1648,,6.8556
2015/7/3,22.7172,8.246,,6.5833
2015/7/6,22.7172,7.4203,,7.0209
2015/7/7,22.7172,6.6759,,7.0112
2015/7/8,22.7172,6.0072,,6.3694
2015/7/9,22.7172,6.6061,,7.0112
2015/7/10,22.7172,7.2691,,7.6335
2015/7/13,22.7172,7.996,,7.5946
2015/7/14,22.7172,8.7985,,7.089
2015/7/15,22.7172,7.9204,,6.7292
2015/7/16,22.7172,8.2344,,6.7292
2015/7/17,22.7172,9.0253,,7.0112
2015/7/20,22.7172,9.3626,,6.914
2015/7/21,22.7172,9.4033,,6.9431
2015/7/22,22.7172,9.4033,,6.807
2015/7/23,22.7172,9.8103,,7.2057
2015/7/24,22.7172,9.3916,,6.9626
2015/7/27,22.7172,8.4554,,6.2624
2015/7/28,22.7172,7.618,,5.9124
2015/7/29,22.7172,8.246,,6.243
2015/7/30,22.7172,8.025,,5.9999
2015/7/31,22.7172,8.025,,6.0193
2015/8/3,22.7172,8.025,,6.0971
2015/8/4,20.4455,8.025,,6.2624
2015/8/5,18.401,8.025,,6.0874
2015/8/6,16.5638,8.025,,5.9804
2015/8/7,17.1268,8.025,,6.1068
2015/8/10,16.7021,8.025,,6.7195
2015/8/11,16.1589,8.025,,6.8362
2015/8/12,15.3094,8.025,,6.982
2015/8/13,15.7243,8.025,,6.9917
2015/8/14,15.7243,8.025,,7.2154
2015/8/17,16.149,8.025,,7.2251
2015/8/18,14.7958,8.025,,6.5153
2015/8/19,14.8057,8.025,,7.1668
2015/8/20,13.8562,8.8276,,7.4682
2015/8/21,12.7386,7.9436,,7.1473
2015/8/24,11.4628,7.1469,,6.4375
2015/8/25,10.3155,6.4317,,5.7957
2015/8/26,9.2869,5.7862,,5.4261
2015/8/27,9.1979,6.1409,,5.7762
2015/8/28,10.1177,6.6236,,6.2624
2015/8/31,10.7804,6.0013,,6.3694
2015/9/1,9.7023,5.8153,,6.3208
2015/9/2,8.7331,5.6292,,6.1749
2015/9/7,9.0001,5.8676,,5.9999
2015/9/8,9.7913,6.4259,,6.0193
2015/9/9,10.0584,6.6643,,6.1944
2015/9/10,10.0584,6.7166,,6.0874
2015/9/11,10.0782,6.8853,,6.0388
2015/9/14,9.0694,6.1991,,6.1068
2015/9/15,9.6826,5.8269,,5.8637
2015/9/16,10.4738,6.4084,,6.1555
2015/9/17,9.7913,6.3968,,6.0096
2015/9/18,9.6727,6.5712,,6.0193
2015/9/21,10.0386,7.0016,,6.0777
2015/9/22,10.1771,6.8387,,6.1263
2015/9/23,9.8408,6.7166,,5.9124
2015/9/24,10.0485,6.7806,,5.9318
2015/9/25,9.6529,6.4607,,6.1263
2015/9/28,9.9397,6.6585,,5.9707
2015/9/29,9.6628,6.3154,,5.8443
2015/9/30,9.6529,6.3212,,5.8443
2015/10/8,10.0683,6.955,,5.9707
2015/10/9,10.3848,7.1237,,5.9707
2015/10/12,11.4232,7.4203,,6.2138
2015/10/13,11.6705,7.6005,,6.1652
2015/10/14,11.5617,7.3563,,6.1555
2015/10/15,12.7189,7.9553,,6.4958
2015/10/16,13.8464,8.0599,,6.6417
2015/10/19,14.4101,8.4903,,6.4764
2015/10/20,14.4595,8.6589,,6.6417
2015/10/21,13.1244,7.7924,,6.7584
2015/10/22,14.42,8.0716,,6.8945
2015/10/23,15.32,8.2867,,6.7681
2015/10/26,15.231,8.4205,,6.6417
2015/10/27,15.0233,8.3972,,6.5833
2015/10/28,14.5288,8.0774,,6.4083
2015/10/29,14.8947,8.1937,,6.4569
2015/10/30,14.3409,8.2984,,6.4277
2015/11/2,13.7079,7.9669,,6.1749
2015/11/3,13.787,8.0948,,6.1555
2015/11/4,15.053,8.9032,,6.4277
2015/11/5,14.4694,8.8392,,6.8751
2015/11/6,14.6969,9.1299,,6.8362
2015/11/9,14.8749,9.4323,,6.8653
2015/11/10,15.4486,9.3218,,6.7681
2015/11/11,16.1607,9.8045,,6.8362
2015/11/12,15.7057,9.5893,,6.6514
2015/11/13,14.9541,9.0136,,6.5055
2015/11/16,15.1024,9.3626,,6.525
2015/11/17,14.5881,9.1183,,6.5055
2015/11/18,14.1628,9.1183,,6.4666
2015/11/19,14.5189,9.2811,,6.6417
2015/11/20,14.9046,9.3044,,6.6319
2015/11/23,16.398,9.3277,,6.4958
2015/11/24,16.2002,9.4963,,6.4666
2015/11/25,16.4079,10.4442,,6.4764
2015/11/26,15.7057,10.0313,,6.4375
2015/11/27,14.7464,9.0311,,6.0582
2015/11/30,14.3804,9.1707,,6.0485
2015/12/1,14.3409,9.0078,,6.0388
2015/12/2,14.0837,8.6531,,6.2235
2015/12/3,14.7365,8.9032,,6.2333
2015/12/4,14.687,9.002,,6.0679
2015/12/7,14.687,9.1067,,6.0874
2015/12/8,14.3112,8.7229,,5.9415
2015/12/9,13.9057,9.5952,,5.9512
2015/12/10,13.9057,9.7405,,5.8929
2015/12/11,14.0343,10.0022,,5.8735
2015/12/14,14.1925,9.9557,,6.0485
2015/12/15,14.9145,10.5547,,5.9804
2015/12/16,15.0035,10.9617,,6.0679
2015/12/17,15.231,11.0781,,6.136
2015/12/18,14.8947,10.7582,,6.1068
2015/12/21,15.1123,10.6012,,6.2041
2015/12/22,15.2607,10.9617,,6.1846
2015/12/23,14.8947,10.5489,,6.1068
2015/12/24,14.8156,11.0083,,6.0582
2015/12/25,15.587,12.1074,,6.0777
2015/12/28,14.9343,12.2702,,6.1068
2015/12/29,15.3299,13.2995,,6.0388
2015/12/30,15.676,13.1541,,6.1457
2015/12/31,15.7057,12.2062,,6.0096
2016/1/4,14.1431,10.985,,5.6401
2016/1/5,14.1431,11.1129,,5.5623
2016/1/6,14.3112,11.3397,,5.6012
2016/1/7,12.9364,10.2058,,5.1539
2016/1/8,12.165,9.7231,,5.3094
2016/1/11,10.9485,8.752,,4.8913
2016/1/12,10.632,8.4496,,4.8913
2016/1/13,9.6529,7.9087,,4.8524
2016/1/14,9.9793,8.2751,,4.8719
2016/1/15,9.8012,8.025,,4.5899
2016/1/18,10.3254,8.4147,,4.5899
2016/1/19,10.632,8.7985,,4.7357
2016/1/20,10.2562,8.5368,,4.6287
2016/1/21,9.8408,8.0309,,4.4829
2016/1/22,9.8606,8.374,,4.5315
2016/1/25,9.9793,8.3216,,4.4926
2016/1/26,9.3463,7.8855,,4.0453
2016/1/27,9.0793,7.4493,,3.9675
2016/1/28,8.1693,7.2807,,3.773
2016/1/29,8.1693,7.6529,,3.9383
2016/2/1,8.1693,7.4144,,3.8508
2016/2/2,8.1693,7.7575,,3.9481
2016/2/3,8.1693,7.7575,,3.9578
2016/2/4,8.1693,7.9204,,4.0064
2016/2/5,8.1693,7.7227,,3.9286
2016/2/15,8.1693,7.6529,,3.8994
2016/2/16,8.1693,8.1065,,4.055
2016/2/17,8.1693,8.2111,,4.1231
2016/2/18,8.1693,8.0832,,4.1523
2016/2/19,8.9902,8.217,,4.1425
2016/2/22,9.8903,8.3274,,4.3176
2016/2/23,10.8793,8.2693,,4.2203
2016/2/24,10.7507,8.2053,,4.3273
2016/2/25,9.6727,7.3854,,3.9578
2016/2/26,9.3463,7.0539,,3.9967
2016/2/29,8.4562,6.3503,,3.9092
2016/3/1,8.654,6.3968,,3.9675
2016/3/2,9.1386,6.8038,,4.1328
2016/3/3,9.1287,7.0365,,4.1425
2016/3/4,9.0298,6.4607,,4.2495
2016/3/7,9.188,6.6003,,4.2398
2016/3/8,9.3364,6.6352,,4.2301
2016/3/9,8.9705,6.4549,,4.2009
2016/3/10,8.7825,6.3677,,4.1036
2016/3/11,8.9606,6.5422,,4.1231
2016/3/14,9.4353,6.8446,,4.1814
2016/3/15,9.2573,6.6585,,4.1814
2016/3/16,9.0694,6.5363,,4.2398
2016/3/17,9.4155,6.862,,4.2884
2016/3/18,9.8507,7.2342,,4.269
2016/3/21,10.1276,7.4959,,4.3954
2016/3/22,10.2364,7.4959,,4.3565
2016/3/23,10.2265,7.7808,,4.3856
2016/3/24,9.7913,7.4784,,4.2787
2016/3/25,9.8903,7.5017,,4.2301
2016/3/28,9.7617,7.4261,,4.1912
2016/3/29,9.5441,7.1062,,4.1134
2016/3/30,9.9298,7.4842,,4.2301
2016/3/31,9.9694,7.5366,,4.269
2016/4/1,9.8804,7.554,,4.4148
2016/4/5,10.1474,7.8855,,4.4148
2016/4/6,10.3848,7.9087,,4.3662
2016/4/7,9.9595,7.6761,,4.2884
2016/4/8,9.821,7.5424,,4.2203
2016/4/11,10.0881,7.7517,,4.2884
2016/4/12,10.6518,8.5252,,4.2592
2016/4/13,10.6419,8.6764,,4.3176
2016/4/14,10.8397,8.9148,,4.3467
2016/4/15,11.9276,9.316,,4.2981
2016/4/18,12.3331,8.7868,,4.2301
2016/4/19,12.5507,8.8741,,4.2106
2016/4/20,11.4133,8.1937,,4.0745
2016/4/21,11.0969,8.2344,,4.0356
2016/4/22,11.087,8.4147,,4.0161
2016/4/25,10.9584,8.1704,,3.9675
2016/4/26,11.6606,8.3565,,3.9772
2016/4/27,11.4035,8.31,,3.9772
2016/4/28,11.176,8.2228,,3.9578
2016/4/29,11.2254,8.1006,,3.9286
2016/5/3,11.5518,8.6531,,4.0064
2016/5/4,11.3342,8.5484,,4.0064
2016/5/5,11.3144,8.7578,,4.0064
2016/5/6,10.2859,8.3449,,3.9092
2016/5/9,9.643,7.8099,,3.8119
2016/5/10,9.7122,7.8273,,3.8216
2016/5/11,9.376,7.4552,,3.8314
2016/5/12,9.4056,7.2981,,3.8216
2016/5/13,9.3858,7.2342,,3.8022
2016/5/16,9.7815,7.4203,,3.8314
2016/5/17,9.7518,7.4377,,3.8119
2016/5/18,9.3858,7.0713,,3.773
2016/5/19,9.4353,7.2574,,3.7633
2016/5/20,9.7023,7.4319,,3.7633
2016/5/23,9.7617,7.5017,,3.7925
2016/5/24,9.5935,7.4726,,3.7633
2016/5/25,9.4946,8.0774,,3.7633
2016/5/26,9.4749,7.9553,,3.773
2016/5/27,9.4946,7.9029,,3.7633
2016/5/30,9.4848,7.7924,,3.7827
2016/5/31,10.0782,8.2649,,3.8897
2016/6/1,9.9496,8.2824,,3.8605
2016/6/2,10.7013,8.504,,3.8508
2016/6/3,10.5331,8.3174,,3.8605
2016/6/6,10.4342,8.2824,,3.8508
2016/6/7,10.4441,8.5215,,3.8314
2016/6/8,10.187,8.364,,3.8119
2016/6/13,9.9199,7.7399,,3.7341
2016/6/14,9.8507,7.7574,,3.7536
2016/6/15,10.0979,8.0841,,3.773
2016/6/16,10.1276,8.1657,,3.7341
2016/6/17,10.4144,8.1132,,3.7341
2016/6/20,10.3254,8.4982,,3.7341
2016/6/21,10.0683,8.6673,,3.7147
2016/6/22,10.3254,8.7023,,3.7244
2016/6/23,10.4243,8.574,,3.7341
2016/6/24,10.2661,8.4399,,3.7147
2016/6/27,10.4837,8.7957,,3.7438
2016/6/28,10.6716,8.8015,,3.7438
2016/6/29,10.6122,8.6615,,3.7536
2016/6/30,10.7309,8.9881,,3.7634
2016/7/1,11.7101,8.8423,,3.7733
2016/7/4,11.4925,8.9531,,3.8227
2016/7/5,11.2254,8.924,,3.8622
2016/7/6,11.443,8.9531,,3.8622
2016/7/7,11.1859,8.8073,,3.8919
2016/7/8,11.2749,8.749,,3.8622
2016/7/11,11.087,8.6907,,3.8523
2016/7/12,11.3243,8.7665,,4.0005
2016/7/13,11.4925,8.9648,,4.287
2016/7/14,11.6804,8.9823,,4.2079
2016/7/15,12.0265,8.8481,,4.1981
2016/7/18,11.7199,8.959,,4.2376
2016/7/19,11.7991,9.2156,,4.1882
2016/7/20,11.6408,8.9998,,4.1586
2016/7/21,11.7595,8.9473,,4.1586
2016/7/22,11.6112,8.9881,,4.1487
2016/7/25,11.621,9.2156,,4.1092
2016/7/26,11.6903,9.2098,,4.2376
2016/7/27,10.9089,8.6323,,4.2771
2016/7/28,10.8991,8.4049,,4.3462
2016/7/29,10.8892,8.2416,,4.2079
2016/8/1,10.7804,8.0316,,4.1388
2016/8/2,11.0078,8.1366,,4.1882
2016/8/3,10.998,8.0666,,4.2079
2016/8/4,11.1364,8.1949,,4.2277
2016/8/5,10.9386,8.0899,,4.1882
2016/8/8,11.1463,8.2007,,4.1981
2016/8/9,11.176,8.294,,4.1981
2016/8/10,11.0573,8.2124,,4.2178
2016/8/11,10.8793,8.0607,,4.1684
2016/8/12,11.1958,8.1191,,4.2376
2016/8/15,11.3738,8.3174,,4.366
2016/8/16,11.6408,8.3115,,4.4253
2016/8/17,11.6705,8.3524,,4.3857
2016/8/18,11.9578,8.3174,,4.5142
2016/8/19,12.1956,8.364,,4.5043
2016/8/22,12.2649,8.0782,,4.4055
2016/8/23,12.0965,8.0841,,4.366
2016/8/24,11.9281,8.1132,,4.3265
2016/8/25,12.2451,7.9616,,4.2771
2016/8/26,12.2154,7.9558,,4.287
2016/8/29,12.1956,7.9907,,4.2079
2016/8/30,12.1559,8.0432,,4.2277
2016/8/31,11.9182,7.9791,,4.2277
2016/9/1,11.8785,7.9499,,4.1783
2016/9/2,13.0674,7.7808,,4.1783
2016/9/5,13.7906,7.7808,,4.1882
2016/9/6,13.9194,8.0082,,4.2277
2016/9/7,13.7906,7.9441,,4.2178
2016/9/8,13.9194,7.9266,,4.2178
2016/9/9,14.1274,7.8974,,4.1882
2016/9/12,14.1968,7.5825,,4.1092
2016/9/13,13.9293,7.5766,,4.0795
2016/9/14,13.4934,7.5416,,4.04
2016/9/19,14.8407,7.6874,,4.0598
2016/9/20,14.8209,7.6116,,4.0301
2016/9/21,14.8705,7.635,,4.04
2016/9/22,15.0389,7.6525,,4.0598
2016/9/23,15.2271,7.6175,,4.1388
2016/9/26,14.712,7.4133,,4.0598
2016/9/27,14.7615,7.5125,,4.0795
2016/9/28,15.2767,7.5125,,4.1289
2016/9/29,15.1578,7.5125,,4.119
2016/9/30,15.4649,7.5358,,4.0993
2016/10/10,15.4253,7.8741,,4.3067
2016/10/11,15.2965,7.8508,,4.7413
2016/10/12,15.0092,7.8624,,4.6722
2016/10/13,15.2271,7.8158,,4.6623
2016/10/14,15.0191,7.8041,,5.1068
2016/10/17,15.3064,7.9733,,4.9982
2016/10/18,16.842,7.9674,,5.0476
2016/10/19,16.515,7.8683,,5.2352
2016/10/20,16.3466,7.8683,,5.2352
2016/10/21,16.5448,7.7983,,5.2945
2016/10/24,16.4655,7.8274,,5.2649
2016/10/25,16.515,7.5766,,5.2056
2016/10/26,16.8816,7.53,,5.2747
2016/10/27,16.5448,7.5241,,5.1167
2016/10/28,16.4952,7.4541,,5.0673
2016/10/31,16.6042,7.4191,,5.0673
2016/11/1,16.5448,7.4716,,5.1266
2016/11/2,15.0785,7.3725,,5.0278
2016/11/3,15.0686,7.4016,,5.2056
2016/11/4,15.0587,7.4133,,5.334
2016/11/7,14.8903,7.3783,,5.3241
2016/11/8,15.5441,7.4308,,5.2451
2016/11/9,15.6432,7.3025,,5.1167
2016/11/10,15.564,7.4133,,5.1562
2016/11/11,15.6531,7.4016,,5.2352
2016/11/14,15.6531,7.4891,,5.4822
2016/11/15,15.8215,7.5241,,5.3538
2016/11/16,16.0296,7.5066,,5.6402
2016/11/17,16.2971,7.4133,,5.8971
2016/11/18,15.9107,7.3608,,5.8575
2016/11/21,16.0494,7.355,,5.8575
2016/11/22,16.0593,7.4541,,5.9069
2016/11/23,15.9702,7.3958,,5.7291
2016/11/24,15.8909,7.3083,,5.7489
2016/11/25,15.5441,7.3783,,5.8575
2016/11/28,14.9993,7.355,,5.9761
2016/11/29,14.7615,7.2558,,6.0749
2016/11/30,14.5138,7.2967,,6.5786
2016/12/1,14.5634,7.2792,,7.2404
2016/12/2,14.3751,7.075,,6.7564
2016/12/5,14.4346,6.9817,,6.6972
2016/12/6,14.3157,6.9525,,6.5589
2016/12/7,14.3256,7.0342,,6.4798
2016/12/8,14.5435,6.9525,,6.9243
2016/12/9,14.3553,6.8884,,6.9243
2016/12/12,13.5429,6.3518,,6.7268
2016/12/13,13.3943,6.2876,,7.1417
2016/12/14,13.4042,6.2293,,6.7663
2016/12/15,13.4339,6.3109,,6.6576
2016/12/16,13.751,6.3634,,6.707
2016/12/19,15.1281,6.3168,,6.7762
2016/12/20,14.5237,6.3459,,7.0132
2016/12/21,14.5336,6.3693,,7.2799
2016/12/22,14.4147,6.4684,,7.5862
2016/12/23,14.6723,6.3634,,7.7146
2016/12/26,14.6624,6.3634,,7.7146
2016/12/27,14.6129,6.3168,,7.4577
2016/12/28,14.6921,6.2934,,7.596
2016/12/29,15.237,6.2293,,7.4479
2016/12/30,15.1281,6.136,,7.2207
2017/1/3,15.2568,6.1885,,7.3491
2017/1/4,15.2073,6.3168,,7.3392
2017/1/5,15.4451,6.2876,,7.7442
2017/1/6,15.4451,6.1826,,7.5862
2017/1/9,15.4451,6.2001,,7.6158
2017/1/10,16.9906,6.171,,7.4479
2017/1/11,17.6543,6.0368,,6.8157
2017/1/12,17.0401,5.891,,6.5885
2017/1/13,16.6042,5.8327,,6.549
2017/1/16,15.5243,5.436,,6.5095
2017/1/17,16.2277,5.6052,,6.4798
2017/1/18,16.3862,5.506,,6.5391
2017/1/19,15.9503,5.5294,,6.1934
2017/1/20,16.198,6.0835,,6.2329
2017/1/23,16.2674,6.0951,,6.2724
2017/1/24,16.1782,5.9027,,6.2428
2017/1/25,16.1485,5.8968,7.6311,6.5095
2017/1/26,16.2475,5.8968,8.3959,6.4601
2017/2/3,16.2575,5.8385,9.2371,6.4403
2017/2/6,16.3466,5.9785,10.1603,6.4403
2017/2/7,16.0494,5.9435,11.1763,6.4206
2017/2/8,16.1088,5.9668,12.2961,6.707
2017/2/9,16.6735,6.0368,13.5252,6.707
2017/2/10,16.5051,6.0076,14.8799,6.6972
2017/2/13,16.4754,6.0368,16.3657,6.7564
2017/2/14,16.8519,5.9668,18.0045,6.7367
2017/2/15,16.8717,5.8852,19.8071,6.6478
2017/2/16,16.9708,5.9027,21.79,6.6478
2017/2/17,17.159,5.786,23.9695,6.4206
2017/2/20,17.5652,5.8268,26.3676,6.4601
2017/2/21,17.476,5.9668,29.006,6.5095
2017/2/22,17.4463,5.9785,28.0227,6.5095
2017/2/23,17.2085,5.961,28.7383,6.47
2017/2/24,17.4166,6.066,28.5034,6.9935
2017/2/27,17.2383,5.9202,28.9623,6.9441
2017/2/28,16.9906,5.8152,28.7329,6.9441
2017/3/1,17.0401,5.8327,28.3778,7.1021
2017/3/2,16.9311,5.7627,28.2467,7.033
2017/3/3,16.842,5.8152,28.3232,6.9935
2017/3/6,17.3373,5.926,29.3337,7.1219
2017/3/7,17.4463,5.9843,30.7485,7.0725
2017/3/8,17.3769,5.9202,30.0985,7.6059
2017/3/9,17.0599,6.1885,29.5522,7.6553
2017/3/10,17.1392,6.136,29.4758,7.6849
2017/3/13,17.1887,6.1243,31.0381,7.3195
2017/3/14,17.585,6.0718,31.1692,7.2898
2017/3/15,17.3869,6.066,32.3654,7.3886
2017/3/16,17.3968,6.0776,34.0643,7.596
2017/3/17,17.367,5.9668,31.5734,7.6751
2017/3/20,17.2283,5.9493,32.8188,7.6751
2017/3/21,17.2383,5.9318,33.1575,7.5664
2017/3/22,16.8618,5.8677,33.5454,7.5664
2017/3/23,16.9807,5.8677,33.8676,7.6948
2017/3/24,16.8122,5.8618,34.2664,7.5664
2017/3/27,16.6934,5.8443,34.5231,7.438
2017/3/28,16.7231,5.856,35.6211,7.3491
2017/3/29,16.5448,5.786,32.0595,7.3392
2017/3/30,16.5448,5.6344,30.8906,7.2503
2017/3/31,16.5448,5.6693,28.569,7.3787
2017/4/5,17.3076,5.7743,30.4863,7.3787
2017/4/6,16.7924,5.7568,30.2733,7.3787
2017/4/7,16.8717,5.7568,28.9077,7.3787
2017/4/10,17.4661,5.6635,26.1709,7.3787
2017/4/11,17.7039,5.7277,27.1105,7.3787
2017/4/12,16.842,5.6519,25.9907,7.3787
2017/4/13,16.5547,5.6985,26.6025,7.3787
2017/4/14,16.5547,5.716,26.0672,7.3787
2017/4/17,16.5547,5.541,24.1881,7.3787
2017/4/18,16.5547,5.4419,23.4888,7.3787
2017/4/19,16.5547,5.3252,24.2536,7.3787
2017/4/20,16.5547,5.2961,23.5708,7.3787
2017/4/21,16.5547,5.2727,23.2157,7.3787
2017/4/24,16.5547,5.0394,22.1888,7.3787
2017/4/25,16.5547,5.0453,22.3963,7.3787
2017/4/26,16.5547,5.0044,23.2157,7.3787
2017/4/27,16.5547,4.9811,24.199,7.3787
2017/4/28,16.5547,4.9753,24.0406,7.3787
2017/5/2,16.5547,4.9811,24.0406,7.3787
2017/5/3,16.5547,4.9578,24.128,7.3787
2017/5/4,16.5547,4.9811,23.762,7.3787
2017/5/5,16.5547,4.8878,24.1717,7.3787
2017/5/8,16.5547,4.9578,22.9972,7.3787
2017/5/9,16.5547,5.0511,23.6964,7.3787
2017/5/10,16.5547,4.9053,23.5162,7.3787
2017/5/11,16.5547,4.7828,24.0679,7.3787
2017/5/12,16.5547,4.6895,24.2864,7.3787
2017/5/15,16.5547,4.6895,23.9805,7.3787
2017/5/16,16.5547,4.8119,24.8162,7.3787
2017/5/17,16.5547,4.8294,25.2095,7.3787
2017/5/18,16.5547,4.8003,25.723,7.3787
2017/5/19,16.5547,4.8236,25.1713,7.3787
2017/5/22,16.5547,4.7011,23.0409,7.3787
2017/5/23,16.5547,4.4562,20.7357,7.3787
2017/5/24,16.5547,4.4445,21.1673,7.3787
2017/5/25,16.5547,4.462,20.6483,7.3787
2017/5/26,16.5547,4.4095,20.6538,7.3787
2017/5/31,16.5547,4.3862,20.5336,7.3787
2017/6/1,16.5547,4.182,18.4797,7.3787
2017/6/2,16.5547,4.3395,19.1953,7.3787
2017/6/5,16.5547,4.3512,19.6323,7.3787
2017/6/6,16.5547,4.4037,19.7197,7.3787
2017/6/7,16.5547,4.5028,20.5445,7.3787
2017/6/8,16.5547,4.4562,20.4408,7.3787
2017/6/9,16.5547,4.8994,20.5172,7.3787
2017/6/12,16.5547,4.6953,19.0697,7.3787
2017/6/13,16.5547,4.7303,19.9491,7.3787
2017/6/14,16.5547,4.7186,20.3151,7.3787
2017/6/15,16.5547,4.7828,21.4076,7.3787
2017/6/16,16.5547,4.8644,20.763,7.3787
2017/6/19,16.5547,4.8061,20.916,7.3787
2017/6/20,16.5547,4.7886,20.55,7.3787
2017/6/21,16.5547,4.7653,20.7303,7.3787
2017/6/22,16.5547,4.5845,19.5668,7.3787
2017/6/23,16.5547,4.5786,20.0966,7.3787
2017/6/26,16.5547,4.637,20.2223,7.3787
2017/6/27,16.5547,4.672,20.0124,7.3787
2017/6/28,16.5547,4.637,19.4878,7.3787
2017/6/29,16.5547,4.6545,19.5927,7.3787
2017/6/30,16.5547,4.6195,19.8854,7.3787
2017/7/3,16.5547,4.6836,20.1615,7.3787
2017/7/4,16.5547,4.7245,19.8965,7.3787
2017/7/5,16.5547,4.7595,20.4376,7.3787
2017/7/6,16.5547,4.7361,20.78,7.3787
2017/7/7,16.5547,4.742,21.3709,7.3787
2017/7/10,16.5547,4.637,20.1505,7.3787
2017/7/11,16.5547,4.6136,19.7253,7.3787
2017/7/12,16.5547,4.5086,19.8578,7.3787
2017/7/13,16.5547,4.497,19.7197,7.3787
2017/7/14,16.5547,4.4387,18.8969,7.3787
2017/7/17,16.5547,4.147,17.0083,7.3787
2017/7/18,16.5547,4.217,16.9476,7.3787
2017/7/19,16.5547,4.252,16.9476,7.3787
2017/7/20,16.5547,4.3745,16.8206,7.3787
2017/7/21,16.5547,4.3395,16.5279,7.3787
2017/7/24,16.5547,4.3453,16.677,7.3787
2017/7/25,16.5547,4.3337,16.6328,7.3787
2017/7/26,16.5547,4.3045,16.5555,7.3787
2017/7/27,16.5547,4.4678,17.2071,7.3787
2017/7/28,16.5547,4.4153,16.677,7.3787
2017/7/31,16.5547,4.4212,16.6163,7.3787
2017/8/1,16.5547,4.4503,16.7654,7.3787
2017/8/2,16.5547,4.3395,16.3788,7.3787
2017/8/3,16.5547,4.5611,16.7378,7.3787
2017/8/4,16.5547,4.5028,16.539,7.3787
2017/8/7,16.5547,4.4853,16.7046,7.3787
2017/8/8,16.5547,4.5086,16.6328,7.3787
2017/8/9,16.5547,4.5028,16.5721,7.3787
2017/8/10,16.5547,4.4328,16.1579,7.3787
2017/8/11,16.5547,4.3803,15.9039,7.3787
2017/8/14,16.5547,4.5728,16.296,7.3787
2017/8/15,16.5547,4.5786,16.677,7.3787
2017/8/16,16.5547,4.7245,17.0525,7.3787
2017/8/17,16.5547,4.777,17.1077,7.3787
2017/8/18,16.5547,4.7653,16.9255,7.3787
2017/8/21,16.5547,4.9753,17.4722,8.1196
2017/8/22,16.5547,4.7944,17.8091,8.9295
2017/8/23,16.5547,4.6953,18.2398,8.8505
2017/8/24,16.5547,4.6661,17.3507,8.2578
2017/8/25,16.5547,4.7186,18.4055,8.2776
2017/8/28,16.5547,4.7536,19.0681,8.248
2017/8/29,16.5547,4.7011,20.4376,8.2381
2017/8/30,16.5547,4.7303,20.2554,8.0998
2017/8/31,16.5547,4.7303,20.7413,7.9418
2017/9/1,16.5547,4.742,21.0506,7.8627
2017/9/4,16.5547,4.8353,20.6696,7.9516
2017/9/5,16.5547,4.7653,20.653,7.7936
2017/9/6,16.5547,4.7944,19.9627,7.7837
2017/9/7,16.5547,4.7828,20.0235,7.8133
2017/9/8,16.5547,4.8878,20.3879,7.6454
2017/9/11,16.5547,4.8994,20.6475,7.4479
2017/9/12,16.5547,4.8294,19.8578,7.4874
2017/9/13,16.5547,4.8294,20.0566,7.3886
2017/9/14,16.5547,4.7303,20.7082,7.3886
2017/9/15,16.5547,4.7303,20.3437,7.2207
2017/9/18,16.5547,4.777,20.3437,7.2306
2017/9/19,16.5547,4.742,20.8131,7.1614
2017/9/20,16.5547,4.7711,21.8679,7.1219
2017/9/21,16.5547,4.8236,20.7303,7.3886
2017/9/22,16.5547,4.9169,21.5255,7.3195
2017/9/25,16.5547,4.8411,21.5697,7.0923
2017/9/26,16.5547,4.6836,20.4873,7.2306
2017/9/27,16.5547,4.7361,22.5361,7.3787
2017/9/28,16.5547,5.2086,23.392,7.3491
2017/9/29,16.5547,5.7277,24.6179,7.3293
2017/10/9,16.5547,6.2993,24.0105,7.2009
2017/10/10,16.5547,6.7076,23.6792,7.112
2017/10/11,16.5547,6.9059,22.9116,7.0626
2017/10/12,16.5547,6.9992,23.0607,7.2306
2017/10/13,16.5547,6.6901,23.6184,7.1614
2017/10/16,16.5547,6.4101,21.3598,7.1219
2017/10/17,16.5547,6.2643,21.6139,7.1219
2017/10/18,16.5547,5.891,20.2664,7.0725
2017/10/19,16.5547,5.8677,20.3493,6.8354
2017/10/20,16.5547,5.8968,20.7634,6.9046
2017/10/23,16.5547,5.856,21.2218,7.033
2017/10/24,16.5547,5.6052,20.8187,6.9737
2017/10/25,16.5547,5.646,21.0506,6.9935
2017/10/26,16.5547,5.646,21.7685,7.0429
2017/10/27,16.5547,5.4302,21.3433,7.2602
2017/10/30,16.5547,5.3602,20.4266,7.5565
2017/10/31,16.5547,5.401,20.7634,7.5466
2017/11/1,14.8962,5.4069,21.3322,7.7047
2017/11/2,13.5854,5.3894,20.8739,7.5565
2017/11/3,13.486,5.3835,21.0892,7.3688
2017/11/6,13.2179,5.4944,21.774,7.4775
2017/11/7,13.486,5.5119,21.89,7.8726
2017/11/8,13.3867,5.5644,22.5581,7.764
2017/11/9,13.4165,5.4885,22.7514,8.0899
2017/11/10,13.1981,5.5935,23.1545,8.1492
2017/11/13,13.069,5.3369,22.895,8.1393
2017/11/14,12.8803,5.4244,22.5305,7.7541
2017/11/15,12.483,5.5585,22.7293,7.9121
2017/11/16,12.5625,5.2027,21.5476,7.8529
2017/11/17,12.3937,4.6953,19.5209,7.8726
2017/11/20,12.6121,4.7011,19.7363,8.0109
2017/11/21,13.0292,4.6661,19.9793,8.1294
2017/11/22,12.8604,4.6311,19.9738,8.08
2017/11/23,12.5625,4.497,19.2559,8.0899
2017/11/24,12.6817,4.5611,19.2559,7.6849
2017/11/27,13.347,4.4503,18.3226,7.033
2017/11/28,13.2477,4.567,19.0129,7.0824
2017/11/29,13.0491,4.5436,18.5601,6.9737
2017/11/30,13.7244,4.5495,18.9411,6.875
2017/12/1,14.0322,4.6545,19.7197,6.954
2017/12/4,13.7542,4.5436,18.538,7.033
2017/12/5,13.7542,4.2695,17.5606,6.9639
2017/12/6,13.8833,4.3745,18.3723,6.9243
2017/12/7,13.7542,4.3862,18.411,6.8453
2017/12/8,13.7442,4.5203,18.9466,6.8947
2017/12/11,14.3103,4.5378,19.162,6.9836
2017/12/12,14.1514,4.4212,18.8251,6.8651
2017/12/13,14.1713,4.5261,19.0129,6.9046
2017/12/14,14.0521,4.497,18.9025,6.875
2017/12/15,13.9031,4.5028,19.0681,6.7465
2017/12/18,13.6449,4.4328,19.7142,6.628
2017/12/19,13.7145,4.4912,20.4873,6.6873
2017/12/20,13.5953,4.3745,20.3603,6.5095
2017/12/21,13.4563,4.3745,20.2167,6.5984
2017/12/22,13.784,4.322,19.5651,6.549
2017/12/25,13.6549,4.2695,19.7308,6.4403
2017/12/26,13.5357,4.3162,20.2885,6.5292
2017/12/27,13.5059,4.3045,19.8357,6.4305
2017/12/28,13.3073,4.3103,19.8799,6.3317
2017/12/29,13.2477,4.462,19.8081,6.2527
2018/1/2,13.2477,4.4503,19.8633,6.3613
2018/1/3,13.3967,4.5261,19.8633,6.6181
2018/1/4,13.4364,4.4737,19.659,6.5984
2018/1/5,13.2179,4.532,19.5375,6.6478
2018/1/8,13.3867,4.5145,19.4712,6.7465
2018/1/9,13.208,4.4737,19.416,6.707
2018/1/10,13.1881,4.4912,19.4602,6.5984
2018/1/11,13.1782,4.6778,20.156,6.6478
2018/1/12,13.1484,4.5203,19.9958,6.549
2018/1/15,12.9399,4.3337,19.6645,6.3317
2018/1/16,12.8703,4.3453,20.0455,6.3909
2018/1/17,12.6618,4.3745,21.2218,6.7268
2018/1/18,12.7313,4.357,20.9788,6.7663
2018/1/19,12.6519,4.3628,21.4427,6.8058
2018/1/22,12.7512,4.3978,21.4427,6.7663
2018/1/23,12.7611,4.3687,21.4427,6.875
2018/1/24,12.7114,4.4795,21.4427,6.8651
2018/1/25,12.7015,4.4795,21.4427,7.1812
2018/1/26,12.7214,4.497,21.4427,7.1614
2018/1/29,12.7611,4.3803,21.4427,7.0528
2018/1/30,12.7611,4.3453,21.4427,6.8256
2018/1/31,12.771,4.0945,21.4427,6.8947
2018/2/1,12.8207,3.8612,21.4427,6.6181
2018/2/2,12.8108,3.7037,21.4427,6.7564
2018/2/5,12.8902,3.6804,21.4427,6.8157
2018/2/6,12.483,3.3946,21.4427,6.4305
2018/2/7,12.4632,3.4529,21.4427,6.4403
2018/2/8,12.483,3.5521,21.4427,6.4502
2018/2/9,12.483,3.4879,21.4427,5.9366
2018/2/12,12.7214,3.5929,21.4427,6.0551
2018/2/13,12.6419,3.5754,21.4427,6.0353
2018/2/14,12.7114,3.5871,21.4427,6.0551
2018/2/22,12.6916,3.6454,21.4427,6.1736
2018/2/23,12.8803,3.6221,21.4427,6.2131
2018/2/26,12.8803,3.7096,21.4427,6.4305
2018/2/27,12.8008,3.7271,21.4427,6.3712
2018/2/28,12.8207,3.7796,21.4427,6.3416
2018/3/1,12.8902,3.9021,21.4427,6.3218
2018/3/2,12.6419,3.8437,21.4427,6.3613
2018/3/5,13.1782,3.8729,21.4427,6.302
2018/3/6,13.1782,3.9545,21.4427,6.2329
2018/3/7,13.1285,3.8729,21.4427,6.1144
2018/3/8,13.3073,3.8729,21.4427,6.144
2018/3/9,13.6549,4.0129,21.4427,6.223
2018/3/12,13.6251,4.4153,21.4427,6.2823
2018/3/13,13.7145,4.3803,21.4427,6.1835
2018/3/14,13.4265,4.2345,21.4427,6.1144
2018/3/15,13.5059,4.1762,21.4427,6.1539
2018/3/16,13.347,4.2287,21.4427,6.0946
2018/3/19,13.6549,4.2695,21.4427,6.0847
2018/3/20,13.5655,4.1995,21.4427,6.065
2018/3/21,13.4364,4.1179,21.4427,6.0551
2018/3/22,13.2874,4.1529,21.4427,5.9958
2018/3/23,12.7909,3.7621,21.4427,5.6007
2018/3/26,13.208,3.8554,21.4427,5.5612
2018/3/27,13.8733,3.9954,21.4427,5.7192
2018/3/28,13.8138,4.0537,21.4427,5.6106
2018/3/29,13.7542,4.1704,21.4427,5.7094
2018/3/30,13.9826,4.2695,21.4427,5.6995
2018/4/2,14.2011,4.1762,21.4427,5.6303
2018/4/3,13.9826,4.0829,21.4427,5.581
2018/4/4,14.0322,3.9662,21.4427,5.5118
2018/4/9,13.8038,3.8904,21.4427,5.5019
2018/4/10,13.9031,3.9021,21.4427,5.6007
2018/4/11,13.9329,3.8962,21.4427,5.5908
2018/4/12,13.774,3.8962,21.4427,5.5217
2018/4/13,13.8733,3.8846,21.4427,5.5217
2018/4/16,13.9528,4.0479,21.4427,5.4032
2018/4/17,13.6549,4.0479,21.4427,5.2254
2018/4/18,13.8535,3.9662,21.4427,5.1463
2018/4/19,13.9031,3.8962,21.4427,5.1463
2018/4/20,13.6847,3.7854,21.4427,5.008
2018/4/23,13.6847,3.9312,21.4427,5.5118
2018/4/24,13.8833,4.1937,21.4427,5.5908
2018/4/25,14.1415,4.1587,21.4427,5.6699
2018/4/26,14.0024,3.9837,21.4427,5.6106
2018/4/27,14.0918,4.0129,21.4427,5.6402
2018/5/2,14.499,3.7796,21.4427,5.6303
2018/5/3,14.638,3.8671,21.4427,5.6699
2018/5/4,14.5288,3.8379,21.4427,5.7785
2018/5/7,14.6877,3.9312,21.4427,5.7983
2018/5/8,14.6579,4.0129,21.4427,5.8872
2018/5/9,14.499,4.007,21.4427,5.7884
2018/5/10,14.6777,4.0129,21.4427,5.739
2018/5/11,14.5784,3.9195,21.4427,5.6106
2018/5/14,14.5884,3.9312,21.4427,5.6797
2018/5/15,14.5387,4.007,21.4427,5.8279
2018/5/16,14.3103,3.9779,23.5853,5.7291
2018/5/17,14.3997,3.9604,25.9432,5.6896
2018/5/18,14.5189,3.937,25.5622,5.7489
2018/5/21,14.4493,4.0129,25.4242,5.9267
2018/5/22,14.36,4.0129,26.3298,5.9168
2018/5/23,14.1514,3.8904,25.5125,5.8279
2018/5/24,13.8833,3.8671,24.7946,5.8378
2018/5/25,13.8932,3.7796,23.7088,5.6501
2018/5/28,13.9329,3.7912,22.5234,5.6303
2018/5/29,14.0521,3.7504,21.6866,5.4921
2018/5/30,13.3569,3.5813,20.1824,5.2649
2018/5/31,13.4761,3.6221,20.2621,5.3636
2018/6/1,13.1782,3.5929,20.1724,5.3636
2018/6/4,13.2974,3.5988,19.9134,5.413
2018/6/5,13.6946,3.6687,21.9057,5.4427
2018/6/6,13.9031,3.6571,24.0973,5.4032
2018/6/7,13.7244,3.5871,22.2245,5.4032
2018/6/8,13.7542,3.4996,21.577,5.2747
2018/6/11,13.4265,3.4879,20.3816,5.2747
2018/6/12,13.486,3.5404,22.4238,5.413
2018/6/13,13.4761,3.4821,24.6651,5.2747
2018/6/14,13.4165,3.4296,25.0238,5.3044
2018/6/15,13.3768,3.3946,25.4023,5.2846
2018/6/19,12.9299,3.0855,22.8621,4.9191
2018/6/20,13.1881,3.1438,21.9257,4.929
2018/6/21,12.9101,2.998,24.1172,4.7907
2018/6/22,12.8306,3.0505,25.0835,4.8401
2018/6/25,12.8306,3.0388,25.8705,4.7216
2018/6/26,12.7909,3.0913,25.6414,4.7512
2018/6/27,12.4731,3.0913,26.1693,4.7216
2018/6/28,12.2943,3.0505,24.1073,4.7611
2018/6/29,12.6717,3.1613,26.518,4.8801
2018/7/2,12.5128,3.103,29.1678,4.7611
2018/7/3,12.4632,3.1905,32.0866,4.8504
2018/7/4,12.4036,3.1905,28.8789,4.771
2018/7/5,12.1652,3.033,25.99,4.6818
2018/7/6,12.1652,3.0505,24.5655,4.7313
2018/7/9,12.1652,3.1146,25.9701,4.8107
2018/7/10,12.1652,3.1613,26.3785,4.9
2018/7/11,12.1652,3.0505,25.2628,4.7512
2018/7/12,12.1652,3.1613,25.8805,4.9099
2018/7/13,12.1652,3.173,26.3387,4.9099
2018/7/16,12.7114,3.2721,26.8966,4.9694
2018/7/17,12.0957,3.2371,26.1295,4.9297
2018/7/18,11.917,3.1905,23.908,4.8702
2018/7/19,11.9567,3.1263,23.3303,4.9297
2018/7/20,12.0163,3.1846,23.3801,4.9892
2018/7/23,12.1752,3.3654,22.354,5.1083
2018/7/24,12.205,3.4238,23.6989,5.2868
2018/7/25,12.5625,3.3538,22.8621,5.2273
2018/7/26,12.493,3.3654,21.9157,5.1579
2018/7/27,12.5724,3.3013,21.9655,5.1876
2018/7/30,12.483,3.243,21.049,5.1579
2018/7/31,12.6717,3.2546,21.1686,5.1678
2018/8/1,12.6419,3.1905,20.5908,5.1182
2018/8/2,12.4532,3.0621,19.1464,5.0587
2018/8/3,12.5426,3.0447,18.7778,5.0686
2018/8/6,12.6022,3.0388,18.6782,5.138
2018/8/7,12.8803,3.1321,19.2759,5.267
2018/8/8,12.7909,3.0505,18.1203,5.2075
2018/8/9,12.9498,3.138,19.2161,5.2967
2018/8/10,12.9597,3.1496,19.5946,5.3463
2018/8/13,12.9101,3.1438,19.9034,5.3761
2018/8/14,12.9599,3.1263,19.6943,5.3761
2018/8/15,12.8702,3.0621,19.236,5.2868
2018/8/16,12.7806,3.0855,19.2858,5.5745
2018/8/17,12.7308,3.0272,18.3295,5.3662
2018/8/20,12.7308,3.0796,18.728,5.6042
2018/8/21,12.7806,3.0971,18.728,5.6836
2018/8/22,12.6809,3.0388,16.8552,5.5844
2018/8/23,12.6212,3.0563,16.5065,5.6637
2018/8/24,12.5514,3.0388,16.6261,5.5943
2018/8/27,12.661,3.0971,17.2437,5.6736
2018/8/28,12.8503,3.1263,17.154,5.7133
2018/8/29,12.7507,3.1846,16.9548,5.6736
2018/8/30,12.7606,3.103,16.3471,5.505
2018/8/31,12.6909,3.068,16.1678,5.5645
2018/9/3,12.7108,3.0505,15.5701,5.4257
2018/9/4,12.671,3.0913,17.1241,5.4554
2018/9/5,12.5813,3.4004,16.6759,5.5149
2018/9/6,12.5216,3.4588,16.7057,5.7629
2018/9/7,12.6013,3.2955,16.118,5.6836
2018/9/10,12.5216,3.208,15.3011,5.4951
2018/9/11,12.5315,3.2488,15.6697,5.5546
2018/9/12,12.5216,3.2313,15.6697,5.386
2018/9/13,12.5514,3.2838,16.2973,5.505
2018/9/14,12.5116,3.1788,15.4605,5.4257
2018/9/17,12.4518,3.0563,15.5303,5.2769
2018/9/18,12.5315,3.138,15.7793,5.3662
2018/9/19,12.6212,3.1438,15.8391,5.4455
2018/9/20,12.5614,3.1496,15.5402,5.4257
2018/9/21,12.6909,3.1905,15.5701,5.5447
2018/9/25,12.93,3.1671,15.5602,5.4951
2018/9/26,12.92,3.1496,15.9985,5.5249
2018/9/27,12.7009,3.0738,15.2513,5.4653
2018/9/28,12.8503,3.0971,15.4406,5.5249
2018/10/8,12.6809,3.0213,14.0061,5.2868
2018/10/9,12.7108,3.033,14.3548,5.2967
2018/10/10,12.661,3.0505,14.6337,5.3562
2018/10/11,12.4219,2.7472,13.1793,5.0091
2018/10/12,12.4219,2.6305,14.4943,5.0388
2018/10/15,12.3423,2.5664,15.3908,4.9892
2018/10/16,12.1729,2.5547,14.7433,4.9793
2018/10/17,12.153,2.6014,15.5303,5.0388
2018/10/18,11.7545,2.5022,14.295,4.9694
2018/10/19,11.8442,2.5955,15.7295,5.0884
2018/10/22,12.2626,2.718,16.6958,5.3761
2018/10/23,12.1032,2.6597,17.1042,5.2967
2018/10/24,12.1829,2.6772,16.2475,5.3562
2018/10/25,12.153,2.6655,16.636,5.3761
2018/10/26,12.2426,2.7064,16.5663,5.386
2018/10/29,12.2426,2.6772,15.7494,5.3562
2018/10/30,12.1131,2.6947,15.9885,5.3562
2018/10/31,12.1928,2.718,15.9188,5.3761
2018/11/1,12.1629,2.7297,16.1379,5.3761
2018/11/2,12.1729,2.8055,16.5563,5.4753
2018/11/5,12.1131,2.823,17.1839,5.4455
2018/11/6,12.1131,2.8113,16.7456,5.4058
2018/11/7,12.0135,2.8172,16.6659,5.4356
2018/11/8,11.8043,2.8638,16.0782,5.3364
2018/11/9,11.6549,2.8522,16.0184,5.3265
2018/11/12,11.9338,2.9397,16.387,5.4554
2018/11/13,11.9737,3.0213,16.387,5.4554
2018/11/14,11.9139,2.9922,16.118,5.4158
2018/11/15,11.9538,3.0796,16.8352,5.5844
2018/11/16,11.9438,3.0855,16.7356,5.5447
2018/11/19,11.8541,3.0971,16.5165,5.5745
2018/11/20,11.7047,3.0447,17.0245,5.4257
2018/11/21,11.8442,3.0563,17.8912,5.4058
2018/11/22,12.402,3.0971,17.692,5.3761
2018/11/23,12.2327,2.9455,15.9487,5.2075
2018/11/26,11.9637,3.0155,14.9326,5.1975
2018/11/27,11.8641,3.1088,15.351,5.2273
2018/11/28,11.8243,3.278,15.9785,5.3265
2018/11/29,11.6748,3.103,14.8429,5.2174
2018/11/30,11.6748,3.0505,15.341,5.2372
2018/12/3,11.9139,3.1438,15.869,5.3959
2018/12/4,11.8342,3.138,16.4368,5.4058
2018/12/5,11.8143,3.0971,16.4368,5.3166
2018/12/6,11.7047,3.0097,15.5602,5.1975
2018/12/7,11.7446,3.0388,15.3709,5.2174
2018/12/10,11.5653,3.0213,15.3908,5.1975
2018/12/11,11.5951,3.0971,15.7395,5.2273
2018/12/12,11.3561,3.0505,15.1318,5.2174
2018/12/13,11.5752,3.0855,15.3609,5.267
2018/12/14,11.4756,2.9222,14.823,5.1975
2018/12/17,11.366,2.998,14.7433,5.2174
2018/12/18,11.0273,2.9863,14.6536,5.1975
2018/12/19,10.6986,2.9513,14.564,5.1678
2018/12/20,10.599,2.963,14.564,5.1182
2018/12/21,10.599,2.9572,14.7034,5.0983
2018/12/24,10.5492,3.033,15.1716,5.138
2018/12/25,10.6787,3.0855,16.6858,5.1876
2018/12/26,10.2603,3.0097,15.859,5.0983
2018/12/27,9.8619,3.0155,16.5165,5.0983
2018/12/28,10.1607,2.9513,16.9847,5.1281
2019/1/2,10.0113,3.0038,17.1341,5.1281
2019/1/3,10.0212,3.0155,16.2375,5.1083
2019/1/4,10.1408,3.0971,17.0245,5.1579
2019/1/7,10.2802,3.1613,17.2238,5.2273
2019/1/8,10.3101,3.1321,16.7954,5.2075
2019/1/9,10.2005,3.1088,16.5962,5.2471
2019/1/10,10.2105,3.0913,17.1341,5.2075
2019/1/11,10.3898,3.2313,18.0406,5.3166
2019/1/14,10.4795,3.1963,17.4728,5.3066
2019/1/15,10.3798,3.1671,17.4031,5.3662
2019/1/16,10.3101,3.1263,16.7456,5.3265
2019/1/17,10.2304,3.0796,16.5563,5.267
2019/1/18,10.1607,3.068,16.2176,5.3265
2019/1/21,10.34,3.1263,16.5563,5.3662
2019/1/22,10.2503,3.0505,16.2674,5.3066
2019/1/23,10.2105,3.0388,15.859,5.3959
2019/1/24,10.2503,3.1671,15.9785,5.386
2019/1/25,10.2503,3.1146,15.61,5.3364
2019/1/28,10.2404,3.1146,15.351,5.3066
2019/1/29,10.0611,2.9397,14.9326,5.267
2019/1/30,9.7622,2.8638,14.6935,5.2075
2019/1/31,9.563,2.7647,14.0759,5.267
2019/2/1,9.7822,2.858,14.4843,5.3166
2019/2/11,9.9117,2.9572,14.9625,5.386
2019/2/12,10.091,2.9863,15.0521,5.3959
2019/2/13,10.2503,3.0855,15.5402,5.8224
2019/2/14,10.3798,3.1088,15.4307,5.6935
2019/2/15,10.2304,3.0913,15.4107,5.6836
2019/2/18,10.4297,3.1963,15.9487,5.7828
2019/2/19,10.3699,3.2196,15.9088,5.7133
2019/2/20,10.3101,3.2313,15.8092,5.7828
2019/2/21,10.2503,3.1905,17.3931,5.7431
2019/2/22,10.3599,3.2955,17.8115,5.9117
2019/2/25,10.8978,3.5404,18.3395,6.1795
2019/2/26,11.4059,3.4646,18.9073,6.0704
2019/2/27,12.0434,3.8087,19.6146,6.6358
2019/2/28,11.8243,3.5988,18.4192,6.3779
2019/3/1,12.1331,3.5871,19.3057,6.4969
2019/3/4,12.6511,3.6279,19.1165,6.5168
2019/3/5,12.9499,3.8846,19.8437,6.7945
2019/3/6,13.7269,3.9604,21.8261,6.8639
2019/3/7,13.3484,4.0537,23.0115,6.8044
2019/3/8,12.4917,3.8262,22.3042,6.4176
2019/3/11,13.3484,4.1062,23.2904,6.8242
2019/3/12,13.5376,4.2287,23.669,7.4392
2019/3/13,12.9898,4.1062,22.0851,7.0722
2019/3/14,12.9499,3.8496,21.2284,6.8937
2019/3/15,12.671,3.8904,22.5034,6.854
2019/3/18,13.0794,3.9312,23.0215,7.0127
2019/3/19,12.8503,3.9487,22.7625,7.0425
2019/3/20,12.7507,3.9254,21.8161,7.1218
2019/3/21,13.0196,4.112,23.9977,7.0722
2019/3/22,12.7308,4.0362,23.2805,6.9433
2019/3/25,12.7507,3.9487,22.6031,6.7548
2019/3/26,12.2725,3.7621,22.7525,6.5267
2019/3/27,12.2426,3.7737,23.2506,6.5763
2019/3/28,12.2526,3.6337,25.5716,6.5763
2019/3/29,12.4917,3.8029,26.5579,6.735
2019/4/1,12.9898,4.182,26.777,6.9234
2019/4/2,13.1093,4.602,25.9402,6.8838
2019/4/3,13.1691,5.0628,25.213,6.9234
2019/4/4,13.1292,5.4477,25.1134,6.854
2019/4/8,12.7706,5.4944,24.9739,6.7151
2019/4/9,12.6311,5.3077,25.8805,6.7449
2019/4/10,12.5415,4.9344,24.8146,6.7151
2019/4/11,12.153,4.9403,24.2268,6.5664
2019/4/12,12.1131,5.0744,23.8682,6.5664
2019/4/15,11.9139,5.1327,23.6291,6.5366
2019/4/16,12.412,5.2844,24.5755,6.8738
2019/4/17,12.402,5.1444,24.1172,6.7945
2019/4/18,12.2426,5.0453,23.3701,6.8143
2019/4/19,12.1331,5.1911,25.7111,7.0921
2019/4/22,12.1928,5.4827,25.731,7.1714
2019/4/23,12.0334,5.1444,23.4398,6.973
2019/4/24,12.0135,5.6577,24.1471,7.0425
2019/4/25,11.8243,6.2235,25.1134,6.7647
2019/4/26,11.2963,6.8475,25.741,6.6556
2019/4/29,11.0473,6.1651,27.0759,6.6556
2019/4/30,11.127,5.5702,27.046,6.6159
2019/5/6,10.3599,5.1502,24.3464,6.0109
2019/5/7,10.2105,5.5177,26.777,6.0307
2019/5/8,10.3798,5.8793,27.3946,5.9216
2019/5/9,10.3599,5.9785,26.0199,5.7728
2019/5/10,10.6289,6.5792,28.6199,6.0208
2019/5/13,10.7783,6.5909,29.7057,5.9018
2019/5/14,10.7484,7.25,29.895,5.9415
2019/5/15,10.7285,7.63,29.8352,6.0406
2019/5/16,10.6787,7.67,28.3908,5.9811
2019/5/17,10.2703,7.18,26.7471,5.8026
2019/5/20,10.1707,6.82,26.9862,5.8324
2019/5/21,10.3002,6.83,26.8069,5.9712
2019/5/22,10.2005,6.99,26.2391,5.9117
2019/5/23,10.2603,6.34,24.6352,5.7927
2019/5/24,10.4595,5.93,23.9678,5.6736
2019/5/27,10.609,6.21,24.8943,5.8125
2019/5/28,10.5691,6.23,25.1931,6.001
2019/5/29,10.4595,6.11,24.1969,5.9216
2019/5/30,10.4595,6.14,23.5096,5.8819
2019/5/31,10.5592,6.13,23.8881,5.8819
2019/6/3,10.2503,5.92,23.928,6.0406
2019/6/4,10.2503,5.96,24.5854,6.0803
2019/6/5,10.3998,5.76,24.2866,6.2787
2019/6/6,10.071,5.45,21.9157,6.0307
2019/6/10,10.2005,6,24.1073,6.12
2019/6/11,10.3898,6.6,24.6352,6.2291
2019/6/12,10.8082,6.79,24.705,6.1299
2019/6/13,10.8281,6.82,24.7548,6.1101
2019/6/14,10.5791,6.43,24.3663,6.0208
2019/6/17,10.3599,6.44,24.7847,6.0208
2019/6/18,10.6388,6.3,23.908,6.0208
2019/6/19,10.7484,6.55,24.7149,6.0506
2019/6/20,10.9377,6.61,25.0437,6.1994
2019/6/21,11.3162,6.58,26.3885,6.2192
2019/6/24,11.2963,6.51,26.8567,6.1795
2019/6/25,11.1768,6.48,26.9962,6.1002
2019/6/26,11.5653,6.36,26.2391,6.12
2019/6/27,12.7208,6.4,26.7969,6.21
2019/6/28,12.7208,6.14,26.2291,6.16
2019/7/1,13.9959,6.62,27.9923,6.33
2019/7/2,12.6013,6.49,28.1418,6.3
2019/7/3,11.6649,6.27,27.4843,6.2
2019/7/4,12.8304,6.21,26.777,6.21
2019/7/5,11.5453,6.25,27.3249,6.2
2019/7/8,10.6588,5.96,26,6.01
2019/7/9,10.34,5.9,26.3,5.96
2019/7/10,10.18,5.92,26.2,5.92
2019/7/11,10.09,5.85,25.31,5.96
2019/7/12,10.07,5.8,25.77,5.96
2019/7/15,10.11,5.93,25.79,5.98
2019/7/16,9.93,6.15,25.4,6
2019/7/17,9.76,6.08,26.29,5.99
2019/7/18,9.83,5.87,25.1,5.92
2019/7/19,9.64,5.94,24.68,5.93
2019/7/22,8.96,5.75,23.94,5.83
2019/7/23,9.13,5.81,24.21,5.85
2019/7/24,9.25,5.93,24.66,5.95
2019/7/25,9.23,5.88,24.99,5.95
2019/7/26,9.26,5.89,24.99,5.96
2019/7/29,9.25,5.9,25.4,5.98
2019/7/30,9.27,5.87,25.33,5.97
2019/7/31,9.12,5.77,25.45,5.93
2019/8/1,9.1,5.68,25,5.87
2019/8/2,8.9,5.51,24.41,5.71
2019/8/5,9.01,5.51,24.15,5.61
2019/8/6,8.57,5.27,23.47,5.45
2019/8/7,8.56,5.18,22.72,5.42
2019/8/8,8.55,5.2,23.16,5.45
2019/8/9,8.46,5.11,22.78,5.29
2019/8/12,8.61,5.18,23.61,5.41
2019/8/13,8.66,5.28,23.18,5.41
2019/8/14,8.64,5.28,23.31,5.42
2019/8/15,8.7,5.34,23.28,5.74
2019/8/16,8.61,5.31,23.56,5.63
2019/8/19,9.11,5.52,25.35,5.76
2019/8/20,9.05,5.54,26.18,5.98
2019/8/21,8.87,5.44,25.8,6.15
2019/8/22,8.84,5.41,25.86,6.15
2019/8/23,8.68,5.3,25.35,6.05
2019/8/26,8.64,5.2,24.65,5.97
2019/8/27,8.71,5.38,25.99,6.04
2019/8/28,8.61,5.58,26.15,5.93
2019/8/29,9.18,5.45,25.72,5.95
2019/8/30,8.9,5.27,24.48,5.85
2019/9/2,8.98,5.4,24.92,5.95
2019/9/3,9.16,5.94,25.94,5.99
2019/9/4,9.21,6.02,26.84,6.07
2019/9/5,9.36,6.06,26.83,6.03
2019/9/6,9.73,6.21,27.14,6.19
2019/9/9,10.01,6.38,29.85,6.33
2019/9/10,10,6.53,31.41,6.69
2019/9/11,9.87,6.23,31.73,6.43
2019/9/12,10.1,6.36,30.53,6.43
2019/9/16,10.12,6.35,30.73,6.38
2019/9/17,9.72,6.06,29.99,6.21
2019/9/18,9.71,6.02,29.09,6.18
2019/9/19,9.85,6.13,29.69,6.25
2019/9/20,9.89,6.18,29.01,6.19
2019/9/23,9.87,6.05,28.85,6.11
2019/9/24,10.06,6.12,29.33,6.19
2019/9/25,10.09,5.87,28.18,6.13
2019/9/26,9.61,5.58,26.05,6.03
2019/9/27,10,5.68,27.3,6.08
2019/9/30,9.73,5.56,26.78,6.01
