ÈÕÆÚ,000627.SZ,600291.SH,601318.SH,601319.SH,601336.SH,601601.SH,601628.SH
2014/1/2,2.5708,8.438,18.3592,,21.4326,15.6348,13.7513
2014/1/3,2.5511,8.4976,17.9102,,20.9207,15.2898,13.3929
2014/1/6,2.4625,8.2789,17.9102,,20.6269,14.8673,13.5859
2014/1/7,2.4723,8.3187,17.8213,,20.5795,14.781,13.5491
2014/1/8,2.4329,8.3485,18.0614,,20.788,14.8414,13.5032
2014/1/9,2.364,8.0504,17.768,,20.551,14.6948,13.1539
2014/1/10,2.2852,7.9211,17.5902,,20.57,14.7034,13.1447
2014/1/13,2.2753,7.9311,17.5368,,20.4657,14.6689,13.0252
2014/1/14,2.3147,8.0404,17.7769,,20.788,14.85,13.0895
2014/1/15,2.3246,8.0504,17.6569,,20.6458,14.7551,13.1079
2014/1/16,2.3541,8.2292,18.3237,,20.9302,14.9104,13.2366
2014/1/17,2.3049,8.0702,18.1636,,20.4468,14.6775,13.4204
2014/1/20,2.2852,7.9609,18.1014,,20.2856,14.6948,13.0711
2014/1/21,2.3147,8.0007,18.3814,,20.3994,14.7896,13.1447
2014/1/22,2.3738,8.2491,18.5859,,20.8733,15.0656,13.4572
2014/1/23,2.364,8.2094,18.2259,,21.0724,14.7465,13.3377
2014/1/24,2.364,8.3386,18.0169,,20.9302,14.6603,13.1906
2014/1/27,2.364,8.1796,17.3368,,20.4183,14.186,12.6483
2014/1/28,2.3935,8.2789,17.4079,,20.6743,14.2895,12.7035
2014/1/29,2.3738,8.2988,17.4613,,20.6458,14.3929,12.7678
2014/1/30,2.3738,8.11,17.399,,20.4089,14.117,12.6115
2014/2/7,2.4231,8.1597,16.9856,,20.2477,13.9014,12.4737
2014/2/10,2.6693,8.438,17.3679,,20.7501,14.1946,12.731
2014/2/11,2.6299,8.5473,17.5857,,20.8923,14.4533,12.9057
2014/2/12,2.7284,8.5373,17.4346,,20.7975,14.4188,12.8781
2014/2/13,2.6988,8.597,17.3146,,20.7406,14.2895,12.8873
2014/2/14,2.9648,9.4616,17.3679,,20.9966,14.2808,12.9149
2014/2/17,2.9746,9.8393,17.5591,,21.1198,14.4878,13.3193
2014/2/18,3.0042,10.4456,17.199,,20.7691,14.1774,12.9608
2014/2/19,2.9648,10.9425,17.3857,,21.2715,14.3757,13.2826
2014/2/20,2.8072,10.4058,17.1501,,21.1767,14.1774,13.0528
2014/2/21,2.7382,9.9288,17.3501,,21.0629,14.1429,13.016
2014/2/24,2.7481,10.048,17.2657,,20.5131,13.8928,12.7862
2014/2/25,2.62,9.1834,16.7322,,20.2003,13.6513,12.5748
2014/2/26,2.7678,9.4716,16.67,,20.3235,13.7289,12.6391
2014/2/27,2.6988,9.2828,16.8923,,20.3425,13.841,12.7402
2014/2/28,2.7087,9.5113,17.1145,,20.4089,13.8755,12.731
2014/3/3,2.7382,9.5412,16.8834,,20.2667,13.7807,12.7862
2014/3/4,2.689,9.3623,16.8789,,20.2098,13.7893,12.8873
2014/3/5,2.6693,9.7896,16.7411,,20.0676,13.5565,12.5931
2014/3/6,2.6988,9.9387,16.8256,,20.1719,13.8928,12.7678
2014/3/7,2.6102,9.6902,16.6878,,19.897,13.5651,12.5104
2014/3/10,2.4526,8.9647,16.0832,,18.9206,13.2115,12.0508
2014/3/11,2.4822,9.1039,16.0921,,18.7689,13.2287,12.014
2014/3/12,2.4625,9.243,16.1543,,18.987,13.2546,12.0784
2014/3/13,2.492,9.2629,16.3321,,18.9964,13.2719,12.1152
2014/3/14,2.5018,9.1237,16.3055,,18.7405,13.0304,12.0324
2014/3/17,2.5412,9.2529,16.3766,,18.8827,13.1511,12.3082
2014/3/18,2.5511,9.1535,16.1588,,18.7784,13.0649,12.2714
2014/3/19,2.6397,9.0045,16.0032,,18.4751,13.0304,12.1152
2014/3/20,2.5708,8.6566,16.0432,,18.295,13.0045,12.0508
2014/3/21,2.62,9.074,16.67,,19.0059,13.3754,12.3817
2014/3/24,2.62,9.0939,16.7811,,19.442,13.5996,12.5472
2014/3/25,2.62,8.9747,16.5144,,19.1102,13.5392,12.5012
2014/3/26,2.62,9.0939,16.5277,,19.2713,13.5823,12.4369
2014/3/27,2.62,8.9747,16.5277,,18.8732,13.5392,12.345
2014/3/28,2.62,9.1834,16.6122,,18.949,13.5823,12.3725
2014/3/31,2.62,9.2132,16.6967,,19.1292,13.6254,12.345
2014/4/1,2.62,9.2728,16.7589,,19.2524,13.6858,12.3909
2014/4/2,2.62,9.412,17.1101,,19.4514,13.8928,12.6299
2014/4/3,2.62,9.5213,17.1412,,19.186,13.7289,12.6391
2014/4/4,2.62,9.3921,17.3012,,19.1955,13.7375,12.6851
2014/4/8,2.62,9.73,17.7324,,20.0012,14.1601,13.016
2014/4/9,2.62,9.73,17.5457,,20.096,14.1687,12.9333
2014/4/10,2.62,9.7499,18.7949,,20.6364,15.0915,13.6135
2014/4/11,2.62,9.4915,18.3192,,20.2098,14.9621,13.5491
2014/4/14,2.62,9.5014,18.1414,,20.0486,14.712,13.3837
2014/4/15,2.62,9.3026,17.8124,,19.5557,14.2981,13.0895
2014/4/16,2.62,9.3424,17.8658,,19.6884,14.3412,13.1079
2014/4/17,2.62,9.3126,17.6035,,19.5936,14.2205,13.0252
2014/4/18,2.62,9.2927,17.5902,,19.7737,14.2119,13.0344
2014/4/21,2.62,8.9548,17.2968,,19.3093,13.9876,12.8321
2014/4/22,2.5314,9.0144,17.4524,,19.4325,14.1342,12.9333
2014/4/23,2.5018,8.9846,17.3235,,19.2713,14.0566,12.8229
2014/4/24,2.5117,8.8852,17.5679,,19.1481,14.117,12.7862
2014/4/25,2.4428,8.5373,17.3412,,19.0912,14.0308,12.7126
2014/4/28,2.3738,8.0901,16.9323,,18.6931,13.8755,12.3542
2014/4/29,2.4231,8.2591,17.3768,,19.0628,14.0308,12.4001
2014/4/30,2.5511,8.6268,17.399,,18.949,14.0652,12.5104
2014/5/5,2.6299,8.915,17.4257,,18.8827,14.117,12.4461
2014/5/6,2.62,8.9448,17.5724,,19.0344,14.0997,12.4185
2014/5/7,2.6003,8.8951,17.4968,,18.8543,13.9445,12.4093
2014/5/8,2.6791,9.0939,17.4924,,18.8637,13.8669,12.3633
2014/5/9,2.6791,8.8653,17.4524,,18.7121,13.9186,12.4185
2014/5/12,2.6988,9.1933,17.8035,,19.205,14.2032,12.731
2014/5/13,2.7579,9.1337,17.7458,,19.1007,14.1342,12.6023
2014/5/14,2.7284,9.0641,17.7235,,19.186,14.2205,12.6759
2014/5/15,2.6003,8.7461,17.6168,,18.9585,13.9963,12.6023
2014/5/16,2.6299,8.7858,17.5724,,18.9775,14.0308,12.5564
2014/5/19,2.6102,8.6069,17.2079,,18.6268,13.7634,12.3358
2014/5/20,2.62,8.6666,17.239,,18.7215,13.8497,12.4553
2014/5/21,2.6102,8.8156,17.4124,,19.0723,13.9359,12.5656
2014/5/22,2.5905,8.8653,17.3946,,18.9585,14.0135,12.584
2014/5/23,2.6003,8.9448,17.5102,,19.0344,14.1429,12.6851
2014/5/26,2.62,8.9747,17.4524,,19.1386,14.1429,12.6759
2014/5/27,2.6594,8.9747,17.4568,,19.2145,14.1515,12.6483
2014/5/28,2.6594,8.9945,17.7058,,19.5557,14.3326,12.8321
2014/5/29,2.6102,8.6864,17.7724,,19.4041,14.4016,12.9057
2014/5/30,2.5708,8.6566,17.728,,19.186,14.4706,12.8689
2014/6/3,2.5708,8.6566,17.7369,,19.2429,14.4447,12.8873
2014/6/4,2.5018,8.5771,17.479,,19.0628,14.3757,12.7586
2014/6/5,2.5314,8.6566,17.688,,19.3756,14.6258,13.0619
2014/6/6,2.5215,8.6964,17.5413,,19.5273,14.6085,13.0344
2014/6/9,2.5018,8.7461,17.648,,19.7927,14.7034,13.1263
2014/6/10,2.5314,8.8454,17.9814,,20.1624,14.9104,13.2917
2014/6/11,2.5314,8.7361,17.8391,,19.878,14.8759,13.2274
2014/6/12,2.5806,9.1734,17.768,,20.0486,14.781,13.1355
2014/6/13,2.5806,9.2231,18.1503,,20.3994,15.1432,13.2917
2014/6/16,2.5708,9.1635,18.1814,,20.4657,15.4882,13.3745
2014/6/17,2.5314,9.0442,17.9502,,20.0297,15.4968,13.0987
2014/6/18,2.5215,9.2132,17.8925,,19.9349,15.3157,12.9333
2014/6/19,2.4723,8.7063,17.6969,,19.6505,15.3071,12.7586
2014/6/20,2.4822,8.756,17.7947,,19.5652,15.5571,12.9149
2014/6/23,2.492,8.7958,17.6391,,19.5842,15.3933,12.731
2014/6/24,2.5117,8.925,17.6657,,19.9823,15.7038,12.777
2014/6/25,2.5018,8.8753,17.5235,,19.4041,15.652,12.6924
2014/6/26,2.5412,9.0442,17.648,,19.6979,15.6003,12.777
2014/6/27,2.6003,9.084,17.4771,,19.5368,15.1605,12.6736
2014/6/30,2.5806,9.1734,17.6884,,20.0297,15.3416,12.7864
2014/7/1,2.62,9.2529,17.6614,,19.9823,15.1087,12.7958
2014/7/2,2.886,9.243,17.7334,,20.1055,15.3157,12.8428
2014/7/3,2.8367,9.2231,17.7828,,20.1624,15.5227,12.8521
2014/7/4,2.7481,9.4815,17.9312,,20.6553,15.721,12.9273
2014/7/7,2.8367,9.9188,18.0032,,20.9207,15.7727,13.0588
2014/7/8,2.7973,9.8095,18.0211,,21.006,15.7641,13.04
2014/7/9,2.7087,9.889,17.8548,,20.6079,15.4537,12.8803
2014/7/10,2.7284,9.6604,17.7154,,20.3425,15.2639,12.8334
2014/7/11,2.7875,9.7797,17.7199,,20.4563,15.2467,12.8428
2014/7/14,2.817,10.0381,17.9672,,20.788,15.5916,13.0025
2014/7/15,2.817,9.9188,17.9537,,20.5876,15.6089,12.9837
2014/7/16,2.8466,9.5809,17.8593,,20.6735,15.5658,12.9461
2014/7/17,2.7875,9.6008,17.9447,,20.4444,15.4795,12.8428
2014/7/18,2.7579,9.6604,17.8997,,20.5303,15.7971,12.8428
2014/7/21,2.7579,9.9288,17.9222,,21.1221,15.9646,12.8709
2014/7/22,2.7875,9.9785,18.0841,,21.2557,16.6879,13.0494
2014/7/23,2.8072,9.899,18.4708,,22.0956,16.9349,13.2467
2014/7/24,2.8269,10.376,18.9699,,23.1455,17.1201,13.491
2014/7/25,2.8466,10.3959,19.0823,,23.3555,17.2789,13.538
2014/7/28,2.8663,10.5152,19.7073,,23.8232,17.5876,13.9419
2014/7/29,2.9451,10.535,19.7522,,23.2219,17.6317,14.0453
2014/7/30,2.9549,10.3661,19.7477,,23.346,17.5346,14.0547
2014/7/31,2.9451,10.4754,20.0625,,23.6609,17.7022,14.2332
2014/8/1,2.8761,10.3363,19.6578,,23.3841,17.3582,14.158
2014/8/4,2.9648,10.704,20.2783,,24.1668,17.8875,14.6184
2014/8/5,2.9549,10.704,19.9995,,23.9186,17.6405,14.4399
2014/8/6,3.0239,10.7239,19.6353,,23.4605,17.323,14.2708
2014/8/7,3.0042,10.3561,19.3296,,22.8687,17.0936,14.0641
2014/8/8,2.9845,10.4158,19.2531,,22.926,17.0672,14.0171
2014/8/11,2.9943,10.6543,19.5814,,23.5178,17.4376,14.3647
2014/8/12,2.9549,10.5648,19.3296,,23.2887,17.2083,14.2332
2014/8/13,3.0534,10.9922,19.6713,,24.1191,17.5346,14.4211
2014/8/14,2.9845,11.519,19.4015,,23.2887,17.3671,14.1205
2014/8/15,2.9943,11.5587,19.7162,,23.7659,18.0815,14.3929
2014/8/18,3.0239,11.509,19.6488,,23.5846,17.9933,14.4399
2014/8/19,3.0534,11.3301,19.5004,,23.3746,17.9933,14.4023
2014/8/20,3.0436,11.4693,19.2936,,23.1837,17.6405,14.252
2014/8/21,3.0042,11.2506,19.1227,,23.2314,17.6317,14.1017
2014/8/22,3.0239,11.2904,19.2666,,23.346,17.7287,14.1205
2014/8/25,2.9746,11.0518,18.9968,,22.7733,17.1289,14.0171
2014/8/26,2.886,10.5748,19.0553,,22.6588,17.1642,13.8762
2014/8/27,2.886,10.5847,19.0733,,22.8115,16.8819,13.895
2014/8/28,2.8564,10.5947,18.9294,,23.0214,16.8378,13.9607
2014/8/29,2.9155,10.7835,19.1092,,23.1455,16.9702,14.0547
2014/9/1,2.9549,10.863,19.1677,,23.4987,17.1995,14.1298
2014/9/2,2.9746,11.0121,19.3341,,23.7468,17.4641,14.2426
2014/9/3,2.9845,11.0717,19.5139,,23.8136,17.7199,14.4493
2014/9/4,3.014,11.1612,19.7747,,23.9473,17.9051,14.9472
2014/9/5,3.014,11.1314,19.8466,,24.3195,18.1256,14.9378
2014/9/9,3.0436,11.0419,19.6128,,24.1859,17.8875,14.9284
2014/9/10,3.0731,11.2506,19.406,,23.6514,17.5611,14.7781
2014/9/11,3.083,11.191,19.3431,,23.4223,17.2965,14.6184
2014/9/12,3.1519,11.3102,19.3928,,23.5082,17.3847,14.7405
2014/9/15,3.4671,11.4295,19.1124,,23.3173,17.1995,14.6184
2014/9/16,3.6346,10.9425,18.9179,,22.6683,16.8908,14.3647
2014/9/17,3.5755,10.8233,18.9541,,22.7828,17.0407,14.4587
2014/9/18,3.5262,11.0419,18.9948,,22.8115,17.0936,14.4868
2014/9/19,3.477,11.0121,19.1712,,22.9833,17.2348,14.6184
2014/9/22,3.477,10.9028,18.5561,,22.277,16.5732,14.2614
2014/9/23,3.4967,11.3401,18.6692,,22.506,16.6614,14.3459
2014/9/24,3.5459,11.4593,19.1531,,23.1551,17.1642,14.6654
2014/9/25,3.5262,11.4395,18.9722,,22.9546,17.2083,14.6747
2014/9/26,3.4967,11.5885,18.9089,,23.1073,17.0231,14.8063
2014/9/29,3.5262,11.8966,18.8139,,23.1742,17.1113,14.6841
2014/9/30,3.6346,12.2345,18.6963,,23.365,17.1201,14.609
2014/10/8,3.674,12.2345,18.936,,23.346,17.1642,14.6466
2014/10/9,3.7626,12.0755,18.9496,,23.4796,17.2524,14.7499
2014/10/10,3.9202,12.0159,18.7144,,23.2123,17.1113,14.5808
2014/10/13,3.9892,12.5029,18.4883,,22.7351,16.7937,14.2802
2014/10/14,3.9301,12.5426,18.4295,,22.8019,16.6438,14.2802
2014/10/15,3.9104,12.8011,18.7008,,23.1837,16.9702,14.5056
2014/10/16,3.7823,12.7812,18.6013,,23.5082,16.8908,14.4587
2014/10/17,3.6444,13.4173,18.6149,,23.7468,16.9525,14.3553
2014/10/20,3.7232,13.7452,18.6647,,23.8327,16.9349,14.3647
2014/10/21,4.0384,13.2185,18.5245,,23.575,16.7408,14.2614
2014/10/22,4.0384,13.3377,18.7325,,24.854,16.9172,14.3459
2014/10/23,4.0384,13.3676,18.6059,,25.2549,16.8555,14.205
2014/10/24,4.0384,12.6122,18.5742,,25.0735,16.8819,14.3553
2014/10/27,4.0384,12.4333,18.14,,24.6249,16.5203,13.9419
2014/10/28,4.0384,12.8806,18.4114,,25.5698,16.9437,14.1298
2014/10/29,4.0384,13.3477,19.0174,,26.2284,17.1907,14.4962
2014/10/30,4.0384,13.5365,19.0129,,26.4002,17.0495,14.4962
2014/10/31,4.0384,14.103,19.4471,,28.1087,17.614,15.1821
2014/11/3,4.0384,14.1328,19.3928,,27.536,17.3582,14.9848
2014/11/4,4.0384,13.785,19.239,,27.2974,17.3141,14.8814
2014/11/5,4.0384,13.8645,19.2255,,28.0705,17.4376,14.9284
2014/11/6,4.0384,13.944,19.0581,,27.0492,17.3318,14.8251
2014/11/7,4.0384,13.9043,19.0581,,27.5742,17.7199,14.9284
2014/11/10,4.0384,13.9142,19.4154,,28.0323,17.9668,15.5297
2014/11/11,4.0384,13.1887,19.4697,,27.6887,18.205,15.6142
2014/11/12,4.0384,13.3377,19.8134,,27.5074,18.3461,15.7645
2014/11/13,4.0384,13.785,20.035,,28.5955,18.646,15.9806
2014/11/14,4.0384,13.4471,20.139,,28.0514,18.8136,15.9524
2014/11/17,4.0384,13.2781,19.6461,,27.3069,18.1256,15.5203
2014/11/18,4.0384,13.3179,19.2571,,27.0206,17.6052,15.2572
2014/11/19,4.0384,13.3576,19.2526,,27.0779,17.6052,15.1821
2014/11/20,4.0384,13.5663,19.4064,,28.395,18.055,15.6612
2014/11/21,4.0384,13.9937,19.8903,,30.2276,18.6019,16.1779
2014/11/24,4.0384,14.5801,20.736,,32.8428,19.9073,17.4838
2014/11/25,4.0384,14.7093,20.745,,33.4345,19.7662,17.7563
2014/11/26,4.0384,15.405,21.6541,,36.7751,21.1333,19.5037
2014/11/27,4.0384,16.9455,22.0883,,40.4498,21.6802,20.6499
2014/11/28,4.0384,18.645,22.4455,,39.9821,21.2744,21.2323
2014/12/1,4.0384,17.7008,22.9521,,39.0467,20.8952,20.4714
2014/12/2,4.0384,19.4699,24.5531,,41.0415,21.9536,22.1436
2014/12/3,4.0384,19.1618,24.8787,,38.5981,21.3803,21.7491
2014/12/4,4.0384,20.6924,27.1309,,41.9578,23.5148,23.8629
2014/12/5,4.0384,19.2314,26.742,,40.4689,23.5324,24.2575
2014/12/8,4.0384,19.1121,29.3198,,41.9769,24.8555,25.6291
2014/12/9,4.0384,17.2039,26.8279,,37.7773,22.3681,23.0643
2014/12/10,4.0384,17.4325,26.9726,,36.8419,22.3858,22.6885
2014/12/11,4.0384,17.1145,25.6973,,35.6202,21.3715,21.4108
2014/12/12,4.0384,17.8201,25.8103,,36.3265,21.6449,21.7679
2014/12/15,4.0384,18.2673,26.2264,,36.6224,21.9448,21.9276
2014/12/16,4.0384,19.3507,28.5374,,40.2875,23.3295,23.5717
2014/12/17,4.0384,18.7046,28.8178,,41.0225,23.5236,23.8629
2014/12/18,4.0384,18.2276,29.7314,,41.6142,23.6383,24.0038
2014/12/19,4.0384,17.4226,29.3741,,40.4116,23.4883,23.5059
2014/12/22,4.0384,16.6772,29.7812,,40.1825,23.8323,24.0132
2014/12/23,4.0384,17.1741,29.5641,,41.0511,24.1851,25.2158
2014/12/24,4.0384,16.8958,27.4565,,38.2164,22.6327,23.8065
2014/12/25,4.0384,17.5021,28.6776,,40.6598,24.4056,26.1834
2014/12/26,4.0384,18.4661,30.6676,,44.7257,26.3902,28.8046
2014/12/29,4.0384,19.6488,32.1012,,47.6273,28.1542,31.6888
2014/12/30,4.0384,19.6488,32.9153,,47.236,28.1983,31.9707
2014/12/31,4.0384,19.6488,33.7882,,47.3028,28.4894,32.0834
2015/1/5,4.0384,19.6488,34.4439,,47.3505,29.3538,32.027
2015/1/6,4.0384,19.6488,33.3449,,45.0407,27.6603,30.4393
2015/1/7,4.0384,19.6488,33.2002,,45.4989,27.5456,31.0594
2015/1/8,4.0384,19.6488,32.1465,,43.275,26.4872,30.0447
2015/1/9,4.0384,19.6488,32.9424,,44.678,27.2722,31.8297
2015/1/12,4.0384,19.6488,33.9962,,44.6494,27.4574,32.7128
2015/1/13,4.0384,19.6488,33.9736,,43.4277,27.2105,32.027
2015/1/14,4.0384,19.6488,33.3992,,43.2559,27.3428,30.9372
2015/1/15,4.0384,19.6488,35.6695,,47.5796,29.5919,33.9999
2015/1/16,4.4423,19.6488,35.4072,,50.2425,29.7507,34.573
2015/1/19,4.8855,19.6488,31.8661,,50.2425,26.7783,31.1157
2015/1/20,5.378,19.6488,31.9384,,50.2425,26.5754,32.3183
2015/1/21,5.9197,19.6488,34.9866,,50.2425,29.2303,35.5501
2015/1/22,6.5107,21.6167,34.1319,,50.2425,29.5302,36.856
2015/1/23,7.1608,23.7833,34.7334,,50.2425,32.1586,37.8049
2015/1/26,7.8798,26.1587,34.1952,,50.2425,32.5996,37.213
2015/1/27,8.6678,25.3835,33.449,,50.2425,32.0439,38.1713
2015/1/28,9.5346,24.6877,32.6937,,50.2425,30.6504,36.5459
2015/1/29,9.0323,24.5685,31.9068,,50.2425,31.0208,35.7004
2015/1/30,8.1359,23.1373,31.3369,,50.2425,29.4684,33.8966
2015/2/2,8.2147,23.4653,29.9485,,50.2425,28.163,31.6418
2015/2/3,8.4216,24.5287,31.2374,,50.2425,29.98,34.4979
2015/2/4,8.1162,23.505,30.5274,,50.2425,28.8775,33.906
2015/2/5,7.8404,22.3522,29.8219,,50.2425,28.1101,33.1074
2015/2/6,7.8995,22.3522,29.9892,,50.2425,27.4839,32.7128
2015/2/9,7.9586,22.3522,30.7535,,50.2425,28.2953,34.6482
2015/2/10,7.6828,22.3522,30.9751,,50.2425,28.9039,35.0428
2015/2/11,7.9882,20.1159,31.7259,,50.2425,29.5743,36.0198
2015/2/12,7.998,20.7421,31.6128,,50.2425,29.6537,36.4144
2015/2/13,8.2935,20.752,31.6218,,50.2425,29.345,35.8225
2015/2/16,8.264,20.6526,31.7982,,50.2425,29.4155,35.644
2015/2/17,8.0768,21.4577,31.9203,,50.2425,30.7033,36.0386
2015/2/25,8.1162,20.9806,30.8259,,50.2425,29.3802,34.4321
2015/2/26,8.1458,21.4378,31.5992,,50.2425,30.765,35.5877
2015/2/27,8.3329,21.239,31.7847,,50.2425,30.3505,35.1931
2015/3/2,8.9338,21.9148,31.6128,,48.9349,30.1564,34.9864
2015/3/3,8.9535,21.3682,30.3555,,47.9327,28.4982,33.455
2015/3/4,8.8648,21.7558,30.2741,,47.2837,28.7716,33.4926
2015/3/5,9.1603,21.4775,29.4691,,47.7227,28.216,32.9853
2015/3/6,8.6481,20.9905,29.3877,,45.0312,27.8279,32.8068
2015/3/9,8.7959,21.1595,29.9937,,46.1861,28.3835,33.7745
2015/3/10,8.7171,21.1496,29.7133,,44.8498,27.7044,33.0135
2015/3/11,9.0224,21.4577,29.9485,,46.2147,27.9866,33.3893
2015/3/12,9.0815,23.3361,31.1153,,50.5193,29.0186,34.8737
2015/3/13,9.0717,23.674,31.1786,,49.5362,28.8863,34.4509
2015/3/16,9.4755,25.0157,33.2274,,53.5449,29.883,35.4843
2015/3/17,9.8498,24.6381,33.7836,,53.2586,29.8389,35.2401
2015/3/18,10.8348,24.807,35.0138,,54.2226,30.3416,35.691
2015/3/19,11.1007,23.9523,34.2495,,52.1037,29.4067,34.6952
2015/3/20,11.2288,24.489,35.4615,,52.3041,29.9006,35.4467
2015/3/23,11.1303,24.6381,35.2535,,52.6191,30.077,36.1232
2015/3/24,10.7067,25.2741,34.254,,53.8122,29.4684,35.2119
2015/3/25,10.8348,26.2978,33.9555,,51.5692,28.4276,34.0657
2015/3/26,10.953,25.1449,35.3394,,50.4716,28.4806,34.2442
2015/3/27,10.7954,24.3995,34.6972,,49.7844,28.3042,34.0751
2015/3/30,10.4309,24.8269,36.1625,,51.5787,29.6537,34.9958
2015/3/31,10.5787,24.6977,35.3846,,50.5956,29.9006,34.8079
2015/4/1,10.6378,24.9462,35.7962,,51.4165,30.3946,35.5125
2015/4/2,10.9628,24.7176,35.2851,,51.0442,29.9977,35.287
2015/4/3,10.9333,25.7512,35.5972,,52.3518,30.077,35.334
2015/4/7,11.3568,26.9836,36.6464,,53.1154,30.6768,36.715
2015/4/8,11.0416,26.6059,37.2705,,54.5184,31.4442,38.2934
2015/4/9,10.8348,26.9041,36.8318,,54.0603,30.9238,37.4385
2015/4/10,10.9628,26.8345,38.9575,,55.2438,31.6382,38.6974
2015/4/13,11.5243,28.1663,38.9891,,54.3371,31.5677,38.4437
2015/4/14,11.15,27.3513,38.2926,,52.5618,30.7121,37.1284
2015/4/15,10.1354,25.7214,38.2429,,51.2924,30.3152,36.2077
2015/4/16,9.9779,26.4171,41.065,,52.9341,31.6294,37.3163
2015/4/17,10.096,26.268,40.667,,52.8577,31.9205,37.0627
2015/4/20,9.5543,25.135,38.6861,,50.2043,30.0594,35.2119
2015/4/21,10.3226,26.0891,39.7941,,51.531,30.7033,36.2829
2015/4/22,11.3568,27.4209,40.7529,,53.6785,32.5555,37.5794
2015/4/23,12.4896,28.0967,39.8439,,52.6382,31.9381,36.6963
2015/4/24,13.0608,27.3215,38.3831,,50.5479,30.6768,35.5031
2015/4/27,12.8146,27.8383,39.0389,,51.0729,31.5765,36.0762
2015/4/28,12.9328,30.6212,38.9258,,51.2542,31.7882,37.1942
2015/4/29,14.2231,29.9851,39.6177,,50.5479,31.4089,36.3111
2015/4/30,13.8094,32.5393,40.0971,,51.3783,30.7121,35.7568
2015/5/4,14.0458,35.7793,40.9157,,56.5133,31.797,37.2224
2015/5/5,13.6518,35.0439,38.962,,57.2864,30.7474,36.2923
2015/5/6,13.839,33.891,40.0564,,61.5719,32.1322,38.4813
2015/5/7,12.46,31.6548,39.369,,59.348,30.5092,36.1701
2015/5/8,12.854,33.5829,39.3012,,58.0404,30.3769,36.0198
2015/5/11,13.6617,35.1433,40.1243,,62.6409,31.303,36.9123
2015/5/12,13.5533,34.7159,40.2283,,61.4764,31.3648,36.762
2015/5/13,13.1987,38.1845,39.3554,,59.8634,30.8268,36.095
2015/5/14,13.5829,37.5783,39.0343,,60.4933,30.7297,36.0668
2015/5/15,13.1396,36.2862,38.175,,57.5536,29.5037,34.6952
2015/5/18,13.1199,36.2763,37.2705,,56.3701,28.7099,33.4456
2015/5/19,13.4056,37.5186,38.6409,,59.2239,29.6801,34.6576
2015/5/20,13.4647,37.7969,38.6997,,58.6703,29.4949,34.3757
2015/5/21,14.8141,40.868,39.1655,,58.7944,29.5655,34.4509
2015/5/22,14.8141,39.7449,40.5042,,62.5836,30.4475,35.3622
2015/5/25,14.952,39.7648,41.4177,,64.378,31.3824,36.4426
2015/5/26,15.937,40.4307,42.1368,,64.0153,31.7176,36.3862
2015/5/27,15.7892,39.1983,41.1826,,62.555,31.303,35.9447
2015/5/28,14.3019,35.2824,38.5414,,56.876,28.9833,33.5678
2015/5/29,13.8981,34.9246,38.6409,,56.1315,28.4276,33.1262
2015/6/1,14.6368,36.485,39.5318,,59.1857,29.5566,34.2348
2015/6/2,14.824,36.485,39.066,,58.6321,29.2832,33.9248
2015/6/3,15.3164,36.485,38.6861,,59.8252,29.6184,34.1127
2015/6/4,15.4149,36.485,39.8032,,61.8487,30.0329,34.7046
2015/6/5,16.6954,36.485,39.3238,,60.7892,29.9006,34.3851
2015/6/8,16.5969,36.485,41.6032,,66.8691,31.4618,36.1514
2015/6/9,16.0946,36.485,40.4273,,64.4257,30.7562,35.5219
2015/6/10,15.9468,36.485,40.0022,,63.0608,30.6856,35.2776
2015/6/11,16.2325,36.485,40.8208,,63.7003,30.6856,35.4561
2015/6/12,16.6757,36.485,40.7846,,62.5072,30.3593,35.0004
2015/6/15,15.7794,36.485,39.3373,,59.6343,29.1421,33.8229
2015/6/16,14.9028,36.485,39.1203,,58.7849,28.6482,33.1393
2015/6/17,15.0702,36.485,39.3464,,59.2335,28.8157,33.3007
2015/6/18,14.7649,36.485,37.9715,,56.2365,27.3251,31.7434
2015/6/19,13.3366,36.485,36.3796,,53.4017,25.6405,29.455
2015/6/23,13.573,36.485,38.1841,,56.8091,27.1311,30.8603
2015/6/24,13.7602,36.485,38.3831,,56.8855,27.2722,30.8888
2015/6/25,12.7752,36.485,37.2796,,55.9024,26.152,29.455
2015/6/26,11.4947,36.485,35.0228,,52.915,24.7496,27.309
2015/6/29,10.3423,36.485,34.6067,,54.3753,24.8643,27.4989
2015/6/30,10.9234,36.485,37.058,,58.279,26.6195,29.7399
2015/7/1,9.9483,36.485,35.5746,,54.1462,25.1642,28.1731
2015/7/2,8.9535,36.485,35.1901,,50.9774,24.4674,26.7773
2015/7/3,8.0571,36.485,33.6841,,48.0663,24.2204,26.5019
2015/7/6,7.3775,36.485,35.3711,,51.0729,25.8962,29.1511
2015/7/7,6.6388,36.485,38.9077,,53.4399,27.7044,32.0663
2015/7/8,6.6388,36.485,35.0319,,48.095,25.1906,32.5695
2015/7/9,6.6388,36.485,36.3615,,51.1397,26.496,33.8039
2015/7/10,6.6388,36.485,37.171,,53.2777,27.4486,34.2597
2015/7/13,7.2987,36.485,36.4655,,51.7696,26.8488,32.3701
2015/7/14,8.0276,36.485,35.561,,49.2976,25.7022,31.525
2015/7/15,7.8601,36.485,35.7419,,47.3219,25.8257,32.0283
2015/7/16,8.2443,36.485,35.4886,,47.1023,25.6316,31.1262
2015/7/17,9.0717,36.485,36.3886,,48.8108,25.9996,31.3161
2015/7/20,9.2982,36.485,36.6736,,47.8564,25.6316,31.3541
2015/7/21,9.3179,36.485,36.4293,,46.9973,25.7034,30.7464
2015/7/22,9.3376,36.485,35.8414,,46.5106,25.2098,29.8538
2015/7/23,9.8498,36.485,37.3429,,48.9635,25.7663,30.4615
2015/7/24,9.446,36.485,36.461,,47.0164,25.138,29.4835
2015/7/27,8.5004,36.485,33.2754,,42.311,22.6251,26.5399
2015/7/28,7.998,36.485,31.9466,,42.2823,22.8405,26.4259
2015/7/29,8.5496,36.485,31.801,,42.2346,23.0918,26.9482
2015/7/30,8.0571,36.485,31.2276,,41.681,22.6072,26.5779
2015/7/31,7.7419,36.485,30.372,,41.0415,22.3649,26.8153
2015/8/3,7.2593,36.485,30.3629,,41.8337,22.7867,27.5179
2015/8/4,7.9882,36.485,31.1366,,42.7118,23.1187,27.7363
2015/8/5,7.87,36.485,30.2992,,41.2706,22.4008,26.7678
2015/8/6,8.3132,36.485,29.9351,,40.6789,22.0956,26.4734
2015/8/7,8.5792,36.485,30.8453,,41.9865,22.5264,26.7678
2015/8/10,8.9141,36.485,31.9375,,44.3631,23.4957,27.8028
2015/8/11,8.9929,36.485,31.7373,,43.4372,23.2534,27.3375
2015/8/12,8.7762,36.485,30.7543,,42.5496,22.8674,26.6633
2015/8/13,9.0421,36.485,31.0091,,42.8073,22.9572,26.8912
2015/8/14,9.9483,36.485,30.8453,,42.7405,22.7239,26.6728
2015/8/17,9.9089,36.485,30.008,,41.3661,22.2302,25.7708
2015/8/18,8.9141,36.485,28.4789,,39.1708,21.0546,24.7452
2015/8/19,9.2785,36.485,28.5881,,39.1804,21.2161,24.7642
2015/8/20,8.8648,36.485,27.8054,,37.9812,20.7853,23.8147
2015/8/21,8.2837,36.485,26.7496,,35.295,19.7712,22.3239
2015/8/24,7.4563,36.485,24.0737,,31.7645,17.8147,20.9186
2015/8/25,6.7077,36.485,22.8541,,29.0783,17.0608,20.2729
2015/8/26,6.3433,36.485,23.9918,,30.383,18.075,20.8426
2015/8/27,6.7274,36.485,26.3946,,33.4242,19.7173,22.9316
2015/8/28,7.3972,36.485,26.9862,,35.4197,20.0135,23.5298
2015/8/31,7.1017,36.485,27.5687,,37.0026,20.2917,24.1565
2015/9/1,6.3925,36.485,27.4504,,36.4654,20.3725,24.7357
2015/9/2,5.9493,36.485,27.2866,,35.8706,20.5789,25.0966
2015/9/7,6.1561,36.485,26.2854,,34.326,19.6007,23.2924
2015/9/8,6.6191,36.485,27.0863,,35.8802,19.9956,24.1755
2015/9/9,6.9441,36.485,27.6724,,36.2831,20.4802,24.2895
2015/9/10,7.3283,36.485,27.7182,,35.3429,20.6417,24.1185
2015/9/11,7.2396,32.8365,27.3244,,35.4101,20.4533,23.7767
2015/9/14,6.5206,29.5558,27.5991,,34.9784,20.9469,24.9351
2015/9/15,6.166,26.6032,26.9765,,33.3474,20.7046,25.5619
2015/9/16,6.7865,23.9389,27.9746,,35.458,21.4494,26.0461
2015/9/17,6.5994,22.9647,27.709,,34.7673,21.0276,25.1156
2015/9/18,6.8161,22.0898,27.9929,,35.6499,21.2341,24.9636
2015/9/21,7.1805,22.1892,28.35,,35.9281,21.1353,24.9351
2015/9/22,7.1313,21.9109,29.0917,,37.6934,21.4046,25.6568
2015/9/23,7.0229,21.0659,28.176,,36.3886,20.6507,25.1346
2015/9/24,7.2002,21.8711,28.5148,,36.8012,20.5969,25.0966
2015/9/25,6.8949,20.7676,28.5973,,36.5997,20.3904,25.0586
2015/9/28,7.0426,21.5828,28.2951,,36.2639,20.3545,24.8212
2015/9/29,7.1411,20.9565,27.4068,,34.6042,19.834,24.4224
2015/9/30,7.2298,21.3542,27.3427,,34.374,19.9148,24.242
2015/10/8,7.4563,21.8612,28.1119,,35.4772,20.4263,24.5933
2015/10/9,7.6139,22.408,29.0093,,36.9834,21.5033,25.0776
2015/10/12,7.9389,23.7302,29.8884,,38.5664,21.8982,25.5429
2015/10/13,7.9586,23.8594,29.4855,,38.6719,21.9251,25.4574
2015/10/14,7.6828,23.4916,29.0093,,37.1945,21.4135,25.144
2015/10/15,7.8798,24.2173,29.7236,,38.2882,21.7366,25.4479
2015/10/16,8.6678,25.4003,30.0257,,39.4586,22.1854,25.7802
2015/10/19,8.3723,25.0921,30.3737,,40.3028,22.2661,26.0081
2015/10/20,8.9929,24.8038,30.1356,,40.4084,22.3379,25.9037
2015/10/21,8.0965,22.3284,30.0807,,40.9552,22.6162,25.8087
2015/10/22,8.5201,22.7957,30.0898,,41.6747,22.302,25.7233
2015/10/23,8.8648,23.9886,30.8865,,42.7588,22.7687,26.0366
2015/10/26,9.18,24.5553,30.74,,42.7972,22.9123,26.1506
2015/10/27,9.9188,25.291,31.4725,,42.4902,22.7956,26.217
2015/10/28,9.6627,25.4301,30.7217,,40.7921,22.2572,25.5334
2015/10/29,10.559,26.1062,30.566,,40.2932,22.1046,25.2295
2015/10/30,9.8203,25.1319,30.6667,,40.7729,22.1315,25.1535
2015/11/2,8.9633,23.8395,30.2364,,39.4682,22.2213,24.3369
2015/11/3,9.1012,24.4857,30.2364,,39.2955,22.4367,24.4319
2015/11/4,9.7119,26.4839,32.0494,,43.2289,24.3034,26.8722
2015/11/5,9.7612,27.1997,32.3425,,45.5026,24.1418,27.3755
2015/11/6,9.8991,27.8857,33.1391,,48.3231,24.9406,28.439
2015/11/9,9.9089,28.343,33.3772,,47.7187,24.7252,28.344
2015/11/10,9.9089,28.343,33.1941,,47.6036,24.3483,27.8788
2015/11/11,9.9188,28.343,32.8186,,47.4597,24.2944,27.5274
2015/11/12,10.5393,28.343,32.4432,,45.8863,24.0521,27.1571
2015/11/13,10.3423,28.343,32.0952,,45.9439,23.8098,26.8722
2015/11/16,10.3915,28.343,32.1593,,45.8863,23.5405,26.7203
2015/11/17,10.3915,28.343,32.2875,,45.7232,23.729,26.9957
2015/11/18,10.0763,28.343,31.9396,,45.0996,23.72,26.5019
2015/11/19,10.2339,28.343,32.3333,,46.3276,24.2675,26.8437
2015/11/20,10.2339,28.343,32.0861,,45.7232,24.3034,26.7868
2015/11/23,10.5393,28.343,32.022,,45.9918,24.1418,26.7488
2015/11/24,10.8643,28.343,32.022,,46.0686,24.1957,26.7298
2015/11/25,10.884,28.343,32.0861,,46.7018,24.2495,26.7583
2015/11/26,10.7461,31.1763,32.0769,,46.107,24.2585,26.6633
2015/11/27,9.9779,34.2184,30.9872,,42.778,23.6841,25.258
2015/11/30,10.2044,31.8622,30.9506,,42.2216,23.747,24.9826
2015/12/1,10.0862,30.7886,31.2436,,42.778,24.0252,25.3719
2015/12/2,10.3423,32.5581,32.9743,,47.0567,25.7932,27.9072
2015/12/3,10.5885,32.0809,32.9377,,49.7046,25.9817,28.1161
2015/12/4,10.362,30.9576,32.0037,,47.642,24.9675,27.0242
2015/12/7,10.4211,31.385,31.8114,,47.0567,24.6803,26.6348
2015/12/8,10.6673,29.9038,31.5183,,45.8575,24.2495,26.4449
2015/12/9,10.5196,29.8541,31.5366,,47.6036,24.2854,26.7203
2015/12/10,10.096,29.9336,31.5824,,46.0878,24.2854,26.5494
2015/12/11,9.9286,29.1979,31.6557,,45.7136,24.4201,26.1506
2015/12/14,9.9976,31.1067,32.6172,,50.2898,25.3893,27.9737
2015/12/15,9.9483,30.8383,32.2875,,49.1002,24.7701,27.2426
2015/12/16,10.5787,30.9377,32.2417,,48.9371,24.797,27.0716
2015/12/17,10.6772,31.4149,32.5164,,49.7238,24.9765,27.3945
2015/12/18,10.5393,31.1564,32.7728,,49.7813,25.0393,27.328
2015/12/21,11.0712,30.4406,33.7893,,52.1222,25.7304,28.1731
2015/12/22,10.9628,29.3272,33.8167,,52.1606,26.2599,28.1826
2015/12/23,10.7954,29.7049,33.8625,,52.928,26.556,28.2966
2015/12/24,10.6378,29.8143,33.8076,,52.9568,26.7445,28.8853
2015/12/25,10.7363,29.9634,33.7893,,52.1606,27.283,28.5339
2015/12/28,10.4506,28.4722,32.6904,,49.9636,26.2329,27.4799
2015/12/29,10.5393,28.9395,33.1025,,50.4913,26.1701,27.5274
2015/12/30,10.7855,28.8699,32.7454,,50.0979,25.865,27.1001
2015/12/31,10.5984,28.9395,32.9651,,50.0883,25.9009,26.8817
2016/1/4,9.7119,26.0465,31.1795,,45.09,24.4111,24.9446
2016/1/5,9.4066,25.5693,31.5916,,46.107,24.8419,25.4954
2016/1/6,9.5543,25.957,31.6191,,46.1549,25.1021,25.5619
2016/1/7,8.5989,24.0185,30.9231,,41.7994,22.9572,23.7672
2016/1/8,8.5398,26.4243,31.0788,,43.5359,23.8277,24.1565
2016/1/11,7.6828,24.8933,29.3298,,40.4371,22.8046,22.4473
2016/1/12,7.6927,26.1559,29.4946,,40.7345,23.2623,22.6277
2016/1/13,7.1411,25.0424,29.2932,,39.5737,23.0828,22.153
2016/1/14,7.3972,25.5693,29.2932,,40.3796,23.37,22.5043
2016/1/15,6.9244,24.2769,28.5698,,37.6934,22.9662,22.077
2016/1/18,7.1116,24.6945,28.4507,,37.6934,22.5354,22.058
2016/1/19,7.4859,25.6091,28.8536,,39.2667,22.67,22.6847
2016/1/20,7.7813,25.122,27.9563,,38.1443,21.7097,21.8586
2016/1/21,7.4662,25.122,27.6083,,36.782,21.4405,21.1749
2016/1/22,7.7616,25.122,27.6724,,37.5495,21.4674,21.1275
2016/1/25,7.9488,25.122,27.709,,37.7221,21.3597,21.1275
2016/1/26,7.1707,25.122,26.7659,,35.1319,20.2289,19.7126
2016/1/27,7.0623,25.122,26.7567,,34.2205,20.2379,19.2948
2016/1/28,6.8555,25.122,26.83,,33.7216,20.175,18.8485
2016/1/29,7.3578,25.122,27.6358,,35.3237,20.884,19.4088
2016/2/1,7.0229,25.122,27.0406,,34.4411,20.6148,18.8106
2016/2/2,7.2199,25.122,27.4435,,35.3813,20.902,19.0764
2016/2/3,7.2889,25.122,27.1413,,34.8249,20.4443,18.7441
2016/2/4,7.3874,25.122,27.2054,,35.5156,20.7135,18.991
2016/2/5,7.476,25.122,27.1596,,35.2374,20.5789,18.8865
2016/2/15,7.2692,25.122,26.949,,34.892,20.2109,18.6681
2016/2/16,7.5055,25.122,27.5808,,36.2927,20.8392,19.3708
2016/2/17,8.2541,25.122,27.5076,,36.5421,20.8481,19.4942
2016/2/18,8.2541,25.122,27.3885,,36.2255,21.0815,19.2474
2016/2/19,8.2541,25.122,27.3977,,36.3119,20.9558,19.1619
2016/2/22,8.2541,25.122,28.3592,,38.48,21.7097,21.08
2016/2/23,8.2541,25.122,27.9288,,37.6262,21.3418,20.5103
2016/2/24,8.2541,25.122,27.8464,,37.6838,21.4046,21.0135
2016/2/25,8.2541,25.122,26.5186,,34.2397,20.5161,19.2379
2016/2/26,8.2541,25.122,26.6468,,34.2684,20.9917,19.5132
2016/2/29,8.2541,25.122,26.5644,,32.4456,21.0994,18.877
2016/3/1,8.2541,25.122,26.7933,,33.4434,21.3597,19.6272
2016/3/2,8.2541,25.122,27.6358,,35.0071,21.97,20.6527
2016/3/3,8.2541,25.122,27.8189,,35.2758,22.0597,20.985
2016/3/4,8.2541,25.122,28.8903,,36.2639,22.5803,21.5643
2016/3/7,8.2541,25.122,28.4324,,36.2159,22.0687,21.2319
2016/3/8,8.2541,25.122,28.6614,,35.8898,22.2302,21.0705
2016/3/9,8.2541,25.122,28.7346,,34.9784,22.5085,20.8996
2016/3/10,8.2541,25.122,28.1486,,34.0478,21.8802,20.3014
2016/3/11,7.4957,25.122,28.4233,,34.2684,22.1046,20.5577
2016/3/14,7.6828,25.122,28.4874,,34.9592,21.979,20.8141
2016/3/15,7.3874,25.122,28.7163,,35.3621,22.2302,22.134
2016/3/16,7.0919,25.122,29.4214,,35.4676,22.8046,22.0295
2016/3/17,7.2692,25.122,29.3023,,36.1008,22.5174,21.9536
2016/3/18,7.7518,25.122,29.4122,,36.9163,22.5623,21.9821
2016/3/21,8.0965,25.122,30.0624,,39.2187,23.37,22.7607
2016/3/22,7.9685,26.9412,29.3939,,37.9044,23.2444,22.2099
2016/3/23,8.0571,26.2851,29.5404,,38.5472,23.5046,22.5708
2016/3/24,7.7616,25.2611,29.1192,,37.3192,23.1367,22.153
2016/3/25,7.9783,25.7781,29.3573,,38.2786,23.5944,22.6277
2016/3/28,7.8306,25.3108,28.8079,,37.6454,23.02,22.2099
2016/3/29,7.673,24.7839,28.6156,,37.8181,22.8944,22.191
2016/3/30,7.8995,25.2413,29.2932,,39.2571,23.6213,22.8746
2016/3/31,7.8404,25.0126,29.1284,,38.9213,23.5405,22.6562
2016/4/1,7.8306,24.3167,29.2291,,38.5184,23.6662,22.7607
2016/4/5,7.9882,24.9629,29.3023,,38.9501,23.72,22.8272
2016/4/6,7.9488,24.7541,29.0643,,38.5184,23.4598,22.5898
2016/4/7,7.9586,24.3565,28.7255,,37.6838,23.3162,22.1435
2016/4/8,7.7715,23.5711,28.5332,,37.1369,23.3252,21.7921
2016/4/11,7.8897,24.0483,28.8536,,37.7989,23.3341,22.058
2016/4/12,7.7912,24.2073,28.8903,,37.9524,23.3341,21.9536
2016/4/13,7.9094,24.6149,29.2199,,38.576,23.5585,22.2764
2016/4/14,7.9587,24.4658,29.3207,,38.787,23.5944,22.4948
2016/4/15,8.511,24.5752,29.2932,,38.7007,23.7649,22.3334
2016/4/18,8.9252,24.1079,29.11,,37.9044,23.7559,22.001
2016/4/19,8.7082,24.3565,29.2382,,37.8756,23.9085,21.9536
2016/4/20,8.2743,23.5114,29.4946,,37.5495,24.5996,21.9536
2016/4/21,8.1855,23.5512,29.5038,,37.5111,24.7342,21.2889
2016/4/22,8.225,23.6904,29.6869,,37.9236,24.8149,21.118
2016/4/25,8.1658,24.1179,29.5954,,38.3649,24.9226,20.7951
2016/4/26,8.5011,24.1378,29.6595,,38.5184,24.9406,20.8996
2016/4/27,8.6293,24.0781,29.5404,,38.3841,24.8867,20.8426
2016/4/28,8.4321,23.8495,29.4763,,38.4609,24.8778,20.7002
2016/4/29,8.4814,24.2073,29.339,,38.2786,24.779,20.5957
2016/5/3,8.6786,24.5454,29.2199,,38.3745,24.5098,20.966
2016/5/4,8.58,24.4161,29.2382,,38.269,24.4829,20.9091
2016/5/5,8.511,24.2272,29.2566,,38.1634,24.429,20.8616
2016/5/6,8.1461,23.1734,28.7529,,37.1273,23.4328,20.0545
2016/5/9,7.8798,21.4115,28.5332,,36.9834,23.2982,19.4373
2016/5/10,7.9291,22.2178,28.5606,,36.7436,23.1457,19.2379
2016/5/11,7.8009,21.6903,28.6156,,37.0026,23.1816,19.5227
2016/5/12,7.722,21.2025,29.0368,,37.7221,23.8636,19.988
2016/5/13,7.5938,20.9736,29.0459,,37.8277,23.8636,19.6936
2016/5/16,7.6924,20.9238,28.9452,,37.9716,23.738,19.6462
2016/5/17,7.6135,20.7048,28.8536,,38.0867,23.729,19.6841
2016/5/18,7.2684,19.7293,29.1284,,38.6623,24.1777,19.7126
2016/5/19,7.1993,19.5401,29.1467,,38.6623,24.1508,19.5322
2016/5/20,7.2684,19.361,29.1375,,38.7391,24.1957,19.6082
2016/5/23,7.3473,19.9184,29.1467,,38.3745,24.1059,19.6367
2016/5/24,7.3571,19.7492,28.9727,,37.7893,23.7739,19.5132
2016/5/25,7.2585,19.5103,28.9452,,37.655,23.8547,19.4468
2016/5/26,7.2881,19.3411,28.9635,,37.9812,23.8816,19.6746
2016/5/27,7.2881,19.3212,28.9361,,37.8948,23.9265,19.5702
2016/5/30,7.219,18.9429,29.2199,,38.1634,24.1239,19.7031
2016/5/31,7.5839,20.0578,29.9616,,40.5619,24.4919,20.5292
2016/6/1,7.6135,19.8885,29.5679,,40.2549,24.2675,20.5103
2016/6/2,7.6628,19.9284,29.4946,,40.2836,24.1508,20.5103
2016/6/3,7.6431,20.0777,29.6137,,40.3028,24.3034,20.5577
2016/6/6,7.5642,20.1374,29.4031,,39.7848,24.2944,20.3014
2016/6/7,7.5248,19.8786,29.4305,,40.015,24.3034,20.3108
2016/6/8,7.5642,19.8786,29.4397,,39.5161,24.2585,20.3868
2016/6/13,7.1007,18.5646,29.1192,,37.9524,24.1149,19.6367
2016/6/14,7.1796,18.3556,29.284,,38.4704,24.1688,19.7791
2016/6/15,7.3177,18.5845,29.284,,38.7774,24.1329,19.8836
2016/6/16,7.2486,18.4551,29.2749,,38.1539,24.1957,19.7411
2016/6/17,7.4952,18.3954,29.284,,38.4225,24.3213,19.7605
2016/6/20,7.3768,18.3755,29.4122,,38.4225,24.3303,19.7896
2016/6/21,7.2684,18.4054,29.3573,,38.4417,24.3213,19.7605
2016/6/22,7.6037,18.4253,29.3756,,38.6431,24.2316,19.964
2016/6/23,7.505,18.3456,29.3023,,38.4321,23.9713,19.9156
2016/6/24,7.3966,18.3357,28.8903,,37.8181,23.9803,20.1288
2016/6/27,7.4952,18.4551,29.0093,,38.173,23.9803,20.0125
2016/6/28,7.5445,18.8533,29.165,,38.5088,23.9893,20.0706
2016/6/29,7.5445,19.8089,29.4489,,39.0173,24.1418,20.2741
2016/6/30,7.6234,19.779,29.339,,38.7583,24.2675,20.1772
2016/7/1,7.5642,19.5103,29.4672,,38.9597,24.2585,20.1869
2016/7/4,7.7023,19.9582,29.7052,,39.7368,24.6175,20.6715
2016/7/5,7.8009,20.0179,29.6867,,39.4586,24.3393,20.6715
2016/7/6,7.8798,20.0379,29.6127,,39.3722,24.1149,20.5455
2016/7/7,8.1461,20.4161,29.5757,,39.1228,24.1508,20.6909
2016/7/8,8.0376,20.0876,29.4183,,38.8926,23.9893,20.497
2016/7/11,7.9488,19.8985,29.4275,,39.1324,24.0611,20.468
2016/7/12,8.1658,20.1374,30.0015,,40.7729,24.4739,20.7587
2016/7/13,8.1658,20.9636,30.0478,,40.8593,24.5457,21.001
2016/7/14,8.0869,20.6749,30.0755,,40.6194,24.5726,20.9332
2016/7/15,8.0277,20.4062,30.1681,,40.4275,24.6265,21.0204
2016/7/18,8.0573,20.0677,30.2607,,40.1877,24.6085,20.9719
2016/7/19,8.0179,20.2071,29.9737,,39.6121,24.3483,20.6715
2016/7/20,8.1954,20.0578,29.9089,,39.2475,24.4739,20.6036
2016/7/21,8.6589,20.0876,30.1311,,39.5161,24.6355,20.7006
2016/7/22,8.935,19.799,29.8996,,39.0748,24.3213,20.497
2016/7/25,9.4873,20.2071,29.8996,,38.8446,24.3213,20.468
2016/7/26,9.4183,20.4559,30.1033,,39.3339,24.3034,20.594
2016/7/27,9.2605,19.2017,30.3532,,39.1132,24.7701,20.7587
2016/7/28,9.0337,19.132,30.0385,,38.3937,24.3752,20.4777
2016/7/29,8.7575,19.0623,29.9644,,38.1443,24.0431,20.2935
2016/8/1,8.4518,18.8135,29.8811,,38.0387,23.9624,20.0997
2016/8/2,8.4814,18.9827,29.8811,,38.1251,23.9983,20.1578
2016/8/3,8.6096,19.0524,29.7886,,37.9332,23.9713,20.0222
2016/8/4,8.6392,19.1121,29.7608,,38.0483,23.9893,19.964
2016/8/5,8.58,19.132,29.7886,,38.2114,23.9713,19.9349
2016/8/8,8.4025,19.3411,29.8719,,38.48,24.097,20.1385
2016/8/9,8.5208,19.3809,30.1218,,38.5952,24.1777,20.1869
2016/8/10,8.4419,19.351,30.1218,,38.4502,24.2495,20.0997
2016/8/11,8.5406,19.8388,30.3532,,40.0926,24.0632,20.4098
2016/8/12,8.6293,20.227,30.992,,41.8315,24.3614,20.7199
2016/8/15,9.0139,21.1627,31.9917,,45.0776,24.9299,21.7085
2016/8/16,8.9055,20.9437,31.3993,,44.1308,24.5851,21.3014
2016/8/17,8.9745,21.0631,31.4455,,43.7057,24.641,21.2433
2016/8/18,8.866,20.7645,31.8714,,43.4642,24.5757,21.4177
2016/8/19,8.7082,20.7347,31.9547,,42.759,24.6037,21.1173
2016/8/22,8.5702,20.446,31.8991,,42.5078,24.6223,20.9428
2016/8/23,8.6096,20.9039,32.2509,,42.9136,24.6223,21.1173
2016/8/24,8.6688,20.3265,31.7788,,41.8315,24.6223,20.9138
2016/8/25,8.4617,19.9184,31.5566,,41.5707,24.6223,20.875
2016/8/26,8.5307,19.9284,31.5566,,41.3485,24.7062,20.8944
2016/8/29,8.5899,19.8288,31.714,,41.5127,24.9112,20.7103
2016/8/30,8.4814,19.8686,31.6677,,41.6673,24.8833,20.7587
2016/8/31,8.4124,20.0677,31.677,,42.1793,25.6009,20.9235
2016/9/1,8.3926,19.7193,31.8158,,41.0297,26.0762,21.0301
2016/9/2,8.363,19.3112,32.2694,,41.2422,26.3092,21.1076
2016/9/5,8.4025,19.5501,32.3625,,41.0973,26.0948,21.0591
2016/9/6,8.4814,19.6696,32.7163,,41.7156,26.4583,21.1464
2016/9/7,8.5011,19.7691,32.7815,,41.8895,27.0641,21.253
2016/9/8,8.4419,19.7293,32.9397,,41.6673,27.2505,21.2142
2016/9/9,8.4222,19.6198,33.0142,,41.3968,27.3996,21.3886
2016/9/12,8.008,18.8334,32.6977,,40.4694,27.12,21.127
2016/9/13,8.0277,18.8633,32.3253,,39.9863,26.4676,20.9816
2016/9/14,7.9784,18.7339,31.9342,,39.6772,26.5235,20.7684
2016/9/19,8.0179,18.9827,32.558,,39.909,26.5888,20.9913
2016/9/20,7.9488,18.9429,32.4463,,39.967,26.859,20.8459
2016/9/21,8.0376,18.9329,32.2787,,40.0346,27.0734,20.9138
2016/9/22,8.0475,19.0424,32.5953,,40.6916,27.5207,21.2239
2016/9/23,7.9883,19.1022,32.4835,,40.5177,27.4834,21.1657
2016/9/26,7.7417,18.7637,32.0087,,39.6095,27.0454,20.8847
2016/9/27,7.791,18.9927,31.9901,,39.9283,26.9429,20.9719
2016/9/28,7.7615,19.2515,31.7853,,39.8607,27.0081,20.8169
2016/9/29,7.7615,19.142,31.8318,,40.1602,26.9988,20.8556
2016/9/30,7.8009,19.2117,31.8039,,39.8124,26.7938,20.749
2016/10/10,8.0475,19.4904,32.2135,,40.3824,27.5021,21.0688
2016/10/11,8.0672,19.5003,32.0087,,40.6819,27.8655,21.1367
2016/10/12,8.0573,19.7094,31.9342,,40.6336,28.4434,21.127
2016/10/13,8.0672,19.4506,31.7666,,40.5563,27.7724,21.001
2016/10/14,8.008,19.3908,31.7573,,40.6819,27.5207,20.9041
2016/10/17,7.9193,19.2216,31.5991,,40.1795,26.654,20.7199
2016/10/18,8.0475,19.4904,31.8411,,40.8075,27.2784,20.9332
2016/10/19,8.0179,19.351,31.7666,,40.45,27.1945,20.7199
2016/10/20,8.0573,19.3411,31.7853,,40.421,27.1479,20.6521
2016/10/21,8.0475,19.2614,31.8598,,40.3824,27.2784,20.8459
2016/10/24,8.1362,19.8686,32.1111,,41.2422,27.2691,21.1754
2016/10/25,8.1362,19.8885,32.167,,40.9717,27.1573,21.0688
2016/10/26,8.0573,20.1872,32.046,,40.9041,27.2132,20.9816
2016/10/27,8.008,20.0279,31.8318,,40.5949,27.2225,20.9138
2016/10/28,7.9883,19.7392,32.1484,,40.9234,27.3809,21.1076
2016/10/31,7.9291,19.6397,32.2229,,40.8558,27.325,21.156
2016/11/1,7.9686,19.799,32.6418,,41.1843,27.3809,21.2045
2016/11/2,7.939,19.57,32.2229,,40.6916,27.325,21.001
2016/11/3,7.9784,19.8189,32.558,,41.3292,27.763,21.3111
2016/11/4,7.9094,19.6795,32.5208,,41.4354,27.7724,21.2723
2016/11/7,7.8108,19.9284,32.5766,,41.7542,27.7444,21.3886
2016/11/8,7.8502,20.2469,32.586,,41.9958,27.9774,21.5049
2016/11/9,7.7417,20.1075,32.316,,41.7929,27.7724,21.127
2016/11/10,7.8502,20.5057,32.5301,,42.0634,27.791,21.6212
2016/11/11,7.9883,21.2423,32.5766,,43.4546,27.9494,21.941
2016/11/14,7.9883,21.1527,32.5394,,43.4159,27.9494,22.1155
2016/11/15,7.9784,20.8641,32.5487,,43.0874,27.9401,22.1252
2016/11/16,7.9883,20.7546,32.6046,,42.8266,27.9401,22.2705
2016/11/17,7.9587,20.9935,32.586,,42.7686,27.9587,22.1543
2016/11/18,7.9488,20.7247,32.5953,,42.701,28.0706,22.2609
2016/11/21,8.2743,21.5808,33.4239,,45.1452,28.8068,23.9956
2016/11/22,8.2644,21.8495,33.6287,,46.121,28.7882,25.2845
2016/11/23,8.1757,21.6604,33.4984,,45.0293,28.7602,24.9841
2016/11/24,8.2348,21.8595,33.908,,45.6766,28.9746,25.1392
2016/11/25,8.6096,22.2975,34.2432,,46.0437,29.0212,25.081
2016/11/28,8.5603,22.0387,34.0849,,46.4881,28.6391,25.1682
2016/11/29,8.4222,21.2821,34.2339,,45.9084,28.7509,25.4105
2016/11/30,8.3236,20.6849,33.8242,,44.6815,28.1545,24.9938
2016/12/1,8.5307,20.9039,33.908,,44.9327,28.0426,24.6352
2016/12/2,8.2447,20.4559,33.7684,,43.9859,28.3129,24.4026
2016/12/5,7.9784,20.217,33.759,,43.7154,28.2383,24.0634
2016/12/6,7.9686,20.217,33.6753,,43.3966,28.2477,23.6952
2016/12/7,8.0968,20.3763,33.9453,,43.7444,28.2663,24.2863
2016/12/8,8.0376,20.2568,33.9825,,44.0535,28.1265,23.9762
2016/12/9,8.1264,20.5356,34.3177,,45.2128,28.5272,24.9647
2016/12/12,7.7713,19.2117,34.3549,,44.4013,28.6298,24.7031
2016/12/13,7.8601,19.3809,34.1221,,44.0922,28.0892,24.3832
2016/12/14,7.7713,18.8832,34.4759,,44.4206,28.0147,24.5771
2016/12/15,7.791,18.9628,33.1446,,42.643,27.1107,23.3657
2016/12/16,7.8404,18.9827,33.0328,,42.3822,26.887,23.0458
2016/12/19,7.7812,19.1619,32.9584,,42.5561,26.9429,22.8617
2016/12/20,7.7122,19.1718,32.2694,,42.3919,27.1479,22.8617
2016/12/21,7.8009,19.58,32.3439,,43.1647,26.654,23.23
2016/12/22,7.7713,19.1818,32.3718,,42.9039,26.4024,23.0943
2016/12/23,7.5938,19.0922,32.3346,,42.6914,25.8339,22.8811
2016/12/26,7.653,19.1917,32.6977,,43.0585,25.75,23.482
2016/12/27,7.6135,19.1221,32.828,,42.1793,25.6288,23.2494
2016/12/28,7.5248,19.0623,32.856,,42.2953,25.6288,23.1137
2016/12/29,7.4755,19.0424,32.707,,41.8798,25.7686,23.0943
2016/12/30,7.5445,19.0922,32.9863,,42.2953,25.8805,23.3463
2017/1/3,7.7319,19.6198,33.2191,,43.4835,26.1135,24.4705
2017/1/4,7.7516,19.6696,33.1911,,43.5415,26.2626,24.5383
2017/1/5,7.7615,19.8985,33.2656,,43.3773,26.4117,24.5965
2017/1/6,7.7516,19.7293,32.9956,,42.7397,26.0389,24.4026
2017/1/9,7.722,19.7591,32.977,,43.1841,26.421,24.7903
2017/1/10,7.7417,19.5999,32.8001,,42.8749,26.1321,24.2476
2017/1/11,7.6826,19.58,32.8001,,43.0005,26.1601,24.7224
2017/1/12,7.5346,19.4107,32.7815,,42.5368,25.9457,24.5868
2017/1/13,7.505,19.3311,33.1073,,43.4835,26.2067,24.9066
2017/1/16,7.2092,19.0823,33.6939,,44.2467,26.7192,25.3911
2017/1/17,7.219,19.8189,33.4984,,43.9086,26.915,25.3524
2017/1/18,7.2881,19.8786,33.7125,,44.1984,27.0454,25.2942
2017/1/19,7.219,19.5601,33.5635,,44.0149,26.7006,24.8194
2017/1/20,7.3177,19.6895,33.759,,44.2564,26.7845,24.7127
2017/1/23,7.3275,19.8189,33.7032,,44.324,26.915,24.9647
2017/1/24,7.6333,19.4207,33.6846,,44.3434,26.9895,25.1876
2017/1/25,7.6135,19.5401,33.9173,,44.1405,27.12,25.0132
2017/1/26,7.6135,19.4008,33.9918,,44.6042,27.0454,24.926
2017/2/3,7.4557,17.4597,33.1632,,43.3096,26.3371,24.3736
2017/2/6,7.5248,16.6236,33.4611,,43.7347,26.5049,25.1973
2017/2/7,7.4853,16.1856,33.5728,,44.2564,26.4676,25.4299
2017/2/8,7.5149,16.2154,33.5356,,44.4013,26.2067,25.6237
2017/2/9,7.5741,16.2453,33.6194,,45.0003,26.0948,25.6819
2017/2/10,7.5938,16.1756,33.7032,,44.7491,26.1041,25.585
2017/2/13,7.653,15.9865,33.8056,,45.3964,26.1414,26.0308
2017/2/14,7.6037,16.0661,33.6101,,44.8071,25.8339,25.7497
2017/2/15,7.5346,16.1657,33.8149,,44.8071,25.8618,25.7594
2017/2/16,7.6628,16.315,33.7963,,44.4979,25.7686,25.6722
2017/2/17,7.7615,16.743,33.759,,44.353,25.778,25.7497
2017/2/20,7.8601,16.6932,34.2804,,44.8554,26.0762,25.6528
2017/2/21,7.8502,16.753,34.2339,,44.8264,26.011,25.866
2017/2/22,7.8108,16.962,34.2804,,44.5656,25.7873,25.8176
2017/2/23,7.6826,16.6733,34.0011,,43.9376,25.517,25.5656
2017/2/24,7.722,16.5539,34.0384,,43.6671,25.7034,25.3136
2017/2/27,7.5741,16.4245,33.8149,,42.7203,25.545,24.8
2017/2/28,7.6135,16.4543,33.7311,,42.7976,25.4797,24.8775
2017/3/1,7.6234,16.5141,33.6659,,42.8169,25.3679,24.7612
2017/3/2,7.5741,16.3349,33.3866,,42.7107,24.9672,24.4898
2017/3/3,7.6135,16.1557,33.3773,,42.4885,24.9858,24.5092
2017/3/6,7.6431,16.2453,33.3587,,42.1793,25.0417,24.4995
2017/3/7,7.7319,16.6136,33.4797,,42.6141,25.1535,24.926
2017/3/8,7.6431,16.3747,33.3494,,42.3822,25.1629,24.9163
2017/3/9,7.4952,16.2254,33.3122,,42.4305,25.284,24.4995
2017/3/10,7.5346,16.2453,33.1446,,41.8315,25.4331,24.1313
2017/3/13,7.5346,16.2951,33.489,,42.4015,25.9178,24.3639
2017/3/14,7.5544,16.2652,33.4611,,42.1697,25.983,24.3736
2017/3/15,7.5642,16.1458,33.4797,,42.0344,26.0016,24.1894
2017/3/16,7.6628,16.2453,33.5822,,42.2953,25.955,24.7806
2017/3/17,7.5544,16.0163,33.2842,,41.8895,25.7127,24.7806
2017/3/20,7.5544,16.0761,33.3587,,41.2905,25.4891,24.6934
2017/3/21,7.5248,16.0562,33.7684,,40.7302,25.4984,24.3929
2017/3/22,7.3966,15.7078,33.517,,39.7351,24.8926,23.6758
2017/3/23,7.367,15.4091,34.0477,,40.0153,24.8367,23.8115
2017/3/24,7.4261,15.0508,34.029,,40.2955,25.2281,24.1313
2017/3/27,7.4261,14.9214,34.2059,,40.3341,25.1908,24.3154
2017/3/28,7.3966,14.9911,34.1966,,40.2858,25.2188,24.2863
2017/3/29,7.5248,14.7223,34.2432,,40.0346,24.818,24.1022
2017/3/30,7.3571,14.3042,34.2153,,40.5273,25.2095,24.0344
2017/3/31,7.4557,14.3839,34.4573,,40.7592,25.5543,24.5189
2017/4/5,7.5149,14.792,34.5411,,40.7785,25.6475,24.4802
2017/4/6,7.4952,14.8617,34.4108,,40.4307,25.4984,24.2863
2017/4/7,7.5248,15.0707,34.0756,,40.7495,25.4238,24.2766
2017/4/10,7.436,14.7621,33.9359,,40.6819,25.4331,24.1313
2017/4/11,7.4261,14.9214,33.6939,,40.6529,25.1722,24.0247
2017/4/12,7.436,14.9214,33.5263,,41.049,25.3027,24.0925
2017/4/13,7.4952,14.9114,33.4239,,40.8075,25.1815,24.1991
2017/4/14,7.3867,14.9712,33.4146,,40.7785,24.9206,23.7533
2017/4/17,7.1993,14.4535,33.5356,,40.2182,24.7808,23.8599
2017/4/18,7.1204,14.1549,33.2377,,39.5516,23.914,23.3075
2017/4/19,7.0514,14.3639,33.0608,,39.5322,23.9886,23.0943
2017/4/20,6.9626,14.3839,33.3308,,40.0443,24.3334,23.0749
2017/4/21,6.9824,14.3142,33.6008,,40.2858,24.8553,23.385
2017/4/24,6.6964,13.8961,33.6753,,41.3678,25.1908,23.7921
2017/4/25,6.7753,13.9857,33.9639,,42.3146,25.4145,24.1313
2017/4/26,6.8048,14.4038,34.9228,,43.2807,25.7593,24.6934
2017/4/27,6.7654,14.5531,35.2114,,43.3,25.8712,25.207
2017/4/28,6.7457,14.5133,35.3418,,43.3193,25.8618,25.3233
2017/5/2,6.8147,15.9666,35.2952,,43.3676,25.545,25.1392
2017/5/3,6.9922,17.0615,35.379,,44.0052,25.517,24.9356
2017/5/4,6.9035,16.8326,35.2114,,44.2274,25.4611,25.2458
2017/5/5,6.7654,16.0363,34.6901,,44.353,25.4797,24.9744
2017/5/8,6.8147,17.1909,35.1835,,44.8167,25.6754,25.5462
2017/5/9,6.7654,17.0516,35.3697,,45.3674,25.4797,25.3621
2017/5/10,7.0514,17.7782,37.0921,,47.1257,25.9923,26.2634
2017/5/11,6.9528,18.1266,37.027,,46.9035,26.0855,26.1858
2017/5/12,7.653,18.8533,38.1256,,48.3333,27.0175,26.8933
2017/5/15,7.5839,18.913,38.079,,47.3575,26.8124,26.3021
2017/5/16,7.5938,18.8135,38.2559,,47.3575,26.7379,26.2343
2017/5/17,7.436,18.2361,37.6321,,46.7006,26.1694,25.4784
2017/5/18,7.2486,18.2959,37.8183,,46.2176,25.9364,25.4299
2017/5/19,7.2092,17.4,38.1814,,46.4301,25.9457,25.4299
2017/5/22,7.2881,17.4995,39.8852,,48.256,26.682,26.244
2017/5/23,7.3571,18.5845,40.1924,,49.2801,27.0734,27.0677
2017/5/24,7.0317,18.4551,40.0621,,48.6714,26.8777,26.6025
2017/5/25,7.1599,19.2415,42.3524,,50.3524,27.7258,27.7752
2017/5/26,7.1303,18.9728,42.0638,,50.5263,27.9028,27.6977
2017/5/31,6.9528,18.4452,41.9614,,51.2702,28.2849,27.2131
2017/6/1,6.7358,17.5095,42.7993,,51.4054,28.695,27.7946
2017/6/2,6.8344,17.0317,41.859,,49.0772,28.0519,27.2422
2017/6/5,6.9626,17.4896,41.589,,48.3236,27.3996,26.651
2017/6/6,6.933,17.5692,42.8552,,49.1931,27.53,26.7673
2017/6/7,7.0119,17.7583,42.8086,,48.7874,28.5738,26.6413
2017/6/8,7.1106,17.7782,44.3355,,50.0336,29.0957,27.6201
2017/6/9,7.1401,18.5252,44.8197,,50.961,29.9065,27.5814
2017/6/12,7.1401,19.0431,45.5552,,51.0287,30.5123,28.1047
2017/6/13,7.15,18.7244,45.099,,49.6278,30.5682,27.6007
2017/6/14,7.0119,18.2165,43.9538,,48.1787,29.5338,26.6413
2017/6/15,7.0021,18.4655,42.9948,,47.6957,29.3753,26.3021
2017/6/16,7.0218,18.5551,43.479,,47.5218,29.4872,26.2337
2017/6/19,7.1007,18.7045,45.2107,,48.1787,29.9904,26.527
2017/6/20,7.1007,18.336,44.7824,,47.2609,29.5244,25.9501
2017/6/21,7.249,19.3917,46.0207,,47.715,30.037,26.1946
2017/6/22,7.5457,19.8997,45.7507,,48.7777,30.9503,26.8497
2017/6/23,8.2479,20.7064,46.2907,,50.3138,30.9876,27.0648
2017/6/26,8.1292,20.806,46.2907,,49.5119,31.3511,26.7617
2017/6/27,8.0699,20.4774,46.4769,,49.6955,31.5468,26.5172
2017/6/28,7.882,20.5371,45.2572,,48.6038,30.6894,26.087
2017/6/29,7.971,21.1546,46.5141,,49.2221,31.4536,26.2141
2017/6/30,7.9908,21.9116,46.1883,,49.6568,31.5654,26.3803
2017/7/3,7.9809,21.7423,45.5645,,48.5458,30.9503,26.1261
2017/7/4,7.7534,21.4435,44.6148,,48.3526,30.8199,26.2239
2017/7/5,8.2479,23.4454,46.9424,,51.8692,32.1246,26.7715
2017/7/6,8.416,24.8895,47.8455,,54.323,32.4881,27.1723
2017/7/7,8.327,24.9493,47.4917,,53.9849,32.3483,26.8301
2017/7/10,8.4556,25.7262,47.6034,,53.5695,32.6558,26.5172
2017/7/11,8.772,24.4712,48.2152,,53.5791,33.1311,27.7492
2017/7/12,8.8808,25.2879,47.6317,,52.4198,32.1432,27.3581
2017/7/13,8.8808,25.2879,48.5916,,55.2215,32.749,28.1599
2017/7/14,9.2171,27.5289,49.6645,,55.7142,32.8981,28.4043
2017/7/17,9.5533,28.0966,50.728,,58.3806,33.2336,28.8443
2017/7/18,9.8401,28.734,50.3233,,59.4723,33.5319,28.5608
2017/7/19,9.8203,29.1025,50.6716,,58.8636,33.1777,28.7172
2017/7/20,10.2159,31.4232,50.8316,,58.9796,32.9354,28.639
2017/7/21,10.8093,34.5705,48.9022,,57.4531,32.4228,28.0523
2017/7/24,10.384,33.7737,49.514,,57.6753,32.2551,27.6808
2017/7/25,10.7005,37.1501,49.2316,,57.8492,32.2364,27.6515
2017/7/26,10.1269,36.8314,48.8363,,57.0184,32.0221,27.7101
2017/7/27,9.6522,33.6542,49.2787,,57.3082,32.0221,27.671
2017/7/28,9.7214,33.9231,48.8363,,56.6223,31.8636,27.2995
2017/7/31,10.0181,36.3732,48.9587,,55.5113,31.845,26.9866
2017/8/1,10.2555,35.8852,51.6221,,61.0663,33.3548,28.1012
2017/8/2,9.9093,34.8992,50.8598,,61.5687,33.7065,27.6906
2017/8/3,9.7313,31.8714,49.8057,,59.5689,32.813,27.231
2017/8/4,9.2962,31.9013,48.8834,,58.5545,32.4708,26.5857
2017/8/7,9.1478,30.1184,49.241,,58.6028,33.0696,26.6835
2017/8/8,9.2863,30.736,49.3634,,60.3128,32.9651,26.791
2017/8/9,9.1379,30.1782,48.9963,,59.2114,32.6609,26.439
2017/8/10,9.2764,30.5965,47.7446,,58.9583,32.4328,26.5172
2017/8/11,8.8017,27.7181,46.6623,,59.0459,32.3092,26.4195
2017/8/14,8.95,28.2958,47.5187,,58.9388,32.3472,26.6639
2017/8/15,9.3456,30.3077,47.9046,,60.2338,32.6989,26.7812
2017/8/16,9.2171,29.3515,48.1963,,59.4743,32.5943,26.5661
2017/8/17,9.3259,29.9292,48.0928,,58.3351,31.986,26.8301
2017/8/18,9.4643,30.9152,50.041,,58.3351,32.0906,27.6612
2017/8/21,9.3259,30.3674,49.9092,,57.3322,31.967,27.2212
2017/8/22,9.2467,30.2778,51.9515,,58.2767,33.1457,27.4461
2017/8/23,8.9797,28.8336,52.1398,,59.9125,33.3833,27.4657
2017/8/24,8.9896,29.0328,51.8762,,59.5133,33.7255,27.0257
2017/8/25,9.2764,30.0089,52.5445,,62.4929,35.37,28.6195
2017/8/28,9.4643,31.0347,52.8927,,63.6321,36.4251,28.8541
2017/8/29,9.4247,30.716,53.7021,,63.4179,36.5296,29.343
2017/8/30,9.5335,31.6523,53.0903,,60.4091,36.406,28.7368
2017/8/31,9.494,31.4132,52.7327,,59.8444,36.33,28.6195
2017/9/1,9.3852,30.7559,52.8644,,58.6954,36.368,28.1208
2017/9/4,9.2467,29.6902,52.3707,,59.2699,36.0068,28.199
2017/9/5,9.6819,29.8794,53.4532,,59.9028,37.6893,28.6195
2017/9/6,9.583,29.1324,52.6081,,58.7246,36.9193,28.0426
2017/9/7,9.494,29.5408,52.1428,,57.7411,36.7768,27.8763
2017/9/8,9.4742,29.5507,52.2472,,57.858,36.4251,27.935
2017/9/11,9.316,29.1922,51.2691,,55.8813,35.1798,27.319
2017/9/12,9.5632,31.2539,52.0478,,56.3,36.2064,27.3581
2017/9/13,9.4346,31.463,52.2947,,55.3555,36.0448,27.1626
2017/9/14,9.2764,30.6264,51.2976,,54.8687,35.0278,27.2995
2017/9/15,9.3061,30.8953,50.6899,,55.4042,34.9137,27.407
2017/9/18,9.2863,30.0686,50.6139,,55.2971,34.5715,27.1821
2017/9/19,9.3357,29.8197,50.7658,,55.7158,34.8186,27.1723
2017/9/20,9.1281,29.1822,50.405,,55.3166,34.1818,26.9768
2017/9/21,9.0885,29.2121,51.1077,,56.1248,34.9137,27.0746
2017/9/22,9.0687,28.5448,51.3166,,56.4266,35.2749,27.5146
2017/9/25,8.8314,27.1803,51.4306,,57.5074,36.0163,27.7297
2017/9/26,8.8907,27.5488,51.516,,57.6243,35.8072,27.7395
2017/9/27,8.9006,27.758,50.8988,,56.2221,34.7901,27.231
2017/9/28,8.7523,26.9911,51.0317,,55.745,34.8947,27.2897
2017/9/29,8.7523,26.6126,51.4306,,55.1803,35.1038,27.1235
2017/10/9,8.9797,27.1803,52.0003,,54.8882,34.8662,27.1332
2017/10/10,8.9896,27.2301,52.1523,,53.116,34.2008,26.791
2017/10/11,9.0292,27.7779,52.5226,,53.8852,34.8757,26.9866
2017/10/12,9.0193,27.6783,54.2319,,55.8327,35.503,27.4657
2017/10/13,8.9896,27.4691,54.2034,,56.4364,35.3034,27.3288
2017/10/16,8.9006,26.8716,54.2889,,57.0401,36.6627,27.7297
2017/10/17,8.95,26.6325,55.0201,,56.6895,36.8338,27.5928
2017/10/18,8.8116,25.4274,56.0076,,58.0333,37.6132,28.0523
2017/10/19,8.5149,24.4812,56.5869,,58.3741,37.9174,28.1795
2017/10/20,8.6039,24.8696,56.0456,,56.6603,36.9574,27.6906
2017/10/23,8.8314,24.8597,56.8623,,57.1374,37.2901,28.3457
2017/10/24,8.9797,25.9752,57.1662,,58.228,37.6037,28.6097
2017/10/25,8.9402,25.9154,57.0522,,58.1112,37.6893,28.639
2017/10/26,9.0588,26.9811,58.2962,,58.6759,38.5448,28.6488
2017/10/27,8.9995,27.1305,60.7082,,59.2309,39.4668,28.815
2017/10/30,9.2171,27.4691,60.8316,,62.4734,39.9801,30.2817
2017/10/31,9.0391,26.7022,61.1165,,62.2397,40.6645,30.7021
2017/11/1,9.2665,27.0807,60.8886,,61.597,41.0067,32.1492
2017/11/2,9.4247,26.2142,60.9076,,61.8892,41.0352,32.2079
2017/11/3,9.6819,25.1485,61.202,,61.2952,41.2348,32.3448
2017/11/6,9.6918,25.4971,60.7842,,59.932,40.2273,31.7972
2017/11/7,9.7709,26.4831,62.0756,,60.8278,41.5295,31.9243
2017/11/8,9.494,26.2142,61.3539,,59.7859,40.2938,31.6701
2017/11/9,9.6918,26.0449,62.9872,,60.2046,40.4079,32.0612
2017/11/10,10.028,27.4592,66.3678,,65.5795,42.2139,33.2737
2017/11/13,10.1368,27.6683,66.6147,,65.5503,42.0523,33.1172
2017/11/14,10.5423,29.4013,66.8711,,68.4228,41.6816,32.9314
2017/11/15,10.1862,29.0926,65.7126,,66.4656,41.4725,31.6701
2017/11/16,10.4533,29.8695,69.3306,,68.2572,43.7823,32.775
2017/11/17,10.0775,28.8536,71.4767,,69.8346,45.3792,33.7625
2017/11/20,9.7412,27.2699,71.8945,,68.9583,45.3507,33.3225
2017/11/21,10.2851,28.3556,74.4869,,69.1823,45.3982,33.9288
2017/11/22,10.1665,27.4791,73.5468,,67.4198,44.2196,32.8825
2017/11/23,10.0379,25.9254,70.5746,,64.6253,42.8793,31.983
2017/11/24,9.5929,25.3975,70.8595,,63.9924,42.6797,31.6408
2017/11/27,9.1478,24.2621,69.8434,,62.5708,42.6417,31.719
2017/11/28,9.2665,24.8298,69.0647,,62.0547,41.9097,31.279
2017/11/29,9.316,25.1684,68.7703,,62.6487,40.6645,30.6434
2017/11/30,8.9402,24.7103,66.3963,,60.8375,39.6759,30.2914
2017/12/1,8.9797,24.8696,64.668,,60.5454,38.8395,30.2034
2017/12/4,9.1478,25.3377,65.893,,62.97,40.3603,30.7608
2017/12/5,8.7918,24.2123,67.6118,,64.6253,41.482,31.4746
2017/12/6,8.8314,24.0529,65.9025,,63.4471,40.5885,31.0737
2017/12/7,8.683,23.5948,65.1808,,61.3828,40.0181,30.7608
2017/12/8,8.8017,24.043,67.8872,,62.4929,40.7976,31.0932
2017/12/11,9.0292,24.3019,69.5585,,63.9826,41.7101,31.4354
2017/12/12,8.8116,23.5948,67.6213,,62.3273,39.9801,30.2817
2017/12/13,8.9797,23.9035,68.4854,,62.0449,40.1227,30.3697
2017/12/14,8.8808,23.6047,67.4314,,60.857,39.5999,29.4701
2017/12/15,8.7523,23.1565,66.8331,,61.8405,39.4573,29.6559
2017/12/18,8.7819,23.296,67.1085,,62.1521,39.4193,29.9199
2017/12/19,9.0193,24.0529,69.8719,,66.3098,41.0542,30.7803
2017/12/20,8.8314,23.5848,70.2137,,66.6896,41.425,30.9857
2017/12/21,8.8413,23.7442,71.1348,,66.7285,41.9097,31.279
2017/12/22,8.7918,23.6446,70.2897,,65.7353,41.7101,31.0639
2017/12/25,8.8017,23.6844,70.4226,,65.3361,41.0352,30.487
2017/12/26,8.2677,23.7641,70.2137,,69.1141,41.6626,30.8194
2017/12/27,8.0699,23.3458,66.8046,,65.9787,40.1702,29.9786
2017/12/28,7.882,23.3458,67.0326,,67.7314,40.3223,29.9688
2017/12/29,7.9116,23.4255,66.4533,,68.3546,39.3718,29.7732
2018/1/2,8.0204,24.0529,68.9318,,69.0362,39.8375,29.8123
2018/1/3,8.1688,24.1426,67.3934,,66.4851,38.6493,29.607
2018/1/4,8.1787,24.7103,67.5928,,65.0537,37.8129,29.4017
2018/1/5,8.1094,24.4812,67.3174,,63.6613,37.5657,29.079
2018/1/8,8.0798,24.272,66.4818,,62.0352,36.9289,28.991
2018/1/9,8.2281,24.7103,68.248,,62.785,37.0049,29.5777
2018/1/10,8.1193,24.3517,68.1056,,61.6847,36.8243,29.4506
2018/1/11,8.149,24.4015,68.9887,,61.9476,37.1855,29.6168
2018/1/12,8.1589,24.282,70.66,,63.1745,38.3452,29.7146
2018/1/15,8.2677,24.5509,73.7368,,66.0664,40.3508,30.7412
2018/1/16,8.1589,24.3318,73.8887,,64.82,39.5904,30.6532
2018/1/17,8.4061,25.7063,73.4424,,64.8785,39.4763,31.1226
2018/1/18,8.4259,26.1345,73.6988,,62.1034,39.1912,30.8879
2018/1/19,8.594,26.3835,73.6798,,61.412,39.0106,30.4674
2018/1/22,8.5644,26.025,74.7718,,59.1433,39.1626,30.2523
2018/1/23,8.6138,26.6026,74.7908,,59.6788,38.944,30.4381
2018/1/24,8.4556,26.1146,72.5877,,58.3838,37.8034,30.2426
2018/1/25,8.3567,25.4473,71.4957,,57.5951,37.3091,29.6168
2018/1/26,8.3962,25.6166,72.2649,,58.9096,37.9079,30.4674
2018/1/29,8.06,24.6007,69.663,,56.9427,36.5391,29.6461
2018/1/30,8.0501,24.5111,69.6819,,57.4198,36.349,29.3332
2018/1/31,7.9512,24.4513,71.2963,,58.5493,37.5752,29.5874
2018/2/1,7.3578,22.0709,71.6761,,59.0167,38.06,30.311
2018/2/2,7.4468,20.9554,72.1794,,59.7859,39.2387,30.7999
2018/2/5,7.4468,21.2542,71.8945,,60.9057,40.9402,31.2399
2018/2/6,7.2194,19.5013,70.0523,,59.8736,40.7311,30.3501
2018/2/7,7.0908,19.6905,67.7827,,57.6243,40.4364,29.7048
2018/2/8,7.1996,19.9196,65.5132,,55.2776,38.8109,28.111
2018/2/9,6.9524,18.346,61.183,,50.2728,35.484,26.3706
2018/2/12,7.0216,18.6746,61.6863,,50.1949,35.0658,25.8621
2018/2/13,7.1205,19.6308,63.6425,,50.857,36.7007,25.9501
2018/2/14,7.1304,19.6308,65.4182,,50.5746,37.0239,25.647
2018/2/22,7.2392,20.0092,66.2539,,53.1452,38.5258,26.5368
2018/2/23,7.2985,20.3877,67.08,,53.6321,39.4193,26.6541
2018/2/26,7.4271,20.6068,67.232,,54.411,40.4079,27.1332
2018/2/27,7.3578,20.1885,66.2919,,52.5513,39.733,26.8106
2018/2/28,7.4369,20.2284,64.3452,,51.3439,38.0505,26.263
2018/3/1,7.4666,20.3678,65.4562,,51.2173,38.1931,26.4781
2018/3/2,7.4073,20.0989,64.2692,,50.6428,36.9764,26.175
2018/3/5,7.4765,20.318,64.4591,,50.8083,37.0904,26.3217
2018/3/6,7.7139,21.2443,65.8266,,52.4539,38.3927,26.8986
2018/3/7,7.7139,20.7662,65.3138,,52.0644,37.4897,26.9083
2018/3/8,7.8127,21.0451,66.9851,,52.3857,38.0885,26.9475
2018/3/9,7.8424,21.1447,67.3174,,52.5123,38.2976,26.8399
2018/3/12,8.1094,21.3638,67.5358,,52.2105,38.022,26.8008
2018/3/13,8.0007,20.9455,65.9215,,50.6915,36.9003,26.3901
2018/3/14,7.7336,20.7363,65.3518,,50.8083,37.0524,26.2141
2018/3/15,8.2281,21.0351,66.9376,,51.1296,38.2881,26.4977
2018/3/16,8.1391,20.6766,66.9566,,50.6038,38.7444,26.3412
2018/3/19,8.1688,20.2184,70.0903,,51.3536,39.9611,26.615
2018/3/20,7.9908,19.8798,70.3562,,50.5551,39.5999,26.3803
2018/3/21,7.9908,19.7105,70.0998,,48.2085,38.3927,26.2923
2018/3/22,7.8424,19.3619,69.2071,,45.9397,37.5087,26.1066
2018/3/23,7.4963,18.077,66.7572,,45.9397,37.3186,26.1066
2018/3/26,7.615,18.2762,64.839,,44.7031,35.0658,25.4612
2018/3/27,7.7139,19.1925,64.725,,45.0926,34.3529,25.5786
2018/3/28,7.6051,19.2623,62.1041,,43.8852,32.7084,24.9235
2018/3/29,7.7237,19.5909,63.0442,,45.7158,33.4213,25.1581
2018/3/30,7.6347,19.4615,62.0186,,44.8102,32.2521,24.8452
2018/4/2,7.5457,19.3121,61.4014,,44.2455,31.8149,24.8452
2018/4/3,7.615,18.7045,61.259,,43.9339,31.5392,24.503
2018/4/4,7.5062,18.834,61.2969,,44.3039,31.5392,24.4639
2018/4/9,7.4567,18.9834,62.6359,,45.1024,32.1571,24.6888
2018/4/10,7.5853,19.571,64.8105,,46.2319,32.7559,25.1777
2018/4/11,7.6347,19.3818,64.2597,,45.4529,32.5468,25.0212
2018/4/12,7.9314,19.8001,63.3576,,44.8589,31.7389,24.7768
2018/4/13,7.8424,19.5411,62.8448,,44.0313,31.3491,24.415
2018/4/16,7.6842,18.5252,61.0595,,41.9183,31.0354,23.5741
2018/4/17,7.6248,18.3758,59.9485,,40.6038,30.5982,23.711
2018/4/18,7.6545,18.9535,60.3094,,40.6428,30.3986,23.8479
2018/4/19,7.6248,19.0033,61.2305,,40.8959,30.5887,23.9946
2018/4/20,7.4468,18.4555,60.9171,,40.1169,29.6286,23.6621
2018/4/23,7.6051,18.6647,61.7148,,41.0712,30.0374,23.975
2018/4/24,7.7633,19.1925,63.2056,,42.7654,31.3586,24.415
2018/4/25,7.8325,18.9535,62.1991,,41.8794,30.9309,24.1315
2018/4/26,7.615,18.1766,59.939,,40.3701,30.1419,23.7892
2018/4/27,7.6545,18.4854,57.8214,,42.1617,30.0374,23.9652
2018/5/2,7.5655,16.6329,58.2487,,42.1423,30.332,23.8284
2018/5/3,7.5358,15.3281,58.3437,,43.5055,31.3776,24.1412
2018/5/4,7.5457,15.1588,57.6505,,42.8628,31.0354,23.8088
2018/5/7,7.704,15.2684,58.1063,,44.3429,32.2141,24.2488
2018/5/8,7.8919,15.8859,59.901,,45.6768,33.9821,24.8844
2018/5/9,7.8523,15.7664,59.7776,,46.115,34.1247,24.7475
2018/5/10,7.8226,15.8062,59.996,,45.7742,34.1818,24.855
2018/5/11,7.704,15.4775,59.92,,45.4821,33.5829,24.591
2018/5/14,7.7139,15.4676,60.8696,,45.2192,34.3814,24.7866
2018/5/15,7.9215,15.4875,60.7462,,45.4918,34.1628,24.7866
2018/5/16,7.8127,15.1389,59.6446,,43.7392,32.7845,24.327
2018/5/17,7.8721,15.1289,58.8755,,43.9631,32.4613,24.4835
2018/5/18,8.0007,15.2783,59.863,,45.0342,33.1932,24.8159
2018/5/21,8.0204,15.4377,60.4518,,45.4821,33.3358,24.8159
2018/5/22,7.9413,15.2883,59.8346,,44.3136,32.6799,24.6399
2018/5/23,7.8127,14.8799,58.6475,,43.1939,31.7198,24.1999
2018/5/24,7.8226,14.8799,58.1348,,42.707,31.6723,24.327
2018/5/25,7.7633,14.372,58.4291,,42.8044,31.5963,24.3661
2018/5/28,7.8622,14.4118,59.3503,,43.1744,31.7389,24.4639
2018/5/29,7.6842,14.0832,59.2363,,42.6973,31.6818,24.5715
2018/5/30,7.5062,13.1569,57.5935,,41.1978,30.7313,23.7795
2018/5/31,7.5853,13.386,58.9989,,42.0741,31.6248,24.0141
2018/6/1,7.6051,13.6549,58.5336,,41.4412,31.4347,23.975
2018/6/4,7.6941,14.1927,60.3283,,42.7947,32.6419,24.4052
2018/6/5,7.7139,14.3421,61.3254,,44.3721,32.832,24.5812
2018/6/6,7.6347,14.2027,60.5942,,44.3234,32.6134,24.2977
2018/6/7,7.6644,14.382,61.2039,,44.9758,32.8225,24.6301
2018/6/8,7.5258,14.0732,60.3813,,43.9242,31.7674,23.9359
2018/6/11,7.3772,14.1628,61.0007,,44.2455,31.8719,23.7306
2018/6/12,7.3772,14.5314,61.8427,,45.6671,33.0981,23.8968
2018/6/13,7.2287,13.9636,61.6975,,45.5503,33.2122,23.9359
2018/6/14,7.3376,14.2824,62.3653,,46.2416,34.2103,24.0239
2018/6/15,7.2584,14.2624,62.5492,,45.9884,34.3529,24.1315
2018/6/19,6.8326,12.9477,60.091,,45.969,34.543,24.3857
2018/6/20,6.8623,13.1171,59.8587,,44.966,33.4403,23.9066
2018/6/21,6.7237,12.8581,59.1232,,43.6028,32.2426,22.9921
2018/6/22,6.8029,12.9677,59.1038,,43.4178,32.3947,22.6939
2018/6/25,6.8128,12.7485,57.865,,41.8015,31.2351,22.1372
2018/6/26,6.8128,12.9477,57.3327,,41.6846,30.8643,22.0577
2018/6/27,6.8227,12.7485,55.6487,,41.0614,30.1514,22.0676
2018/6/28,6.7633,12.7884,55.0003,,40.672,29.5051,22.0776
2018/6/29,6.9514,13.3063,56.694,,41.7528,30.275,22.3857
2018/7/2,6.8623,12.8481,53.4422,,39.8735,28.2979,21.3917
2018/7/3,6.8821,13.1071,54.5261,,41.1491,28.5925,21.998
2018/7/4,6.8128,12.8183,53.7325,,40.8764,28.3264,21.9583
2018/7/5,6.7336,12.4498,53.7422,,41.4801,28.7541,22.2863
2018/7/6,6.7336,12.5992,55.1068,,42.4733,29.7617,22.4454
2018/7/9,6.7633,12.8979,56.9843,,43.486,31.1115,22.7137
2018/7/10,6.7435,12.8979,56.3069,,43.2523,30.9784,22.6044
2018/7/11,6.5355,12.3302,55.2519,,42.2299,30.4746,22.0279
2018/7/12,6.5851,12.6987,56.5004,,43.7976,31.7103,22.6143
2018/7/13,6.6445,12.7784,56.6553,,43.5444,31.3871,22.5746
2018/7/16,6.5553,12.6888,55.8617,,43.0089,30.4651,22.5448
2018/7/17,6.5553,12.9975,56.152,,43.0186,30.6742,22.5149
2018/7/18,6.5553,12.8382,55.9488,,43.3497,30.237,22.5448
2018/7/19,6.5058,12.8083,56.8198,,44.2455,30.8834,22.8032
2018/7/20,6.6544,13.5254,58.8812,,48.3643,32.4613,23.509
2018/7/23,6.6247,13.5553,59.1135,,48.8219,33.3263,23.5189
2018/7/24,6.8623,14.5015,59.7522,,48.1403,32.7179,23.6978
2018/7/25,6.8029,14.7206,60.1587,,48.7051,32.832,23.5984
2018/7/26,6.7039,14.2316,58.8425,,47.4198,31.8339,23.3996
2018/7/27,6.7336,14.1717,58.9102,,47.5464,32.081,23.4096
2018/7/30,6.6544,14.3114,59.578,,47.858,32.081,23.499
2018/7/31,6.6346,14.2515,59.6167,,48.0138,32.5373,23.3102
2018/8/1,6.5652,13.6128,57.7779,,45.5989,31.5297,22.6243
2018/8/2,6.4266,13.1138,56.3843,,43.7878,30.3035,22.1273
2018/8/3,6.3672,12.9142,55.9584,,42.8823,30.332,21.8788
2018/8/6,6.3276,12.9042,55.9681,,42.5902,30.6742,21.511
2018/8/7,6.3969,13.4332,57.6424,,43.7684,31.7293,22.0179
2018/8/8,6.3276,13.0539,56.5004,,42.0838,31.4761,21.8589
2018/8/9,6.3771,13.3433,58.6683,,43.7002,33.0051,22.2267
2018/8/10,6.4266,13.3533,58.4941,,44.2026,32.9759,22.177
2018/8/13,6.3969,13.1637,57.6327,,43.6411,32.5182,21.9483
2018/8/14,6.3573,13.1537,57.1488,,43.9071,32.5766,22.008
2018/8/15,6.3177,12.8643,55.1939,,42.1831,31.3008,21.511
2018/8/16,6.2583,12.8443,55.1455,,42.7348,31.6807,21.6899
2018/8/17,6.2286,12.6447,54.7584,,43.0796,31.9047,21.4712
2018/8/20,6.2484,12.8543,55.9488,,43.9563,32.5279,21.8589
2018/8/21,6.3177,13.1138,57.5069,,45.5916,33.4239,22.1968
2018/8/22,6.288,12.9342,58.9683,,45.0006,33.0636,22.1869
2018/8/23,6.3078,13.024,60.1297,,45.3749,32.8298,22.3161
2018/8/24,6.2682,13.2635,60.4587,,45.7296,33.2291,22.4354
2018/8/27,6.3375,13.6926,61.4265,,46.7344,33.5797,22.4652
2018/8/28,6.3177,13.493,60.8749,,46.2024,32.5961,22.2267
2018/8/29,6.3474,13.3433,60.9813,,46.2221,32.0605,22.2764
2018/8/30,6.288,13.1837,61.1265,,45.1188,31.9436,21.839
2018/8/31,6.3078,12.3054,60.9523,,45.168,31.9047,21.9682
2018/9/3,6.2484,12.3553,60.7104,,46.3305,32.3039,21.9881
2018/9/4,6.288,12.4851,62.7137,,46.4783,32.8006,22.1273
2018/9/5,6.2385,12.1757,60.7781,,45.3257,31.6514,21.5805
2018/9/6,6.2385,12.1457,59.9375,,45.2764,31.3982,21.501
2018/9/7,6.2385,12.1956,61.3646,,45.8773,31.856,21.4414
2018/9/10,6.1394,11.6767,60.6315,,44.3307,31.408,21.1332
2018/9/11,6.0899,11.7465,60.2894,,44.0351,30.4828,20.9841
2018/9/12,6.0998,11.7865,59.2337,,43.7396,30.5022,20.9344
2018/9/13,6.1097,11.9461,60.9931,,45.3454,31.145,21.1332
2018/9/14,6.08,11.7765,61.8728,,45.5522,31.2911,20.9543
2018/9/17,5.9909,11.3872,61.1007,,45.8675,31.2132,20.6859
2018/9/18,6.0701,11.6567,62.6744,,47.2565,32.1579,21.0338
2018/9/19,6.1394,12.0859,63.6811,,48.0643,32.489,21.2724
2018/9/20,6.1493,11.8663,63.339,,47.4831,32.1189,21.163
2018/9/21,6.288,12.1857,65.9684,,49.2169,33.4044,21.9285
2018/9/25,6.189,12.016,65.6751,,49.1676,33.5018,21.7893
2018/9/26,6.2187,12.1657,66.4278,,49.4041,34.3296,22.3161
2018/9/27,6.189,11.9861,65.6849,,48.2712,33.9888,22.3559
2018/9/28,6.2484,12.3553,66.9556,,49.7292,34.5828,22.5448
2018/10/8,6.0107,11.8064,63.3195,,47.1974,33.1999,21.6004
2018/10/9,6.0107,11.8463,63.5345,,47.6604,32.9078,21.6004
2018/10/10,6.0008,11.9062,63.1924,,47.4043,32.7325,21.5905
2018/10/11,5.3968,10.8683,60.4555,,45.4143,31.9436,20.8748
2018/10/12,5.5163,10.6487,62.43,,47.158,33.0246,21.2624
2018/10/15,5.2773,10.2296,61.7751,,46.6162,32.4306,20.9344
2018/10/16,5.1478,10.0799,62.5571,,47.3846,32.7519,21.0438
2018/10/17,5.1379,10.1697,62.7135,,45.8773,32.3916,21.2127
2018/10/18,4.9985,9.8803,61.042,,44.8922,31.2619,20.7953
2018/10/19,5.3072,10.2595,64.1405,,47.2664,33.8427,21.6402
2018/10/22,5.8349,11.2874,66.3985,,49.5617,35.1964,23.1809
2018/10/23,5.5959,10.8483,64.033,,48.1727,34.5244,22.5149
2018/10/24,5.8747,11.3872,64.7563,,48.7243,34.8653,22.7336
2018/10/25,6.0739,12.1457,65.1571,,49.3351,36.0145,23.2108
2018/10/26,5.9544,11.8763,64.0623,,47.7294,34.9627,22.3957
2018/10/29,5.7851,11.517,60.6022,,45.3946,32.6351,21.5408
2018/10/30,5.9245,11.9861,61.3841,,45.8084,32.7422,21.5408
2018/10/31,5.805,11.8364,62.1954,,46.0842,32.7812,21.7396
2018/11/1,5.8249,11.8164,62.8503,,46.0054,32.8688,21.7396
2018/11/2,6.0241,12.3154,65.8315,,48.8918,34.6608,22.5348
2018/11/5,5.9544,12.2755,65.0789,,48.2121,33.9206,22.5646
2018/11/6,6.0938,12.0459,65.2939,,47.7294,33.2584,22.505
2018/11/7,6.0838,11.7964,64.6293,,47.2959,33.1025,22.1173
2018/11/8,6.1236,11.7066,64.8052,,46.7738,33.0831,22.1173
2018/11/9,6.0938,11.6567,63.1631,,45.7,32.1384,21.7296
2018/11/12,6.0838,11.9262,63.2022,,45.9069,31.7196,21.8788
2018/11/13,6.2531,12.2755,63.5443,,46.1729,31.8365,22.1173
2018/11/14,6.2133,12.3254,62.5082,,45.3158,31.2424,21.8788
2018/11/15,6.4124,12.7944,63.6323,,46.2517,32.0994,22.5547
2018/11/16,6.4224,12.8044,63.7789,4.7821,46.0645,31.9436,22.4354
2018/11/19,6.5319,13.004,64.2383,5.2593,46.2024,32.1189,22.5945
2018/11/20,6.3029,12.2056,62.6548,5.7862,45.0203,31.2132,21.9483
2018/11/21,6.273,12.2056,62.5668,6.3629,45.1286,31.2229,21.7893
2018/11/22,6.2929,12.026,61.7165,6.9992,44.5573,30.7555,21.7694
2018/11/23,6.0639,11.4371,61.2277,7.6951,43.6312,30.4341,21.2823
2018/11/26,5.9046,11.3473,61.7751,7.1384,43.9169,30.4633,21.3022
2018/11/27,5.9743,11.497,61.6871,6.86,43.3948,30.4146,21.2823
2018/11/28,5.9842,11.6567,62.3323,6.9097,43.8677,30.7068,21.4712
2018/11/29,5.9145,11.2475,61.6285,6.512,43.3751,30.4341,21.3519
2018/11/30,5.9145,11.3473,62.0586,6.4126,43.7101,30.5704,21.4513
2018/12/3,6.1834,11.6966,63.5247,6.6214,44.5573,31.4859,22.0577
2018/12/4,6.1933,11.6866,63.427,6.5418,44.3307,31.1742,22.0676
2018/12/5,6.1137,11.4671,62.8014,6.3927,43.6509,30.6581,21.8788
2018/12/6,6.0938,11.1876,61.5796,6.4126,42.8924,30.064,21.4613
2018/12/7,6.0241,11.2276,61.5796,6.343,43.1387,29.801,21.4215
2018/12/10,5.7951,10.9082,60.7781,6.1939,42.2521,28.8953,21.173
2018/12/11,5.8349,10.9381,60.7683,6.2933,42.4983,29.3044,21.2426
2018/12/12,5.8747,10.9581,61.0518,6.2734,42.8136,29.7524,21.342
2018/12/13,5.9145,11.1377,61.7751,6.3331,43.5524,30.1711,21.5308
2018/12/14,5.8747,10.8184,60.5435,6.2137,42.9318,29.6063,21.1531
2018/12/17,5.8548,10.7585,59.8886,6.1939,42.7545,29.8984,21.4215
2018/12/18,5.8249,10.6587,59.4781,6.0845,42.124,29.392,21.2823
2018/12/19,5.805,10.6188,58.7645,6.0348,41.9762,29.3725,21.4314
2018/12/20,5.7453,10.6687,57.6698,5.9652,41.6314,28.8661,21.3718
2018/12/21,5.6955,10.4791,57.0247,5.8757,40.7744,28.3013,21.1531
2018/12/24,5.6855,10.509,56.9367,5.8857,41.4344,28.2233,20.8052
2018/12/25,5.6158,10.3094,56.8976,5.7365,41.2472,28.0286,20.3877
2018/12/26,5.586,10.2196,56.0081,5.5973,41.2571,27.5124,20.2088
2018/12/27,5.586,10.1697,55.6171,5.4383,41.3359,27.5124,20.2386
2018/12/28,5.586,10.2695,54.8352,5.3488,41.6117,27.6877,20.2684
2019/1/2,5.586,10.2196,53.9359,5.2494,40.4591,26.6846,19.831
2019/1/3,5.5362,10.6188,54.4246,5.3587,41.0305,27.2008,20.0398
2019/1/4,5.6656,11.1976,55.3141,5.6172,42.784,28.2233,20.3678
2019/1/7,5.6656,11.0779,55.0307,5.5278,39.9075,27.6195,20.1094
2019/1/8,5.6059,11.018,54.5419,5.4184,38.745,27.191,19.8708
2019/1/9,5.6357,10.998,55.666,5.4383,38.9913,27.7267,20.2088
2019/1/10,5.5362,10.7884,56.2036,5.3389,38.5677,27.2495,20.1789
2019/1/11,5.5362,10.8783,56.7608,5.4482,38.9026,27.1521,20.3281
2019/1/14,5.566,10.7884,55.8322,5.3687,38.6169,26.6164,20.0497
2019/1/15,5.5959,11.0479,57.269,5.5079,39.2277,27.6877,20.3479
2019/1/16,5.5561,10.9082,57.4157,5.4482,39.2868,28.048,20.7058
2019/1/17,5.6258,10.7785,57.4059,5.4283,39.8878,28.1162,20.9543
2019/1/18,5.6955,10.9581,58.5691,5.478,40.3409,29.0512,21.3817
2019/1/21,5.7254,10.8683,59.4194,5.4482,40.5379,29.2167,22.1273
2019/1/22,5.6656,10.5988,58.7157,5.3389,39.6907,28.6713,21.7694
2019/1/23,5.6457,10.5689,58.1487,5.319,39.74,28.8272,21.7694
2019/1/24,5.5959,10.6188,59.0676,5.3587,39.4346,29.1388,21.7197
2019/1/25,5.6158,10.7286,59.9082,5.478,40.3212,29.4018,22.167
2019/1/28,5.6457,10.5789,60.133,5.4184,40.4493,29.3141,22.1471
2019/1/29,5.7453,11.0679,60.26,5.6669,40.735,29.5284,22.336
2019/1/30,5.586,10.7785,59.8691,5.6272,39.8779,29.0219,21.9285
2019/1/31,5.5262,11.028,61.5601,5.7465,41.4738,30.0153,22.6243
2019/2/1,5.6756,11.0978,61.7849,5.7564,41.2768,30.0737,22.7336
2019/2/11,5.7054,11.2675,62.9383,5.7763,41.6019,30.0932,22.7137
2019/2/12,5.7154,11.2874,62.821,5.7166,41.9171,30.4828,22.5646
2019/2/13,5.9345,11.497,63.5541,5.8757,43.3554,31.3593,23.1511
2019/2/14,5.8249,11.3373,63.6323,5.8061,43.247,30.8821,23.002
2019/2/15,5.7453,11.1377,61.824,5.6868,42.2619,29.8984,22.3261
2019/2/18,5.9444,11.7366,63.818,5.836,43.5327,30.9015,23.3102
2019/2/19,6.2929,12.9142,64.1992,6.3032,43.8972,31.369,24.0557
2019/2/20,6.1436,12.7645,64.3947,6.2137,44.3307,32.226,25.0298
2019/2/21,6.1535,12.9741,63.9157,6.2038,43.8874,31.9436,24.3042
2019/2/22,6.4821,14.2116,65.509,6.5617,45.1188,32.5766,25.8052
2019/2/25,7.1293,15.6288,71.3542,7.2179,49.6307,35.8392,28.3897
2019/2/26,6.9401,14.7805,68.4316,7.5559,49.7587,34.5439,28.3798
2019/2/27,7.1094,14.9801,68.4022,8.3115,50.4582,33.9401,29.1253
2019/2/28,6.96,14.2216,68.4316,7.9138,49.4139,33.1318,28.2108
2019/3/1,7.2289,15.0998,70.7579,8.7092,51.5517,34.3783,30.9145
2019/3/4,7.4181,15.6088,70.9436,9.5841,52.9998,34.1641,30.835
2019/3/5,7.3285,15.6188,70.4451,10.5385,53.1968,33.7161,30.5269
2019/3/6,7.4479,16.3374,70.5331,11.5924,53.2855,34.0277,31.2923
2019/3/7,7.3384,15.8683,68.7053,12.7556,51.6699,33.122,30.169
2019/3/8,6.7808,14.2815,67.1511,11.483,48.419,31.8073,27.9921
2019/3/11,6.9302,14.6807,67.2391,10.3496,49.1184,31.9339,28.6283
2019/3/12,7.0397,14.6707,67.6887,10.5882,49.7686,31.778,28.4295
2019/3/13,6.8505,14.521,69.9271,10.0315,49.079,31.9144,28.5686
2019/3/14,6.6812,14.0519,71.1587,9.5543,49.2563,31.7586,28.2108
2019/3/15,6.7908,14.4511,72.185,9.4946,50.4877,32.0313,28.5786
2019/3/18,6.96,14.7904,73.3091,10.0017,51.8176,32.5766,29.4235
2019/3/19,6.96,14.7006,73.6512,10.0414,51.3054,32.1968,29.3937
2019/3/20,7.0397,14.7505,74.8241,10.0812,51.5221,31.8073,29.2446
2019/3/21,7.0497,14.8204,74.091,10.1309,54.3987,32.2358,29.2247
2019/3/22,6.96,14.521,73.0354,9.9321,54.7238,32.2747,28.7177
2019/3/25,6.7609,14.032,70.6602,9.3852,51.1773,32.0507,27.1571
2019/3/26,6.5916,13.5729,71.0511,9.1069,50.3301,32.45,26.7396
2019/3/27,6.6115,13.6427,72.5466,9.2162,51.0492,32.5766,26.8291
2019/3/28,6.4622,13.3932,71.7451,8.9379,50.0444,31.8852,26.2227
2019/3/29,6.7908,14.1817,75.3617,9.5344,52.8914,33.1512,28.1511
2019/4/1,7.0198,14.5908,76.8279,9.773,54.8223,33.8816,28.6481
2019/4/2,6.98,14.6407,77.1798,10.2403,55.0094,33.9109,28.7277
2019/4/3,7.1194,14.7705,78.0595,10.0514,56.2606,34.3491,28.7277
2019/4/4,7.1891,14.9801,78.3918,9.9718,58.2308,34.69,29.175
2019/4/8,7.199,14.6906,78.773,9.6636,59.1076,35.0601,29.9404
2019/4/9,7.2787,14.7705,79.2715,9.6835,57.9451,34.4952,29.1849
2019/4/10,7.2388,14.2815,80.1806,9.5244,57.7481,34.1933,28.8967
2019/4/11,7.0994,14.0719,78.8903,9.3952,57.6594,33.9401,28.4792
2019/4/12,7.3484,14.1218,78.6264,9.4946,56.3394,34.0764,28.4195
2019/4/15,7.209,14.5609,79.8189,9.5145,58.812,35.0016,28.7873
2019/4/16,7.9259,15.8084,83.0934,9.6636,61.0384,36.5696,29.9205
2019/4/17,7.6869,15.4192,82.5753,9.5543,61.3537,36.5209,29.6621
2019/4/18,7.677,15.2096,82.3994,9.4449,61.9743,37.3682,29.9106
2019/4/19,7.9159,15.519,85.0385,9.5543,63.4717,38.3615,31.1929
2019/4/22,7.5674,14.6906,83.0445,9.425,61.0778,36.8423,29.7018
2019/4/23,7.428,14.4711,84.1197,9.5244,60.1223,36.4235,29.9503
2019/4/24,7.5276,14.5409,83.1129,9.4548,59.9055,36.1411,29.5229
2019/4/25,7.3085,13.8723,81.5197,9.3852,58.9697,35.8392,29.3141
2019/4/26,7.2687,13.8024,81.2362,9.0969,58.221,35.2646,29.9006
2019/4/29,6.9501,13.1637,84.4814,8.5501,57.226,35.8197,30.8052
2019/4/30,6.8903,11.8463,84.1588,8.5402,56.5955,35.2354,30.1193
2019/5/6,6.3527,10.6687,79.3693,7.7647,51.6009,33.4044,27.4155
2019/5/7,6.4224,10.5689,79.34,7.8741,51.3448,33.1415,27.505
2019/5/8,6.3825,10.509,77.0038,7.8244,50.3892,32.3624,26.839
2019/5/9,6.273,10.4491,74.9316,7.9337,49.2071,31.2716,25.845
2019/5/10,6.4821,10.8783,79.5452,8.3115,52.4481,32.8688,26.8489
2019/5/13,6.283,10.5389,76.8768,8.0928,50.4188,31.9047,25.2784
2019/5/14,6.2232,10.4192,76.5347,7.9735,50.1035,31.8462,25.5766
2019/5/15,6.3128,10.5888,78.7242,8.1823,51.5714,32.674,25.9642
2019/5/16,6.3427,10.6787,79.1445,8.1922,51.1478,32.4306,25.8748
2019/5/17,6.1834,10.0898,77.3166,7.9536,49.1184,31.7196,25.1988
2019/5/20,6.1336,10.2495,76.1144,8.1226,48.5766,31.9631,25.3678
2019/5/21,6.2133,10.3393,76.4369,8.1624,49.4927,32.6351,25.6064
2019/5/22,6.1635,10.0898,75.8895,8.0729,49.276,32.7227,25.2982
2019/5/23,6.1336,10.0699,74.7989,8.0331,48.6652,32.0313,24.9901
2019/5/24,6.1535,10.1397,75.8499,8.2021,49.0987,32.041,25.1491
2019/5/27,6.2531,10.3593,76.5241,8.391,49.6799,32.2163,25.507
2019/5/28,6.3029,10.2395,77.5255,8.3115,50.2414,32.5377,25.5567
2019/5/29,6.5618,10.7385,79.102,9.0472,53.9849,34.875,26.7893
2019/5/30,6.4821,10.529,78.4179,9.0075,51.995,34.0375,26.2128
2019/5/31,6.3228,10.3793,78.3286,9.0075,50.8325,33.5213,25.9642
2019/6/3,6.273,10.0599,78.5765,9.0969,51.0295,33.8037,26.0537
2019/6/4,6.263,10.1597,77.3074,8.7589,49.2465,33.4239,25.8847
2019/6/5,6.2431,10.0898,76.8414,8.6495,48.8032,32.9467,25.9046
2019/6/6,6.1635,9.7805,76.4547,8.5203,48.4387,32.9954,25.9145
2019/6/10,6.1933,9.8603,78.4278,8.6396,49.808,33.6966,26.2923
2019/6/11,6.4224,10.2296,81.0057,9.077,51.2364,34.3199,26.8986
2019/6/12,6.4024,10.0998,79.8357,8.908,50.8719,34.0472,26.6302
2019/6/13,6.4323,10.1198,79.806,8.9876,50.6059,34.1446,26.6302
2019/6/14,6.3527,9.9202,79.0723,8.8782,49.8474,33.9401,26.4215
2019/6/17,6.3726,9.9601,79.2408,8.8583,50.0444,34.2225,26.5805
2019/6/18,6.2929,9.9102,80.2819,8.8981,50.5764,34.5634,26.67
2019/6/19,6.3626,9.9302,82.83,8.9975,51.0886,35.0795,26.82
2019/6/20,6.6016,10.3294,87.7479,9.7233,53.6303,36.2287,28.38
2019/6/21,6.6613,10.499,87.2224,9.8128,53.8864,36.0924,28.26
2019/6/24,6.6215,10.3094,87.4604,9.6537,54.5267,36.1313,28.48
2019/6/25,6.502,10.1198,85.8938,9.5046,53.0983,35.2354,27.92
2019/6/26,6.5219,10.0499,85.6657,9.3753,53.4924,35.2646,28
2019/6/27,6.5319,10.1397,87.3017,9.4648,54.7632,35.3035,28.47
2019/6/28,6.4622,10.0399,87.857,9.435,54.2115,35.5567,28.32
2019/7/1,6.6016,10.3493,91.0595,9.6736,57.0093,36.3845,29.76
2019/7/2,6.502,10.3493,90.2861,9.5642,56.4773,36.0729,29.35
2019/7/3,6.4024,10.1896,89.8895,9.3057,54.6647,35.6931,29.03
2019/7/4,6.3626,10.1597,89.136,9.3753,53.581,35.1087,28.75
2019/7/5,6.3527,10.2994,90.0779,9.3852,53.916,35.2548,29.37
2019/7/8,6.1734,9.9601,87.8371,8.9677,51.9063,34.018,28.3
2019/7/9,6.2232,10.01,86.7861,8.9478,51.5714,33.9596,28.41
2019/7/10,6.2133,9.88,87.1332,8.8981,51.8767,34.4465,28.27
2019/7/11,6.2033,9.89,87.2323,8.9677,52.3299,35.2646,29.2
2019/7/12,6.2531,10.08,87.9958,9.1963,53.9455,36.6865,30.67
2019/7/15,6.2531,10.13,87.3315,9.1566,54.0736,37.0273,30.68
2019/7/16,6.2133,10.05,86.2111,9.1466,53.4037,36.9689,30.13
2019/7/17,6.1933,9.96,86.2507,9.1566,53.1476,37.1539,30.06
2019/7/18,6.1436,9.84,85.9929,9.087,51.9162,37.7869,30.08
2019/7/19,6.1535,9.83,87.5992,9.0671,53.3938,37.7675,30.13
2019/7/22,6.044,9.37,86.9349,8.8285,52.9998,37.3,30.25
2019/7/23,6.1236,9.4,86.7564,8.8384,53.0786,37.17,29.8
2019/7/24,6.1734,9.51,88.0949,9.0174,54.2312,38.45,30.5
2019/7/25,6.2531,9.44,88.6502,8.9975,54.9109,38.65,30.68
2019/7/26,6.6812,9.54,89.3343,8.9876,54.7041,38.64,30.3
2019/7/29,6.9401,9.44,88.6898,8.9677,54.2312,38.6,29.93
2019/7/30,7.0497,9.68,89.2153,9.077,55.768,39.55,30.36
2019/7/31,7.0994,9.54,87.3414,9.0373,54.7238,38.6,29.69
2019/8/1,7.0994,9.38,86.7663,8.9677,55.1375,38.43,29.57
2019/8/2,7.0994,9.13,85.2989,8.7291,53.8273,37.56,29.03
2019/8/5,7.0297,8.87,83.891,8.5501,52.0639,36.79,28.5
2019/8/6,7.1592,8.47,83.7918,8.391,51.2758,36.85,28.36
2019/8/7,7.0596,8.47,82.7606,8.2717,50.2907,36.74,27.9
2019/8/8,7.0994,8.53,83.7918,8.3612,51,37.11,28.1
2019/8/9,7.0098,8.42,83.6332,8.1723,49.87,36.85,28.17
2019/8/12,7.1094,8.58,85.7649,8.3016,51.15,37.65,28.55
2019/8/13,7.1094,8.53,84.2876,8.1823,49.97,36.5,27.7
2019/8/14,7.1094,8.68,84.3173,8.2618,49.94,36.31,27.75
2019/8/15,7.1094,8.72,85.5765,8.2419,50,36.85,28.04
2019/8/16,7.1094,8.78,86.7167,8.2817,50.16,36.77,28.25
2019/8/19,7.1094,9.16,87.6983,8.57,51.96,38.24,29.2
2019/8/20,7.1094,9.19,87.1927,8.48,51.24,37.92,28.81
2019/8/21,7.1094,9.17,86.9844,8.44,51.39,38.58,29.04
2019/8/22,7.1094,9.42,87.2323,8.46,51.61,39.11,28.91
2019/8/23,7.1094,9.34,89.1261,8.57,52.18,40.02,29.41
2019/8/26,7.1094,9.4,86.7564,8.42,50.8,38.7,28.71
2019/8/27,7.8164,9.38,86.9349,8.57,51.6,38.17,29.55
2019/8/28,7.2886,9.19,86.1615,8.46,50.99,37.46,29.02
2019/8/29,7.0297,9.1,85.9632,8.42,48.8,37.47,28.64
2019/8/30,6.9899,8.94,86.5779,8.4,48.23,37.8,28.85
2019/9/2,7.0098,8.51,87.7479,8.58,49.13,37.68,28.93
2019/9/3,6.8605,8.37,87.5,8.57,49.89,37.62,28.86
2019/9/4,7.1094,8.45,88.3,8.75,50.28,38.2,29.26
2019/9/5,7.2488,9.3,89.23,9.1,51.26,38.53,29.6
2019/9/6,7.2488,9.66,90.7,9.15,51.73,39.13,29.6
2019/9/9,7.3484,9.9,90.4,9.17,51.67,38.51,29.47
2019/9/10,7.2886,10.03,89.44,9.2,51.4,37.95,29.14
2019/9/11,7.3085,9.8,89.56,9.16,51.68,38.23,29.28
2019/9/12,7.5077,10.17,92.34,9.42,52.51,38.79,29.8
2019/9/16,7.3384,9.93,91.35,9.29,51.46,37.85,29.31
2019/9/17,7.1592,9.72,89.52,9.02,50.27,37.29,28.71
2019/9/18,7.2189,9.53,90,8.97,50.46,37.19,28.68
2019/9/19,7.2189,9.59,89.6,9.14,50.63,37.14,28.81
2019/9/20,7.2189,9.45,89.85,9.15,50.58,37.2,28.97
2019/9/23,7.0596,9.25,88.91,9.04,49.74,36.45,28.63
2019/9/24,7.0497,9.18,88.95,9,49.75,35.46,28.5
2019/9/25,6.97,9,88.78,8.8,49.76,35.58,28.15
2019/9/26,6.96,8.89,88.35,8.7,49.56,35.69,28.11
2019/9/27,7.02,8.88,88.3,8.69,49.4,35.6,28.06
2019/9/30,7.05,8.73,87.04,8.6,48.67,34.87,27.48
