ÈÕÆÚ,000089.SZ,600004.SH,600009.SH,600897.SH
2014/1/2,4.1202,4.1811,13.4014,12.2618
2014/1/3,4.0537,4.1449,13.1147,12.0989
2014/1/6,4.0727,4.0666,12.606,11.6671
2014/1/7,4.0632,4.0365,12.6337,11.7486
2014/1/8,4.0727,4.0606,12.8557,11.7486
2014/1/9,3.9968,4.0124,12.9482,11.5856
2014/1/10,3.8829,3.9582,12.8187,11.4064
2014/1/13,3.9113,3.916,12.828,11.5612
2014/1/14,3.9683,3.9883,13.0407,11.5856
2014/1/15,3.9208,3.9762,12.9667,11.5775
2014/1/16,3.9398,4.0003,12.8649,11.6508
2014/1/17,3.8734,3.9762,12.4765,11.5612
2014/1/20,3.7689,3.9461,12.532,11.4715
2014/1/21,3.7974,3.9822,12.495,11.5775
2014/1/22,3.8829,4.0666,12.791,11.7567
2014/1/23,3.8734,4.0666,12.6245,11.773
2014/1/24,3.9113,4.0847,12.5412,11.8952
2014/1/27,3.8829,4.0545,12.3285,11.6915
2014/1/28,3.8734,4.0606,12.3193,11.6345
2014/1/29,3.8734,4.0666,12.4025,11.8708
2014/1/30,3.8829,4.0485,12.347,11.7811
2014/2/7,3.9493,4.0304,12.3008,11.8382
2014/2/10,4.0063,4.1088,12.6337,12.1233
2014/2/11,4.0158,4.1148,12.7817,12.3596
2014/2/12,4.0253,4.2172,12.68,12.6203
2014/2/13,4.0158,4.2955,12.6892,12.6855
2014/2/14,4.0347,4.3016,12.754,12.7833
2014/2/17,4.0158,4.2835,12.7077,12.8159
2014/2/18,3.9683,4.2534,12.5782,12.7751
2014/2/19,3.9968,4.2775,12.6245,12.7914
2014/2/20,3.9683,4.2775,12.7632,12.3759
2014/2/21,3.9398,4.2052,12.5875,12.5063
2014/2/24,3.8829,4.3196,12.1898,12.3352
2014/2/25,3.8069,4.2353,11.9123,11.9604
2014/2/26,3.8164,4.2112,11.8661,11.7323
2014/2/27,3.8164,4.1931,11.8753,11.7241
2014/2/28,3.8449,4.2594,11.8661,11.7893
2014/3/3,3.8829,4.3016,12.0048,12.0093
2014/3/4,3.8449,4.2835,12.0418,12.2618
2014/3/5,3.8164,4.2413,12.0418,12.1804
2014/3/6,3.8259,4.2413,12.0696,11.9604
2014/3/7,3.7974,4.2172,12.0788,11.6834
2014/3/10,3.674,4.0545,11.7828,11.2679
2014/3/11,3.674,4.0485,11.5794,11.2842
2014/3/12,3.6645,4.0124,11.5516,11.276
2014/3/13,3.674,4.0485,11.4961,11.4552
2014/3/14,3.6265,4.0365,11.3297,11.3249
2014/3/17,3.6455,4.0726,11.5424,11.5449
2014/3/18,3.636,4.0726,11.5424,11.5367
2014/3/19,3.6645,4.0847,11.6071,11.5041
2014/3/20,3.6265,4.0184,11.4406,11.276
2014/3/21,3.6835,4.1208,11.6164,11.5367
2014/3/24,3.731,4.169,11.8291,11.6834
2014/3/25,3.7215,4.169,11.9678,11.6345
2014/3/26,3.7025,4.157,11.9586,11.6508
2014/3/27,3.7215,4.169,11.8753,11.5449
2014/3/28,3.731,4.2232,12.0048,11.4715
2014/3/31,3.6455,4.2232,11.6256,11.3493
2014/4/1,3.693,4.2052,11.6256,11.5367
2014/4/2,3.712,4.2293,11.6349,11.5693
2014/4/3,3.6835,4.1871,11.5701,11.7811
2014/4/4,3.7025,4.2052,11.5979,11.7893
2014/4/8,3.731,4.2473,11.7828,11.8789
2014/4/9,3.7215,4.2293,11.8568,11.773
2014/4/10,3.7404,4.2654,12.0326,11.8871
2014/4/11,3.712,4.2714,12.347,12.2211
2014/4/14,3.712,4.2413,12.2638,12.5144
2014/4/15,3.636,4.2172,12.0881,12.3433
2014/4/16,3.636,4.2112,12.1158,12.4655
2014/4/17,3.636,4.2232,12.1898,12.2292
2014/4/18,3.6265,4.2473,12.0881,12.3107
2014/4/21,3.5791,4.1509,11.8383,12.1478
2014/4/22,3.5601,4.157,11.9123,12.1396
2014/4/23,3.5791,4.1449,11.8938,12.1396
2014/4/24,3.6265,4.2172,12.31,12.3759
2014/4/25,3.5221,4.1509,12.0881,11.7974
2014/4/28,3.4841,4.0786,11.8106,11.5286
2014/4/29,3.4936,4.1208,12.0418,11.7241
2014/4/30,3.5221,4.157,12.236,11.9848
2014/5/5,3.5316,4.1871,12.2545,11.9767
2014/5/6,3.5506,4.2112,12.273,11.9685
2014/5/7,3.5316,4.1811,12.2915,11.6019
2014/5/8,3.5221,4.1811,12.421,11.7567
2014/5/9,3.5696,4.1268,12.2545,11.6834
2014/5/12,3.636,4.1931,12.5412,11.9522
2014/5/13,3.6455,4.2293,12.8372,11.9685
2014/5/14,3.6265,4.2052,12.754,11.8789
2014/5/15,3.598,4.1871,12.7077,11.6508
2014/5/16,3.6075,4.2052,12.532,11.7078
2014/5/19,3.598,4.163,12.4303,11.7241
2014/5/20,3.5886,4.169,12.4673,11.7323
2014/5/21,3.6265,4.2293,12.5597,11.8056
2014/5/22,3.6075,4.2112,12.384,11.6834
2014/5/23,3.617,4.2473,12.4118,11.7486
2014/5/26,3.6265,4.2413,12.458,11.8708
2014/5/27,3.617,4.2112,12.2268,11.8056
2014/5/28,3.617,4.2353,12.3933,12.0419
2014/5/29,3.6075,4.1811,12.273,11.9115
2014/5/30,3.598,4.2052,12.3285,12.0093
2014/6/3,3.598,4.1931,12.2083,11.8789
2014/6/4,3.5693,4.1329,11.9308,11.7078
2014/6/5,3.5788,4.163,11.9771,11.8137
2014/6/6,3.5597,4.157,11.8013,11.7811
2014/6/9,3.5597,4.1389,11.7736,11.7323
2014/6/10,3.598,4.175,12.0418,11.8708
2014/6/11,3.6267,4.175,12.125,11.9685
2014/6/12,3.6171,4.157,11.8753,11.9196
2014/6/13,3.6458,4.2052,12.0418,12.0907
2014/6/16,3.6554,4.1991,12.162,12.0744
2014/6/17,3.6171,4.1811,12.1066,11.9685
2014/6/18,3.5693,4.169,11.9031,11.8708
2014/6/19,3.531,4.1148,11.7643,11.5597
2014/6/20,3.5501,4.1329,11.7459,12.2911
2014/6/23,3.5693,4.163,11.7459,11.9969
2014/6/24,3.5788,4.175,11.8291,11.9632
2014/6/25,3.5406,4.2112,11.7643,12.0137
2014/6/26,3.5597,4.2172,11.8291,11.9885
2014/6/27,3.5884,4.2232,11.8753,11.9969
2014/6/30,3.6075,4.2413,11.9308,12.2407
2014/7/1,3.6075,4.2473,12.0048,12.2575
2014/7/2,3.6267,4.2654,11.9678,12.3332
2014/7/3,3.6458,4.2835,11.9678,12.7115
2014/7/4,3.6267,4.2835,11.9863,12.6106
2014/7/7,3.6362,4.2654,11.9493,12.5854
2014/7/8,3.7032,4.2835,12.0881,12.6106
2014/7/9,3.6554,4.2232,11.9031,12.4088
2014/7/10,3.665,4.2473,11.8291,12.4004
2014/7/11,3.6745,4.2835,11.8846,12.5685
2014/7/14,3.6937,4.3377,12.0233,12.8124
2014/7/15,3.665,4.3196,12.0788,12.6778
2014/7/16,3.6937,4.3317,12.0696,12.7535
2014/7/17,3.665,4.3979,12.0511,12.7619
2014/7/18,3.6554,4.3979,12.1713,12.9385
2014/7/21,3.6745,4.3196,12.2268,12.9469
2014/7/22,3.6841,4.3437,12.2638,13.4597
2014/7/23,3.665,4.3377,12.273,12.9469
2014/7/24,3.7894,4.3799,12.384,12.9973
2014/7/25,3.7989,4.4281,12.643,12.9385
2014/7/28,3.8468,4.4883,12.8002,13.1823
2014/7/29,3.8659,4.4702,12.7447,13.7455
2014/7/30,3.8276,4.4341,12.6707,13.4933
2014/7/31,3.8563,4.4702,12.6707,13.6531
2014/8/1,3.8468,4.4401,12.5412,13.5942
2014/8/4,3.885,4.5365,12.7632,13.6026
2014/8/5,3.8755,4.5064,12.7077,13.4177
2014/8/6,3.8755,4.5245,12.643,13.2831
2014/8/7,3.8563,4.4763,12.532,13.0309
2014/8/8,3.8563,4.4763,12.569,13.1234
2014/8/11,3.885,4.508,12.7632,13.1991
2014/8/12,3.9137,4.527,13.0592,13.2831
2014/8/13,3.9137,4.5016,12.9944,13.5438
2014/8/14,3.9233,4.4826,12.9112,13.3084
2014/8/15,3.952,4.5143,13.2042,13.4681
2014/8/18,3.9616,4.5333,13.1286,13.527
2014/8/19,3.9712,4.6158,13.2893,13.5185
2014/8/20,3.9616,4.6792,13.1947,13.4008
2014/8/21,3.9137,4.6982,13.138,13.3504
2014/8/22,3.952,4.7552,12.949,13.4008
2014/8/25,4.019,4.7679,13.138,13.4345
2014/8/26,3.9042,4.7933,12.9017,13.1907
2014/8/27,3.9137,4.7806,12.8167,13.1739
2014/8/28,3.8755,4.6855,12.6938,13.1739
2014/8/29,3.885,4.7172,12.8167,13.3336
2014/9/1,3.9137,4.7489,13.0057,13.4093
2014/9/2,3.9807,4.7869,13.1664,13.7287
2014/9/3,3.9903,4.8123,13.1758,13.6447
2014/9/4,4.0094,4.7996,13.4121,13.796
2014/9/5,4.1051,4.9645,13.7618,14.2163
2014/9/9,4.1051,5.0786,13.6957,14.3508
2014/9/10,4.1051,5.0659,13.6012,14.1239
2014/9/11,4.086,5.0532,13.724,14.1239
2014/9/12,4.1338,5.1547,13.7335,14.1154
2014/9/15,4.2008,5.2117,13.8375,14.1827
2014/9/16,4.1243,5.0723,13.6579,13.6951
2014/9/17,4.2104,5.0913,13.8186,13.8464
2014/9/18,4.2869,5.104,13.7429,13.9305
2014/9/19,4.2582,5.0976,13.7051,13.9809
2014/9/22,4.1434,5.0406,13.6484,13.7708
2014/9/23,4.1721,5.0532,13.828,13.9389
2014/9/24,4.2104,5.1357,13.9036,14.1407
2014/9/25,4.2391,5.1293,14.0265,14.0566
2014/9/26,4.2582,5.123,14.2817,14.5022
2014/9/29,4.2965,5.1991,14.2912,14.9477
2014/9/30,4.3061,5.2942,14.2344,14.9814
2014/10/8,4.3252,5.2878,14.2722,14.8889
2014/10/9,4.3061,5.2751,14.2439,15.0991
2014/10/10,4.2774,5.2054,13.9981,14.6787
2014/10/13,4.2582,5.2308,13.7902,14.5694
2014/10/14,4.3922,5.2561,13.7997,14.6451
2014/10/15,4.5453,5.3449,13.9981,14.7544
2014/10/16,4.4113,5.2561,13.7902,14.4938
2014/10/17,4.3156,5.2751,13.8091,14.292
2014/10/20,4.3731,5.3322,13.9036,15.5446
2014/10/21,4.3444,5.3512,13.7051,15.3429
2014/10/22,4.2774,5.3259,13.6768,14.9982
2014/10/23,4.1817,5.2117,13.5917,16.0407
2014/10/24,4.1817,5.2308,13.6106,16.9991
2014/10/27,4.1913,5.1927,13.7146,16.6796
2014/10/28,4.3252,5.3259,14.0549,17.369
2014/10/29,4.5262,5.7126,14.6125,18.5796
2014/10/30,4.6123,5.6556,14.6503,18.3358
2014/10/31,4.5836,5.8141,14.707,17.8986
2014/11/3,4.8611,5.9155,15.1513,18.092
2014/11/4,4.8515,5.8585,14.9244,17.0663
2014/11/5,4.775,5.8204,14.7354,17.2597
2014/11/6,4.8802,5.9345,14.6598,17.1756
2014/11/7,4.8228,5.8648,14.7543,16.8309
2014/11/10,4.9568,6.1121,15.3214,17.5035
2014/11/11,4.8898,5.9979,15.2836,16.873
2014/11/12,4.9855,6.2452,16.0586,17.2429
2014/11/13,4.9855,6.2135,16.2571,17.6716
2014/11/14,4.9759,6.1374,16.1154,17.3101
2014/11/17,4.7845,6.1818,16.1721,17.8146
2014/11/18,4.8324,5.9916,15.6617,18.7225
2014/11/19,4.7654,5.9472,15.5766,18.2097
2014/11/20,4.775,5.9789,15.6428,18.3022
2014/11/21,4.9472,6.1628,15.794,18.0079
2014/11/24,4.9663,6.1438,16.0208,18.1172
2014/11/25,5.0716,6.2325,16.5407,18.2349
2014/11/26,5.0716,6.1945,16.1154,18.2433
2014/11/27,5.0907,6.1311,15.983,17.7809
2014/11/28,5.4161,6.391,16.4273,18.1676
2014/12/1,5.6075,6.2896,16.276,17.9322
2014/12/2,5.5596,6.3847,16.4273,17.8398
2014/12/3,5.4639,6.3403,16.7297,17.5203
2014/12/4,5.5692,6.4544,17.1361,17.6464
2014/12/5,5.3874,6.3403,16.6068,17.1504
2014/12/8,5.5501,6.5813,17.0322,18.8654
2014/12/9,5.684,7.0568,17.3157,19.3446
2014/12/10,6.0955,7.7479,18.8847,21.2783
2014/12/11,6.4878,8.0585,19.2439,23.4052
2014/12/12,6.306,7.824,18.743,25.011
2014/12/15,6.2773,7.7415,18.6957,23.5818
2014/12/16,6.1625,7.6147,18.6012,22.7327
2014/12/17,6.2869,7.7606,18.6768,23.1446
2014/12/18,6.1051,7.5703,18.346,22.6654
2014/12/19,6.2199,7.7415,18.9603,22.5225
2014/12/22,5.9424,7.3231,18.5161,20.2862
2014/12/23,5.7989,7.1455,17.9206,20.3451
2014/12/24,5.6745,7.2406,17.5142,21.0008
2014/12/25,5.8276,7.3801,18.0152,21.1101
2014/12/26,5.9711,7.5006,18.7146,21.6818
2014/12/29,5.7414,7.1329,18.5067,21.0092
2014/12/30,5.4735,6.8349,18.3932,20.1265
2014/12/31,5.5501,6.93,18.5445,20.1685
2015/1/5,5.7414,7.3865,19.4046,20.7738
2015/1/6,5.8084,7.4118,18.9887,20.6309
2015/1/7,5.7797,7.3358,19.0738,20.5805
2015/1/8,5.7701,7.1772,18.9036,19.9583
2015/1/9,5.7414,7.2089,18.8564,19.7314
2015/1/12,5.5022,6.9236,18.3932,19.3867
2015/1/13,5.617,6.9934,18.2798,19.5296
2015/1/14,5.4735,6.9236,17.8545,19.4203
2015/1/15,5.5788,7.1963,18.5067,19.7314
2015/1/16,5.617,7.1963,18.45,20.1685
2015/1/19,5.1864,6.6764,17.3913,19.5212
2015/1/20,5.33,6.8285,18.1664,20.2526
2015/1/21,5.5405,7.0758,18.7335,20.7738
2015/1/22,5.5788,7.247,18.743,20.9083
2015/1/23,5.5788,7.2533,19.4046,20.53
2015/1/26,5.751,7.3611,20.1324,21.1101
2015/1/27,5.6936,7.2597,19.9244,21.9172
2015/1/28,5.5596,7.2026,19.9811,22.0265
2015/1/29,5.6362,7.1455,19.518,21.7911
2015/1/30,5.4831,7.0504,19.2723,20.8075
2015/2/2,5.3682,6.8602,18.9509,19.8407
2015/2/3,5.5309,6.9236,19.121,20.076
2015/2/4,5.5501,6.8919,19.1021,19.7145
2015/2/5,5.5692,6.8539,19.0265,19.4119
2015/2/6,5.5118,6.67,18.7524,18.5544
2015/2/9,5.4639,6.5305,18.3649,18.3946
2015/2/10,5.7606,6.632,19.1966,18.6132
2015/2/11,5.8945,6.6573,19.3101,19.1933
2015/2/12,5.8467,6.7017,19.1305,19.042
2015/2/13,5.8754,6.8032,19.1683,19.3194
2015/2/16,5.952,6.8729,19.9622,19.538
2015/2/17,6.0955,7.0695,20.5483,20.1265
2015/2/25,5.8754,6.9807,19.9528,19.5716
2015/2/26,6.0285,7.1012,20.2552,20.219
2015/2/27,5.9998,7.2406,19.9433,20.1097
2015/3/2,6.1338,7.2216,19.9433,20.3367
2015/3/3,5.952,6.987,19.414,19.9331
2015/3/4,5.952,7.0378,19.5464,19.9247
2015/3/5,5.885,6.987,19.622,19.8322
2015/3/6,5.8371,6.9807,19.707,20.4376
2015/3/9,5.9328,7.0631,19.7449,20.2022
2015/3/10,5.9807,7.1899,20.3309,20.5132
2015/3/11,6.0381,7.1709,20.6806,20.5216
2015/3/12,6.0381,7.1012,21.5218,20.3535
2015/3/13,6.2964,7.2597,22.2118,20.6645
2015/3/16,6.4496,7.4245,22.4008,21.2614
2015/3/17,6.928,7.9064,23.8847,22.842
2015/3/18,6.9758,7.8493,23.8469,22.8252
2015/3/19,6.8323,7.7352,23.2515,22.8588
2015/3/20,6.8419,7.7986,22.9774,22.6066
2015/3/23,6.8802,7.8493,23.5445,22.699
2015/3/24,6.8419,7.7542,23.8753,22.2619
2015/3/25,6.8897,7.8747,22.9018,22.5645
2015/3/26,7.4639,7.9191,22.4764,22.2535
2015/3/27,7.3299,7.9951,22.5237,22.3291
2015/3/30,7.8084,8.3312,23.2042,23.565
2015/3/31,7.6457,8.1283,22.8167,23.0353
2015/4/1,7.8658,8.2361,23.1664,23.2035
2015/4/2,7.9232,8.2044,23.3082,23.2203
2015/4/3,7.9615,8.4643,24.4708,23.2287
2015/4/7,8.4399,8.6736,24.4897,24.6411
2015/4/8,8.4782,8.5024,23.9037,24.1282
2015/4/9,8.6409,8.2361,23.1664,23.8676
2015/4/10,8.9566,8.458,23.4878,24.1955
2015/4/13,8.9758,8.6102,23.7808,24.3973
2015/4/14,8.9088,8.8701,24.4613,24.599
2015/4/15,8.5069,8.6609,24.5464,23.9013
2015/4/16,8.5547,9.054,25.4727,24.019
2015/4/17,8.5547,9.1681,25.397,25.0614
2015/4/20,8.4878,9.092,24.2061,26.3477
2015/4/21,8.6217,9.4724,24.9055,25.9946
2015/4/22,8.8514,9.6056,25.4537,26.7849
2015/4/23,8.6791,9.4978,25.5388,26.2468
2015/4/24,8.5069,9.3012,25.3403,24.9437
2015/4/27,8.6313,9.5358,25.794,24.7756
2015/4/28,8.3155,9.2125,24.7543,23.5061
2015/4/29,8.4016,9.4027,26.4178,24.1114
2015/4/30,8.6026,9.4598,26.1154,24.515
2015/5/4,9.4638,10.0177,27.1078,24.1367
2015/5/5,8.8801,9.4281,25.7279,22.7411
2015/5/6,8.9566,9.371,25.5199,21.9845
2015/5/7,8.727,9.1364,24.7638,21.4884
2015/5/8,9.416,9.707,25.1796,21.9676
2015/5/11,9.6073,9.8782,25.7562,22.615
2015/5/12,9.6648,9.7958,27.278,22.7411
2015/5/13,9.2533,9.688,26.4556,22.5645
2015/5/14,9.1672,9.7134,25.6995,22.346
2015/5/15,9.0332,9.6373,25.7373,21.892
2015/5/18,8.794,9.3456,26.2666,21.8583
2015/5/19,8.9566,9.65,26.9282,22.6318
2015/5/20,9.1672,9.6943,28.8659,22.7495
2015/5/21,9.5212,10.0811,31.7487,25.0278
2015/5/22,9.6073,10.5503,31.2099,24.6915
2015/5/25,10.5643,11.3492,31.7109,27.1632
2015/5/26,11.502,11.4062,32.0228,28.5756
2015/5/27,12.325,11.8754,31.6636,29.9964
2015/5/28,12.1049,10.9371,28.8848,28.626
2015/5/29,12.2484,10.9941,28.346,29.5256
2015/6/1,12.9087,12.091,30.0473,30.6858
2015/6/2,12.9661,12.6806,30.1513,30.4756
2015/6/3,12.325,12.5031,29.5842,29.8282
2015/6/4,12.3919,12.1417,29.8772,27.9787
2015/6/5,12.813,12.3002,30.4349,29.6769
2015/6/8,12.5833,12.7757,32.0984,30.8203
2015/6/9,12.4972,12.4904,33.0719,29.534
2015/6/10,12.2197,12.5221,33.9415,30.4335
2015/6/11,13.1479,12.6806,35.5294,32.0561
2015/6/12,13.435,12.7385,35.4632,31.5433
2015/6/15,14.7746,13.4848,38.0247,34.6959
2015/6/16,13.789,12.5198,34.225,31.2238
2015/6/17,13.5976,12.9509,33.2137,29.9291
2015/6/18,13.1957,12.6999,32.1834,28.9707
2015/6/19,11.8752,11.4325,30.1986,26.0728
2015/6/23,12.0475,11.5741,31.6447,25.5784
2015/6/24,12.2675,11.7349,32.4103,26.4308
2015/6/25,11.435,10.9371,29.8205,24.692
2015/6/26,10.2963,9.8499,27.2401,22.2203
2015/6/29,10.0284,10.178,27.3158,24.4363
2015/6/30,10.7939,10.8728,29.9623,26.0898
2015/7/1,9.7604,9.9592,27.3914,23.4902
2015/7/2,8.7844,8.962,26.2288,21.6066
2015/7/3,7.904,8.3766,25.5294,19.8763
2015/7/6,7.6553,8.7819,26.2193,19.007
2015/7/7,6.8897,7.9069,25.2175,17.1063
2015/7/8,6.2008,7.2442,22.6938,15.3931
2015/7/9,6.2008,7.9712,24.9623,16.9358
2015/7/10,6.2008,8.769,27.4575,18.6319
2015/7/13,6.8256,9.644,30.1797,20.4985
2015/7/14,7.5082,9.4831,28.4027,20.5923
2015/7/15,7.4025,8.5824,25.5672,18.5382
2015/7/16,7.7005,8.9878,26.4934,18.9729
2015/7/17,8.4696,9.4188,27.8545,20.6264
2015/7/20,9.1137,9.3673,27.8545,21.7856
2015/7/21,9.4982,9.4638,28.2893,21.4617
2015/7/22,9.3348,9.3866,27.9868,21.1634
2015/7/23,9.6616,9.8048,28.7524,22.0839
2015/7/24,9.3444,9.5603,28.1097,21.3168
2015/7/27,8.4119,8.6017,25.3025,20.7628
2015/7/28,7.7293,8.6146,25.9074,20.294
2015/7/29,8.3638,9.0135,26.9377,20.7116
2015/7/30,8.0754,8.8205,26.2099,20.7202
2015/7/31,7.9889,8.8719,26.7108,19.3649
2015/8/3,7.8158,9.1164,28.4405,17.9075
2015/8/4,8.4503,9.4638,29.0738,18.9984
2015/8/5,8.0369,9.2773,28.1097,18.9388
2015/8/6,7.912,9.2966,28.8848,18.9473
2015/8/7,8.1139,9.4638,29.1116,19.5866
2015/8/10,8.6714,10.0236,30.1986,20.6434
2015/8/11,8.6426,9.9399,29.6126,20.9247
2015/8/12,8.3926,9.5861,28.743,20.0042
2015/8/13,8.6714,9.8177,30.2269,20.4048
2015/8/14,8.8926,9.8885,30.3403,22.4419
2015/8/17,9.2386,10.2552,31.1059,24.6835
2015/8/18,8.3157,9.5024,27.9963,22.2117
2015/8/19,8.4023,9.7984,28.0908,22.7317
2015/8/20,8.0273,9.6182,26.5988,21.8197
2015/8/21,7.4121,9.1164,24.9441,21.2827
2015/8/24,6.6718,8.2029,22.5721,19.1519
2015/8/25,6.0085,7.4051,23.0312,17.2341
2015/8/26,6.1431,7.6238,23.9494,18.3422
2015/8/27,6.5468,8.0549,26.044,18.4189
2015/8/28,6.9987,8.5117,27.0292,20.0298
2015/8/31,6.6526,8.19,26.0727,20.1235
2015/9/1,6.2681,7.7911,24.1789,18.1376
2015/9/2,6.1527,8.0291,25.604,16.9188
2015/9/7,6.2777,7.9005,24.6667,16.7483
2015/9/8,6.5757,8.1321,26.3501,17.1659
2015/9/9,6.768,8.2672,26.6944,17.541
2015/9/10,6.5757,8.0677,26.111,16.8761
2015/9/11,6.7007,8.0484,27.23,16.8506
2015/9/14,6.2008,7.6689,25.3745,15.2226
2015/9/15,6.0566,7.4437,25.2693,14.1743
2015/9/16,6.5661,7.997,27.1535,15.3249
2015/9/17,6.4026,7.6817,26.0344,14.7624
2015/9/18,6.4411,7.6689,26.1397,15.163
2015/9/21,6.6141,7.8104,26.8187,15.5465
2015/9/22,6.5949,7.9133,27.0674,15.9045
2015/9/23,6.4315,7.7075,26.111,15.2738
2015/9/24,6.5661,7.7847,27.0005,15.5806
2015/9/25,6.3546,7.7203,26.9431,15.3334
2015/9/28,6.3738,7.804,27.0005,15.4868
2015/9/29,6.1142,7.656,26.4744,15.1374
2015/9/30,6.1238,7.7139,26.5127,15.2397
2015/10/8,6.4507,7.9841,27.4022,15.8363
2015/10/9,6.5661,8.0935,27.3257,16.0409
2015/10/12,6.8641,8.4152,27.3257,16.8676
2015/10/13,6.9218,8.3894,28.1004,17.2341
2015/10/14,6.7391,8.2222,27.4309,16.6972
2015/10/15,6.9602,8.3894,27.8421,17.1745
2015/10/16,7.6524,8.8333,29.2194,17.5665
2015/10/19,7.537,8.6596,29.009,17.4387
2015/10/20,7.7389,8.769,28.9516,17.6603
2015/10/21,7.0948,8.2479,27.7082,16.3818
2015/10/22,7.364,8.4731,28.1769,17.0296
2015/10/23,7.5467,8.6403,28.3873,17.4216
2015/10/26,7.614,8.6403,28.1769,17.8052
2015/10/27,7.8735,8.5953,28.1099,17.7626
2015/10/28,7.6236,8.4924,28.5116,17.5921
2015/10/29,7.7678,8.5824,28.9134,17.8734
2015/10/30,7.6236,8.6596,28.9038,17.8734
2015/11/2,7.5947,8.7626,29.6498,17.8989
2015/11/3,7.7678,8.7561,29.2959,18.649
2015/11/4,8.3061,9.1486,30.2046,20.5156
2015/11/5,8.3446,9.0457,30.3385,20.8736
2015/11/6,8.4311,9.2387,31.008,21.939
2015/11/9,8.4599,9.3094,30.941,21.1804
2015/11/10,8.4407,9.155,29.0664,20.6775
2015/11/11,8.3157,9.1872,29.6785,20.6946
2015/11/12,8.1908,9.0392,29.3533,20.3196
2015/11/13,8.0754,8.917,29.6116,20.0468
2015/11/16,8.085,9.0199,29.4107,20.2088
2015/11/17,8.21,8.9685,29.2194,20.5071
2015/11/18,8.0658,8.8719,28.856,19.8082
2015/11/19,8.1908,8.9749,28.856,20.132
2015/11/20,8.335,8.962,28.8368,20.2258
2015/11/23,8.1331,8.9105,28.8464,20.0212
2015/11/24,8.0946,8.8012,28.8847,20.1406
2015/11/25,8.1235,8.8205,28.7508,20.5156
2015/11/26,8.2773,8.9491,28.4447,20.3025
2015/11/27,7.7005,8.4988,27.3257,18.7342
2015/11/30,7.5659,8.531,27.3543,18.2484
2015/12/1,7.7197,8.6596,27.9473,18.4189
2015/12/2,7.8831,8.9363,28.7603,18.9132
2015/12/3,7.8831,8.9749,28.7794,19.2712
2015/12/4,7.7966,8.814,28.8273,18.9047
2015/12/7,7.8639,8.9749,29.1333,19.2115
2015/12/8,7.6812,8.8333,28.4543,19.1689
2015/12/9,7.537,8.814,28.3969,18.649
2015/12/10,7.5467,8.8333,28.6934,18.5552
2015/12/11,7.6909,8.8848,28.6264,18.6831
2015/12/14,7.787,9.0714,28.6551,19.1178
2015/12/15,7.9312,8.9878,28.636,19.2115
2015/12/16,7.8254,9.0264,28.7794,19.4587
2015/12/17,7.96,9.1679,29.1812,19.8423
2015/12/18,8.1042,9.2387,29.3629,19.9871
2015/12/21,8.2965,9.4896,30.0324,20.4133
2015/12/22,8.2388,9.5024,29.5159,20.3196
2015/12/23,8.2965,9.2966,28.9516,20.3025
2015/12/24,8.1235,9.2322,28.8942,20.3025
2015/12/25,8.1619,9.2837,28.942,20.5241
2015/12/28,7.9697,9.0135,28.1673,19.9786
2015/12/29,7.9985,9.0907,28.6264,20.1747
2015/12/30,7.9985,9.11,28.6647,20.2258
2015/12/31,7.8447,9.155,28.2343,19.7059
2016/1/4,7.3159,8.3894,27.0387,18.112
2016/1/5,7.4505,8.4538,27.5074,18.2654
2016/1/6,7.5274,8.6403,28.2151,18.6319
2016/1/7,6.7776,7.9905,26.7709,17.2256
2016/1/8,6.9698,8.1707,26.8092,17.6603
2016/1/11,6.8256,7.7847,25.9292,17.0466
2016/1/12,6.8737,7.8233,25.6519,17.0125
2016/1/13,6.941,7.6496,25.6232,16.4926
2016/1/14,7.1525,7.7654,25.6997,16.8932
2016/1/15,6.9122,7.508,25.3362,16.271
2016/1/18,6.8641,7.7203,25.4319,16.3136
2016/1/19,7.0275,8.0549,26.1492,16.8165
2016/1/20,7.0852,8.0098,26.0536,16.9443
2016/1/21,6.816,7.849,25.6423,16.1261
2016/1/22,6.8737,7.9519,26.0058,16.3562
2016/1/25,6.8737,8.0163,26.1875,16.5352
2016/1/26,6.3065,7.6367,25.4797,15.376
2016/1/27,6.4315,7.6689,24.7432,15.1971
2016/1/28,6.4892,7.5917,24.1407,14.6516
2016/1/29,6.6814,7.8554,24.7337,15.1203
2016/2/1,6.7391,7.6882,24.1216,15.6999
2016/2/2,6.8256,7.849,24.485,15.9641
2016/2/3,6.8064,7.9519,24.4467,15.9045
2016/2/4,6.8833,8.0677,24.8389,16.0664
2016/2/5,6.8929,7.9455,24.9824,15.8107
2016/2/15,6.9891,7.9391,25.671,15.7085
2016/2/16,7.1717,8.1642,26.0344,16.2284
2016/2/17,7.2871,8.2543,26.6753,16.2539
2016/2/18,7.2102,8.235,26.7709,16.2369
2016/2/19,7.2102,8.1836,26.5892,16.2454
2016/2/22,7.2775,8.3508,27.077,16.6972
2016/2/23,7.0371,8.3573,26.637,16.3733
2016/2/24,7.066,8.7111,27.01,16.4415
2016/2/25,6.5853,8.3959,26.6848,15.2823
2016/2/26,6.7103,7.6367,26.7613,15.3675
2016/2/29,6.5084,7.2571,26.0153,14.626
2016/3/1,6.7295,7.3536,26.1205,14.8987
2016/3/2,7.0275,7.6431,27.3257,15.5465
2016/3/3,6.9506,7.6174,27.5265,15.5976
2016/3/4,6.9795,7.5466,27.077,15.2823
2016/3/7,7.0564,7.6174,27.823,15.6062
2016/3/8,6.9506,7.6238,27.3735,15.6317
2016/3/9,6.9602,7.5402,26.6753,15.3419
2016/3/10,6.7872,7.4566,26.7422,15.1715
2016/3/11,6.7391,7.463,26.7613,15.0862
2016/3/14,6.941,7.611,27.5169,15.4783
2016/3/15,6.9025,7.7332,27.5648,15.5636
2016/3/16,6.8641,7.6753,27.4213,15.6488
2016/3/17,6.9891,7.7911,28.1004,15.9301
2016/3/18,7.114,7.9391,28.0812,16.2966
2016/3/21,7.364,8.042,28.1386,16.4415
2016/3/22,7.2294,7.9777,28.0047,16.288
2016/3/23,7.2871,7.8812,28.0334,16.3392
2016/3/24,7.1044,7.7847,28.0334,16.1431
2016/3/25,7.191,7.849,28.5786,16.3733
2016/3/28,7.3352,7.8554,28.0334,16.4159
2016/3/29,7.3928,7.7782,27.9378,16.0835
2016/3/30,7.8254,8.0549,28.3012,16.6119
2016/3/31,7.9216,7.9777,28.7794,16.7312
2016/4/1,7.8351,7.9262,28.569,16.6716
2016/4/5,7.8543,8.0935,28.7029,16.9955
2016/4/6,7.7485,8.1385,28.3969,18.6916
2016/4/7,7.7005,8.0356,27.9856,17.9245
2016/4/8,7.8158,7.9519,27.7656,17.7881
2016/4/11,7.8254,8.0935,27.8326,18.0012
2016/4/12,7.787,8.0484,27.8804,18.0097
2016/4/13,7.7966,8.1642,27.9952,18.0012
2016/4/14,7.8158,8.2029,27.8708,18.095
2016/4/15,7.7293,8.2029,28.0812,17.916
2016/4/18,7.5563,8.0356,27.4213,17.6347
2016/4/19,7.7293,7.9777,27.383,17.6518
2016/4/20,7.4601,7.8168,26.5127,16.9188
2016/4/21,7.5082,7.7975,26.7613,17.1318
2016/4/22,7.5755,7.7975,27.077,17.0125
2016/4/25,7.5851,7.8168,27.0578,16.8761
2016/4/26,7.5467,7.849,26.857,17.0551
2016/4/27,7.5563,7.8104,26.7805,17.1233
2016/4/28,7.6716,7.7782,26.6561,17.0125
2016/4/29,7.537,7.7332,26.0249,16.7483
2016/5/3,7.6428,7.9133,26.5414,17.2853
2016/5/4,7.8831,7.9648,27.0292,17.5495
2016/5/5,7.7678,7.9905,27.0578,17.6432
2016/5/6,7.614,7.894,26.7518,17.0807
2016/5/9,7.4986,7.656,26.3788,16.3647
2016/5/10,7.5082,7.6817,26.9431,16.5949
2016/5/11,7.8543,7.9391,27.7465,17.1148
2016/5/12,7.8543,7.9005,27.2874,17.1404
2016/5/13,7.8543,7.8426,26.6944,17.2171
2016/5/16,8.0273,7.9133,26.9239,17.5751
2016/5/17,7.8831,7.8876,26.6561,17.5495
2016/5/18,7.6812,7.7332,26.3023,16.9443
2016/5/19,7.5947,7.7139,26.2353,17.004
2016/5/20,7.7293,7.7396,25.9675,17.541
2016/5/23,7.7197,7.8233,26.197,17.6859
2016/5/24,7.7197,7.7718,25.6423,17.4302
2016/5/25,7.5851,7.7461,25.6901,17.1233
2016/5/26,7.6524,7.7203,25.8336,17.0977
2016/5/27,7.6236,7.6946,25.7858,17.1318
2016/5/30,7.7197,7.656,25.824,17.2426
2016/5/31,7.96,7.8747,26.5031,17.8563
2016/6/1,8.0466,7.8426,26.4457,17.8563
2016/6/2,7.9985,7.8426,26.3788,17.8648
2016/6/3,8.1523,7.9005,26.5796,17.8904
2016/6/6,8.2388,7.9262,26.5509,18.1802
2016/6/7,8.2292,7.8876,26.3023,18.0865
2016/6/8,8.1715,7.8233,26.3501,17.9245
2016/6/13,7.8735,7.6946,25.9484,17.0807
2016/6/14,7.8351,7.701,25.5849,17.1489
2016/6/15,7.9889,7.8168,25.8145,17.6177
2016/6/16,7.8735,7.7268,25.3554,17.4472
2016/6/17,7.9408,7.7782,25.4223,17.7285
2016/6/20,7.9793,7.7589,25.1258,17.8734
2016/6/21,7.8927,7.7782,24.9154,17.7881
2016/6/22,7.9408,7.8812,24.9919,17.9501
2016/6/23,7.9024,7.8361,25.0302,17.8478
2016/6/24,7.8351,7.7525,24.8867,17.5092
2016/6/27,7.9889,7.8297,25.0015,17.8478
2016/6/28,7.9793,7.8233,24.9441,17.9867
2016/6/29,8.1523,7.8812,24.858,18.0909
2016/6/30,8.1715,7.8876,24.9154,18.195
2016/7/1,8.1522,7.9005,24.858,18.7593
2016/7/4,8.2006,8.0291,25.1736,18.9242
2016/7/5,8.1812,8.0935,25.3267,18.7506
2016/7/6,8.0941,8.1514,25.1736,18.8114
2016/7/7,8.0263,8.1321,25.2023,18.6812
2016/7/8,8.0554,8.042,25.0971,18.8721
2016/7/11,8.0069,8.0613,25.2884,18.7246
2016/7/12,8.278,8.3766,26.1397,19.2975
2016/7/13,8.2006,8.3251,26.0631,19.0892
2016/7/14,8.2393,8.338,25.9866,19.0631
2016/7/15,8.3071,8.4023,26.0631,18.9329
2016/7/18,8.3071,8.338,26.1875,19.0805
2016/7/19,8.4717,8.3251,25.9771,18.9416
2016/7/20,8.3942,8.3058,25.8719,18.8635
2016/7/21,8.4039,8.5567,25.9579,18.9329
2016/7/22,8.3555,8.4924,25.6232,18.7767
2016/7/25,8.3845,8.5052,25.6327,18.794
2016/7/26,8.7234,8.7175,26.0631,18.9242
2016/7/27,8.646,8.6468,26.2257,18.2471
2016/7/28,8.9461,8.8719,26.704,18.4555
2016/7/29,8.8783,8.7368,26.6657,18.4902
2016/8/1,8.6944,8.6339,26.5222,18.1429
2016/8/2,8.8105,8.621,26.5509,18.1777
2016/8/3,8.9558,8.6789,26.9718,18.386
2016/8/4,8.8396,8.6854,26.9622,18.2298
2016/8/5,8.7525,8.692,26.8857,18.3166
2016/8/8,8.7718,8.6261,26.857,18.4989
2016/8/9,8.7234,8.6986,27.1439,18.5683
2016/8/10,8.7137,8.5997,27.0005,18.4468
2016/8/11,8.8299,8.5009,26.4744,18.2211
2016/8/12,8.8686,8.771,26.6753,18.4381
2016/8/15,9.1397,8.916,27.4309,18.768
2016/8/16,9.0429,8.8106,27.7847,18.8027
2016/8/17,9.0042,8.8765,27.8134,18.8461
2016/8/18,9.0235,8.8897,27.5125,18.8374
2016/8/19,8.9751,8.9292,27.3863,18.7332
2016/8/22,8.8202,9.0083,27.7552,18.8114
2016/8/23,8.8493,9.0149,27.7552,18.8201
2016/8/24,8.7525,9.1796,27.8329,19.0024
2016/8/25,8.646,9.3575,27.629,18.8635
2016/8/26,8.675,9.3444,27.629,18.8201
2016/8/29,8.7331,9.2126,27.4057,18.8721
2016/8/30,8.7331,9.2653,27.1145,18.8721
2016/8/31,8.6847,9.0939,26.9494,18.9937
2016/9/1,8.5782,9.1005,26.8815,18.9763
2016/9/2,8.5395,9.1071,27.2601,18.9676
2016/9/5,8.646,9.2719,26.8232,19.0024
2016/9/6,8.7234,9.285,26.697,19.2107
2016/9/7,8.6556,9.4103,26.8718,19.176
2016/9/8,8.6363,9.3971,27.0174,19.2454
2016/9/9,8.6847,9.463,27.2115,19.0197
2016/9/12,8.5975,9.1796,26.8038,18.5249
2016/9/13,8.5782,9.1796,26.7747,18.5683
2016/9/14,8.6653,9.1005,26.6582,18.4207
2016/9/19,8.6653,9.2455,26.6679,18.4207
2016/9/20,8.6944,9.2587,26.697,18.4902
2016/9/21,8.8009,9.2521,26.6485,18.6378
2016/9/22,8.7815,9.2587,26.5223,18.6638
2016/9/23,8.7137,9.285,26.6388,18.6898
2016/9/26,8.5298,9.1335,26.1922,18.3166
2016/9/27,8.675,9.1664,26.3767,18.4207
2016/9/28,8.6363,9.028,26.1534,18.4207
2016/9/29,8.5879,9.0808,26.1922,18.5075
2016/9/30,8.5782,9.1071,26.1825,18.6291
2016/10/10,8.7428,9.2916,26.3767,18.8287
2016/10/11,8.7234,9.2653,26.5708,18.9242
2016/10/12,8.646,9.1994,26.532,18.8635
2016/10/13,8.6072,9.1928,26.5708,18.8721
2016/10/14,8.5685,9.2257,26.6873,18.8287
2016/10/17,8.5007,9.1598,26.7359,18.7767
2016/10/18,8.5685,9.318,26.7747,19.9052
2016/10/19,8.5007,9.3246,26.5417,19.9746
2016/10/20,8.4426,9.3378,26.5514,19.8357
2016/10/21,8.4426,9.3773,26.4543,19.6361
2016/10/24,8.5201,9.5355,26.6582,19.7315
2016/10/25,8.5298,9.5882,26.5902,19.8704
2016/10/26,8.462,9.542,26.4155,19.8878
2016/10/27,8.4329,9.4761,26.532,19.8097
2016/10/28,8.4329,9.5552,26.5902,19.6795
2016/10/31,8.4039,9.6475,26.3184,19.7576
2016/11/1,8.4329,9.6541,26.3669,19.7923
2016/11/2,8.3845,9.6541,26.0854,19.9659
2016/11/3,8.3555,9.6079,26.1145,20.2177
2016/11/4,8.2877,9.6738,25.901,20.0441
2016/11/7,8.3168,9.7793,25.9204,20.0961
2016/11/8,8.4426,9.9177,25.9204,20.2611
2016/11/9,8.3652,9.7727,25.435,19.9833
2016/11/10,8.462,9.9967,25.6583,20.2958
2016/11/11,8.462,10.0561,26.2116,20.2611
2016/11/14,8.4523,9.9967,25.9495,20.4434
2016/11/15,8.5588,9.977,26.0272,20.5823
2016/11/16,8.5491,9.8913,26.0854,20.5996
2016/11/17,8.5395,9.944,25.8718,20.6344
2016/11/18,8.4814,9.8847,25.8039,20.4955
2016/11/21,8.4717,9.8715,25.9883,20.5041
2016/11/22,8.5007,9.8913,25.9204,20.5475
2016/11/23,8.5007,9.8518,25.9204,20.6083
2016/11/24,8.4717,9.8913,25.9883,20.3913
2016/11/25,8.704,9.8847,26.2505,20.5389
2016/11/28,8.7234,9.8518,26.3961,20.7298
2016/11/29,8.7331,9.8979,26.7164,20.4694
2016/11/30,8.7137,9.6936,26.5902,20.4086
2016/12/1,8.6847,9.6607,26.4058,20.8774
2016/12/2,8.6944,9.6673,26.2602,20.4434
2016/12/5,8.4426,9.6277,26.1437,20.2264
2016/12/6,8.491,9.6475,26.0951,20.3566
2016/12/7,8.5201,9.6211,26.0854,20.6604
2016/12/8,8.5007,9.6475,25.8233,20.5302
2016/12/9,8.4039,9.6738,25.8039,20.4694
2016/12/12,8.1038,9.3312,25.668,19.3843
2016/12/13,8.1522,9.285,25.6097,19.3322
2016/12/14,7.9876,9.0676,25.7165,19.1847
2016/12/15,7.9198,9.0346,25.7942,19.2628
2016/12/16,7.9682,9.2521,25.8427,19.4798
2016/12/19,7.8617,9.2587,25.8815,19.5492
2016/12/20,7.6778,9.1994,25.833,19.5579
2016/12/21,7.9489,9.3839,26.1048,19.7663
2016/12/22,7.8908,9.3971,26.1145,19.61
2016/12/23,7.8133,9.318,26.1242,19.4451
2016/12/26,7.8424,9.2982,26.0175,19.5579
2016/12/27,7.852,9.3971,25.7748,19.6013
2016/12/28,7.7165,9.2916,25.7456,19.5232
2016/12/29,7.6487,9.2785,25.5903,19.584
2016/12/30,7.7455,9.285,25.7456,19.6274
2017/1/3,7.9779,9.4168,25.8718,19.8618
2017/1/4,7.9779,9.4827,26.0078,20.0093
2017/1/5,7.9876,9.4564,26.0466,20.018
2017/1/6,8.0166,9.4564,26.1145,20.018
2017/1/9,8.0844,9.5355,26.1048,20.3566
2017/1/10,8.1425,9.5289,26.134,20.209
2017/1/11,7.8811,9.4498,25.9689,19.9312
2017/1/12,7.8424,9.3312,25.9883,19.8531
2017/1/13,7.8811,9.3114,25.9689,19.7142
2017/1/16,7.7262,9.206,25.998,19.2107
2017/1/17,7.7165,9.1796,25.9786,19.3062
2017/1/18,7.7939,9.2257,26.1145,19.2801
2017/1/19,7.7939,9.2323,26.2116,19.202
2017/1/20,7.8036,9.3378,26.3669,19.4364
2017/1/23,7.823,9.3773,26.3767,19.3669
2017/1/24,7.9101,9.3971,26.3767,19.4104
2017/1/25,7.9198,9.5091,26.6873,19.4972
2017/1/26,7.8424,9.5157,26.697,19.5406
2017/2/3,7.7455,9.3905,26.8232,19.3322
2017/2/6,7.7939,9.4366,26.8718,19.61
2017/2/7,7.7552,9.5091,26.6873,19.5492
2017/2/8,7.7552,9.5355,26.8135,19.6534
2017/2/9,7.7939,9.5486,26.9883,19.7315
2017/2/10,7.8424,9.5948,26.8718,20.1916
2017/2/13,7.9004,9.6211,27.0951,20.0354
2017/2/14,7.9295,9.5882,26.765,19.8531
2017/2/15,7.9295,9.5157,26.8718,20.0354
2017/2/16,8.0069,9.542,26.93,20.6517
2017/2/17,7.9585,9.4432,26.6485,20.2611
2017/2/20,8.0457,9.7068,26.9009,20.5389
2017/2/21,8.0941,9.7793,26.9397,20.808
2017/2/22,8.2103,9.7925,26.8329,21.1465
2017/2/23,8.1715,10.0626,26.7456,20.7732
2017/2/24,8.3845,10.1154,27.2115,21.4243
2017/2/27,8.0554,9.8452,26.7261,20.8427
2017/2/28,8.1134,9.9045,26.6388,20.7646
2017/3/1,8.0941,9.8979,26.6873,20.7559
2017/3/2,8.0069,9.8188,26.5902,20.5736
2017/3/3,8.0457,9.8452,26.5999,20.5996
2017/3/6,8.2296,9.9374,26.9397,20.8427
2017/3/7,8.2199,9.9045,26.9591,20.7819
2017/3/8,8.1522,9.8584,26.9591,20.7819
2017/3/9,8.1619,10.0429,26.9786,20.4607
2017/3/10,8.1231,10.0099,26.5999,20.4434
2017/3/13,8.3458,10.6755,27.5222,20.8253
2017/3/14,8.3168,10.603,27.5999,20.808
2017/3/15,8.3264,10.6689,27.862,20.7125
2017/3/16,8.462,10.7282,27.5416,21.0944
2017/3/17,8.3942,10.6491,27.629,20.8774
2017/3/20,8.4717,10.6887,27.7067,21.3635
2017/3/21,8.5201,10.7084,28.0464,22.0233
2017/3/22,8.5491,10.5173,27.6678,22.058
2017/3/23,8.5782,10.5437,27.6581,21.8844
2017/3/24,8.7234,10.8139,28.3377,22.3879
2017/3/27,8.5975,10.6755,28.7357,22.44
2017/3/28,8.5782,10.5305,28.891,22.032
2017/3/29,8.7428,10.603,29.2017,23.1084
2017/3/30,8.5201,10.4317,29.1143,22.4573
2017/3/31,8.5395,10.5042,29.1046,22.3966
2017/4/5,8.5685,10.5305,29.3958,22.44
2017/4/6,8.4039,10.5503,30.0269,22.0493
2017/4/7,8.5201,10.6557,29.8036,21.9712
2017/4/10,8.5104,10.5107,29.3861,21.5892
2017/4/11,8.7621,10.5635,29.0658,21.9886
2017/4/12,9.1204,11.0116,31.318,22.4486
2017/4/13,9.0332,11.005,33.0849,22.3184
2017/4/14,8.704,10.715,33.0849,21.4156
2017/4/17,8.6556,10.5239,33.1917,21.4156
2017/4/18,8.7137,10.5239,33.9004,21.4677
2017/4/19,8.5975,10.5766,33.4732,21.4503
2017/4/20,8.8396,10.8337,33.4926,21.8149
2017/4/21,8.7815,10.7216,33.0752,21.4243
2017/4/24,8.704,10.4383,33.2208,20.5389
2017/4/25,8.8299,10.5305,32.8131,20.834
2017/4/26,8.7525,10.491,32.8907,20.8253
2017/4/27,8.6266,10.5635,32.8519,21.0771
2017/4/28,8.4136,10.5107,33.2499,20.9035
2017/5/2,8.462,10.7348,33.978,20.834
2017/5/3,8.5588,11.0445,34.2984,21.0423
2017/5/4,8.4329,10.9984,35.1915,20.9903
2017/5/5,8.3071,10.9984,35.3566,20.7559
2017/5/8,8.1909,10.9589,35.4634,20.2177
2017/5/9,8.2877,10.8534,34.1819,20.0354
2017/5/10,8.278,10.5898,34.2984,19.8704
2017/5/11,8.3555,10.6623,34.5217,19.9746
2017/5/12,8.5007,10.8402,34.6285,20.1222
2017/5/15,8.4814,10.8732,35.939,20.1656
2017/5/16,8.6363,11.2554,37.9001,20.6344
2017/5/17,8.6072,11.1829,37.3758,20.6778
2017/5/18,8.704,11.1566,37.0458,20.7212
2017/5/19,8.6266,11.1631,38.1719,20.834
2017/5/22,8.6944,11.2093,38.6573,20.9035
2017/5/23,8.5685,10.8271,38.9777,20.4781
2017/5/24,8.5298,10.5503,37.5506,20.3392
2017/5/25,8.4814,10.6689,36.4439,20.617
2017/5/26,8.7525,10.748,36.6866,21.0423
2017/5/31,9.101,10.8798,36.6866,20.9295
2017/6/1,8.9267,11.0379,37.172,20.9208
2017/6/2,8.9655,11.0841,37.0749,21.3288
2017/6/5,8.917,11.2093,36.2109,21.5632
2017/6/6,9.0526,11.5124,36.473,21.6761
2017/6/7,9.0913,11.9078,36.3953,21.7715
2017/6/8,9.2946,12.0396,38.1913,21.9538
2017/6/9,9.1591,11.9407,37.7739,21.7976
2017/6/12,9.1397,11.9671,37.3855,22.0406
2017/6/13,9.2365,11.9869,37.5409,22.3879
2017/6/14,8.9945,11.8287,36.2885,22.2577
2017/6/15,8.9558,11.664,35.0847,22.0493
2017/6/16,9.1397,11.6903,35.0847,22.3705
2017/6/19,9.0623,11.7628,35.0653,22.3098
2017/6/20,8.888,11.6376,34.4828,22.2056
2017/6/21,8.9364,11.9671,36.5895,22.4052
2017/6/22,8.8493,11.7496,36.7448,22.1014
2017/6/23,8.9751,12.1648,37.104,22.1101
2017/6/26,9.1881,12.3032,36.6866,22.2143
2017/6/27,9.1591,12.1253,36.9098,22.3532
2017/6/28,9.101,11.9078,36.2303,21.9799
2017/6/29,9.072,12.0659,36.1332,22.0493
2017/6/30,9.0526,12.1648,36.2206,22.032
2017/7/3,9.2269,12.7117,37.0361,22.3011
2017/7/4,9.1494,12.8501,36.9778,22.1535
2017/7/5,9.285,12.8633,36.9778,22.1448
2017/7/6,9.3237,12.9556,37.0749,21.9625
2017/7/7,9.5173,13.1071,37.172,22.1361
2017/7/10,9.1978,12.7908,35.9973,22.5702
2017/7/11,9.0332,12.9094,36.2885,22.5007
2017/7/12,9.0816,12.9556,36.1332,22.1969
2017/7/13,8.9558,12.9819,36.1041,22.1969
2017/7/14,8.9848,13.352,36.5604,22.1336
2017/7/17,8.5782,12.9819,36.871,21.022
2017/7/18,8.6847,13.0306,37.1137,20.9949
2017/7/19,8.8009,13.2644,37.0458,21.501
2017/7/20,8.7912,13.7318,37.0458,21.6637
2017/7/21,8.888,13.6831,36.5507,22.3054
2017/7/24,8.8977,13.7318,36.2303,23.3176
2017/7/25,8.9074,13.537,35.9099,22.8567
2017/7/26,8.7428,13.2741,35.3274,23.3718
2017/7/27,8.8105,13.2838,35.3177,22.7844
2017/7/28,8.7331,13.1475,35.4342,22.703
2017/7/31,8.6847,13.1572,36.3565,23.1278
2017/8/1,8.7912,13.1085,36.2109,22.8295
2017/8/2,8.5975,13.1378,35.7352,22.8295
2017/8/3,8.6169,13.0501,35.3566,23.0013
2017/8/4,8.5975,13.0696,35.2109,22.7301
2017/8/7,8.6169,12.8651,35.5896,22.0884
2017/8/8,8.5685,12.7385,35.9196,22.2511
2017/8/9,8.5588,12.8845,35.6284,22.0161
2017/8/10,8.5295,12.719,35.842,22.0975
2017/8/11,8.4414,12.5339,36.0264,21.9438
2017/8/14,8.549,12.5924,35.9973,22.0523
2017/8/15,8.5099,13.0014,36.4924,21.9529
2017/8/16,8.4903,12.8553,36.2691,22.1156
2017/8/17,8.5686,12.8261,36.5604,22.7572
2017/8/18,8.6077,12.9332,36.2497,22.9561
2017/8/21,8.6175,12.8845,36.405,23.1278
2017/8/22,8.6468,12.8845,36.1623,22.8928
2017/8/23,8.6175,12.7677,36.2303,23.0916
2017/8/24,8.686,12.7385,36.3089,22.929
2017/8/25,8.6958,12.8261,36.5643,23.2995
2017/8/28,8.774,13.1183,37.8021,23.408
2017/8/29,8.774,13.1962,38.6666,25.7488
2017/8/30,8.8131,13.391,37.9593,24.7908
2017/8/31,8.7838,13.0501,38.3621,24.5287
2017/9/1,8.6762,13.0306,37.5958,24.3389
2017/9/4,8.5784,12.904,37.4583,23.5345
2017/9/5,8.6077,12.9527,38.3228,23.4712
2017/9/6,8.6175,12.8456,38.6371,23.1097
2017/9/7,8.6077,13.128,40.0714,22.9561
2017/9/8,8.686,13.3131,41.6432,23.1549
2017/9/11,8.7153,13.1767,40.4938,23.1639
2017/9/12,8.5393,13.1962,40.6019,22.6307
2017/9/13,8.461,13.1962,40.1009,22.6126
2017/9/14,8.4317,13.0696,39.983,22.6217
2017/9/15,8.461,12.9527,40.317,22.459
2017/9/18,8.4512,13.0404,39.2069,22.6759
2017/9/19,8.4121,12.8164,38.5487,22.5403
2017/9/20,8.4317,12.8261,37.6842,22.3596
2017/9/21,8.5099,12.8066,37.2225,22.3325
2017/9/22,8.4708,12.6703,37.4386,22.1065
2017/9/25,8.3436,12.4755,37.7726,22.1065
2017/9/26,8.3827,12.5047,37.753,22.1156
2017/9/27,8.3632,12.719,37.4779,22.2782
2017/9/28,8.4023,12.6216,37.6547,22.0794
2017/9/29,8.4903,12.7482,37.3109,22.1607
2017/10/9,8.461,12.7872,37.8807,22.5403
2017/10/10,8.461,12.3489,37.1537,22.9561
2017/10/11,8.5099,12.3002,37.9494,22.6759
2017/10/12,8.461,12.6119,39.2855,22.6488
2017/10/13,8.4512,12.6313,39.3346,22.6849
2017/10/16,8.373,12.5534,39.3346,22.1969
2017/10/17,8.3436,12.5632,38.8729,22.1879
2017/10/18,8.3338,12.7677,39.6883,21.745
2017/10/19,8.3045,12.8358,39.9928,21.5733
2017/10/20,8.4023,12.7482,40.091,22.1607
2017/10/23,8.4023,12.6898,39.3051,21.7902
2017/10/24,8.3143,12.6703,39.7276,21.7089
2017/10/25,8.4512,12.7287,39.7669,21.7812
2017/10/26,8.4708,13.3033,39.2953,21.8444
2017/10/27,8.4806,13.391,39.1873,22.0975
2017/10/30,8.5001,13.6929,42.4291,21.8535
2017/10/31,8.6273,13.6052,42.9793,21.98
2017/11/1,8.5979,13.8974,41.6629,21.989
2017/11/2,8.5882,13.7513,41.8888,21.6366
2017/11/3,8.6077,13.576,42.1835,21.2479
2017/11/6,8.6664,14.248,43.549,21.275
2017/11/7,8.6077,14.3356,42.3407,21.4468
2017/11/8,8.8034,14.3454,42.0067,21.4919
2017/11/9,8.8425,14.7057,42.4193,21.4558
2017/11/10,8.8718,14.8323,43.4017,21.3745
2017/11/13,8.9599,15.0855,42.7828,21.5191
2017/11/14,8.8523,14.6473,42.1344,21.3564
2017/11/15,8.6958,14.3064,42.9498,21.0491
2017/11/16,8.7153,14.6375,42.7337,21.0852
2017/11/17,8.5001,14.6181,44.2563,20.5701
2017/11/20,8.461,14.7739,44.9145,20.5249
2017/11/21,8.8425,15.105,44.4332,20.778
2017/11/22,8.9012,15.0466,45.0619,20.6876
2017/11/23,8.5882,14.1214,42.8908,20.2718
2017/11/24,8.6077,14.0045,42.9105,20.5249
2017/11/27,8.5784,13.7416,41.9477,20.2267
2017/11/28,8.6273,13.8584,42.3309,20.4255
2017/11/29,8.7251,13.8097,41.3681,20.5068
2017/11/30,8.6175,13.6637,41.0243,20.1724
2017/12/1,8.5784,13.6831,41.319,20.1724
2017/12/4,8.5001,13.8779,41.4271,20.1453
2017/12/5,8.5784,13.9363,42.6747,19.8923
2017/12/6,8.5882,13.6637,41.2306,19.9917
2017/12/7,8.4414,13.3715,41.2306,20.082
2017/12/8,8.4806,13.5078,41.2503,20.2176
2017/12/11,8.4903,13.8974,42.4488,20.308
2017/12/12,8.3436,13.7416,41.7414,20.1453
2017/12/13,8.3827,14.2869,43.215,20.2899
2017/12/14,8.3534,14.3649,42.7238,20.0911
2017/12/15,8.3436,14.2285,42.8614,19.9736
2017/12/18,8.3436,14.1993,43.1856,19.8832
2017/12/19,8.3827,14.3551,43.5982,20.0188
2017/12/20,8.4023,14.2577,43.9911,20.1001
2017/12/21,8.4317,14.433,44.4725,20.0007
2017/12/22,8.4708,14.2967,43.4508,19.9284
2017/12/25,8.4121,14.3356,43.5392,19.8832
2017/12/26,8.4903,14.3649,44.1974,19.9736
2017/12/27,8.4806,13.8682,43.3427,19.8742
2017/12/28,8.5295,14.1701,43.3133,20.064
2017/12/29,8.5099,14.3162,44.2171,20.317
2018/1/2,8.5588,14.4135,43.6178,20.3713
2018/1/3,8.5588,14.4135,43.274,20.5068
2018/1/4,8.4903,14.2382,43.3231,20.3984
2018/1/5,8.5588,14.1896,43.3722,20.5339
2018/1/8,8.6468,14.1214,42.2719,20.8503
2018/1/9,8.5979,14.6278,42.9891,20.8593
2018/1/10,8.5295,14.4622,43.0284,20.6876
2018/1/11,8.5197,14.3064,42.6747,20.6334
2018/1/12,8.4414,14.5596,43.1659,20.4436
2018/1/15,8.461,14.9979,44.8458,20.3441
2018/1/16,8.5099,15.4167,45.1503,20.5611
2018/1/17,8.6175,15.2706,44.5805,20.9949
2018/1/18,8.6958,15.4459,44.2072,21.0581
2018/1/19,8.6077,15.3485,43.8241,20.9316
2018/1/22,8.6273,15.5433,44.1188,21.3112
2018/1/23,8.8034,16.0594,46.1916,21.4287
2018/1/24,9.1066,16.3126,46.2604,21.3654
2018/1/25,8.9892,16.0107,45.8478,21.1395
2018/1/26,9.0675,16.0984,46.0541,21.2299
2018/1/29,8.9207,16.0497,44.8752,21.2208
2018/1/30,8.9501,16.186,45.3173,21.0852
2018/1/31,8.7936,16.4587,46.0639,20.9406
2018/2/1,8.5686,16.3321,46.84,20.3351
2018/2/2,8.8816,16.7704,47.9206,20.4255
2018/2/5,8.9305,16.7022,47.7438,20.3713
2018/2/6,8.5588,15.777,47.1446,19.9013
2018/2/7,8.4903,15.0855,46.8695,19.9736
2018/2/8,8.3045,14.9687,45.1994,20.1363
2018/2/9,8.0208,14.5109,43.441,18.8981
2018/2/12,7.9915,14.92,42.6649,19.1421
2018/2/13,8.1382,15.2024,42.9989,19.1692
2018/2/14,8.1871,15.514,43.048,19.1873
2018/2/22,8.461,16.1471,45.8085,19.585
2018/2/23,8.4023,16.0594,46.0345,19.3952
2018/2/26,8.6468,16.5561,48.8146,19.6663
2018/2/27,8.5393,16.2152,48.8048,19.4675
2018/2/28,8.5001,15.9426,48.0091,19.359
2018/3/1,8.4512,15.9328,48.4609,19.3409
2018/3/2,8.373,15.7673,49.463,19.2958
2018/3/5,8.5099,15.7478,49.3353,19.3681
2018/3/6,8.4708,15.8841,48.2939,19.5488
2018/3/7,8.4512,15.553,48.3529,19.4584
2018/3/8,8.4708,15.7283,48.7655,19.5127
2018/3/9,8.5197,15.8744,49.9345,19.7386
2018/3/12,8.5588,16.0692,49.2076,19.7657
2018/3/13,8.5197,15.7088,49.6496,19.5759
2018/3/14,8.4219,15.5238,48.962,19.3409
2018/3/15,8.3925,15.5725,49.1191,19.1963
2018/3/16,8.3436,15.514,48.4708,19.2235
2018/3/19,8.2849,15.4069,49.2567,19.0969
2018/3/20,8.2752,15.4556,49.1093,19.0698
2018/3/21,8.2067,15.4167,49.1093,19.2325
2018/3/22,8.1871,15.1342,49.8952,19.106
2018/3/23,7.9426,14.8323,49.8854,18.0666
2018/3/26,8.1186,14.8323,49.1486,18.1118
2018/3/27,8.1284,15.2024,48.4511,18.392
2018/3/28,8.0013,14.6668,48.3824,18.1931
2018/3/29,8.0893,15.0271,46.8105,18.392
2018/3/30,8.2654,15.2316,47.9796,18.4462
2018/4/2,7.9915,14.8421,48.4315,18.392
2018/4/3,7.8643,15.0661,47.1446,18.1389
2018/4/4,7.8545,15.0563,47.0168,18.1118
2018/4/9,7.7176,15.2219,46.4176,18.1841
2018/4/10,7.8154,15.6017,47.3901,18.401
2018/4/11,7.8643,15.7965,47.2526,18.3468
2018/4/12,7.8545,15.8354,47.2133,18.148
2018/4/13,7.8448,15.4653,46.4569,18.0937
2018/4/16,7.8056,15.2316,45.0521,18.0214
2018/4/17,7.8448,14.7934,43.7652,17.6328
2018/4/18,7.8252,14.8226,43.5883,17.6689
2018/4/19,7.8056,14.9979,44.2956,17.6689
2018/4/20,7.6198,14.8323,44.61,17.2442
2018/4/23,7.6589,14.4428,44.4725,17.2351
2018/4/24,7.7372,14.7836,45.4549,17.7141
2018/4/25,7.7274,14.8908,46.1327,17.7593
2018/4/26,7.6589,14.7349,46.172,17.7141
2018/4/27,7.6589,14.8226,48.9128,17.9672
2018/5/2,7.5807,14.9881,49.9836,18.0666
2018/5/3,7.6002,14.8908,50.1015,18.3649
2018/5/4,7.5807,14.7057,50.2685,18.4733
2018/5/7,7.6296,14.9492,50.6713,18.5095
2018/5/8,7.6883,15.3485,50.9857,18.7444
2018/5/9,7.6785,15.4167,52.0565,18.9614
2018/5/10,7.7665,15.8257,54.0409,19.3048
2018/5/11,7.6785,15.8159,51.6635,19.1963
2018/5/14,7.5709,15.6309,51.9681,19.4223
2018/5/15,7.5024,15.6601,52.528,19.35
2018/5/16,7.4731,15.5335,52.9111,19.1512
2018/5/17,7.3948,15.592,51.4277,19.2325
2018/5/18,7.4339,15.5822,53.0389,19.1421
2018/5/21,7.4046,15.7088,52.2038,19.3229
2018/5/22,7.385,15.5627,52.0172,19.2958
2018/5/23,7.2187,15.2121,51.5555,19.3229
2018/5/24,7.2872,15.144,51.5653,19.5579
2018/5/25,7.3263,14.9979,51.5555,19.4042
2018/5/28,7.3948,15.4653,51.2706,19.2506
2018/5/29,7.5318,15.6212,52.9111,19.3952
2018/5/30,7.6198,15.4459,51.467,18.8439
2018/5/31,8.0404,16.186,52.921,19.7296
2018/6/1,7.8937,16.1276,51.7716,19.4856
2018/6/4,7.923,16.6437,54.0016,20.2628
2018/6/5,7.9621,16.8872,53.9525,20.3261
2018/6/6,8.236,17.4716,56.1039,20.5611
2018/6/7,8.1284,17.3157,55.9172,20.1544
2018/6/8,8.1382,17.4521,56.2807,20.1634
2018/6/11,8.0013,17.2281,54.8857,20.0097
2018/6/12,8.373,18.2896,58.2946,20.8593
2018/6/13,8.2654,18.1338,58.9135,20.6153
2018/6/14,8.196,17.9682,58.4813,20.3713
2018/6/15,8.1266,17.9975,58.0883,20.073
2018/6/19,7.7798,16.1958,57.2631,18.148
2018/6/20,7.75,14.5791,55.3671,18.5366
2018/6/21,7.7996,14.433,56.0253,18.4643
2018/6/22,7.6707,13.8487,55.5832,18.6179
2018/6/25,7.7897,13.839,57.4694,18.8168
2018/6/26,7.6806,13.7123,55.4948,18.88
2018/6/27,7.423,13.2546,54.3356,18.4281
2018/6/28,7.4923,12.2613,53.8444,18.3197
2018/6/29,7.5815,12.7482,54.5026,18.636
2018/7/2,7.4329,12.4658,54.3454,18.3739
2018/7/3,7.4527,13.0306,52.1842,18.4733
2018/7/4,7.6806,12.9138,55.6029,18.1751
2018/7/5,7.4824,12.5924,56.3691,17.9491
2018/7/6,7.5518,12.9235,54.9054,17.9943
2018/7/9,7.6806,13.5857,56.0351,18.5185
2018/7/10,7.9581,13.9071,59.1198,18.6993
2018/7/11,8.0176,13.839,58.8939,18.6089
2018/7/12,8.0275,14.0922,58.9921,19.3048
2018/7/13,8.0969,14.1516,60.6425,18.8393
2018/7/16,8.1663,14.2704,61.4284,18.6683
2018/7/17,8.1861,14.1516,61.1828,18.7538
2018/7/18,8.0176,14.1417,61.6543,18.6113
2018/7/19,8.1365,14.0327,60.1415,18.3358
2018/7/20,8.1861,14.1516,60.7407,18.4783
2018/7/23,8.1861,14.1417,60.7407,18.6778
2018/7/24,8.305,14.518,60.338,18.9248
2018/7/25,8.1365,14.2407,61.5856,18.8298
2018/7/26,8.2059,13.9931,61.3596,18.7158
2018/7/27,8.087,13.9832,60.613,18.7443
2018/7/30,7.9879,13.597,59.3359,18.4688
2018/7/31,8.0672,13.7356,59.2082,18.7158
2018/8/1,8.0473,14.0228,60.6032,18.7253
2018/8/2,7.9086,13.6663,60.9863,18.3073
2018/8/3,7.978,13.1118,58.6286,18.3168
2018/8/6,7.7104,12.9632,53.9819,18.0412
2018/8/7,8.087,13.389,55.0233,18.4498
2018/8/8,7.8888,12.9434,56.5656,18.3453
2018/8/9,8.0672,13.4088,57.1845,18.4783
2018/8/10,8.0969,13.6069,57.7641,18.5638
2018/8/13,8.2951,13.3494,59.1689,18.5733
2018/8/14,8.2257,13.389,57.0568,18.5258
2018/8/15,8.1564,13.0127,57.0077,18.2217
2018/8/16,8.3149,12.884,55.5832,18.1552
2018/8/17,7.978,12.5176,55.6716,17.9652
2018/8/20,8.0374,12.4185,53.6283,17.8987
2018/8/21,8.1068,12.8048,57.5185,18.0792
2018/8/22,8.1068,12.3789,57.381,17.9272
2018/8/23,8.0672,12.1908,56.3491,17.8797
2018/8/24,8.1266,12.2106,56.617,17.8892
2018/8/27,8.2158,12.6166,57.0238,18.1742
2018/8/28,8.2059,12.6562,55.3965,18.3263
2018/8/29,8.1068,12.1809,54.2852,18.3738
2018/8/30,8.0771,12.2799,54.4043,18.6113
2018/8/31,8.0572,12.0917,54.4539,18.8203
2018/9/3,7.8789,11.8937,53.8784,18.7823
2018/9/4,7.9284,11.9828,53.8784,19.0768
2018/9/5,7.8095,11.6758,53.4815,18.9628
2018/9/6,7.5617,11.4876,52.6877,18.7823
2018/9/7,7.5221,11.6461,52.6579,18.9343
2018/9/10,7.532,11.5966,52.6182,18.7633
2018/9/11,7.641,11.656,54.1066,18.8773
2018/9/12,7.5815,11.6164,53.6799,19.0673
2018/9/13,7.6212,11.755,53.0151,19.1528
2018/9/14,7.7401,11.755,53.6303,19.1623
2018/9/17,7.8095,11.6956,52.4595,19.0578
2018/9/18,7.8095,11.7946,52.5885,19.2953
2018/9/19,8.1762,12.2205,54.3844,19.2383
2018/9/20,8.2257,12.1611,54.0669,19.4663
2018/9/21,8.3546,12.4482,56.1605,19.5043
2018/9/25,8.1564,12.2799,56.1903,19.3998
2018/9/26,8.3843,12.2997,57.6092,19.5043
2018/9/27,8.2356,12.1313,57.8374,19.4093
2018/9/28,8.3546,12.6463,58.3137,19.4093
2018/10/8,8.1861,12.1313,55.2675,19.1433
2018/10/9,8.0374,11.7649,53.412,18.8393
2018/10/10,8.0771,11.7352,54.0471,18.9533
2018/10/11,7.6806,11.042,52.4893,18.0507
2018/10/12,7.8987,11.2698,54.186,18.4308
2018/10/15,7.7104,11.0618,53.6303,18.2027
2018/10/16,7.6509,10.8538,52.9854,17.7847
2018/10/17,7.6707,11.0321,52.271,17.7087
2018/10/18,7.6113,10.7548,49.7606,17.7277
2018/10/19,7.7798,10.9826,52.3702,18.0222
2018/10/22,8.0771,11.6659,55.3667,18.7728
2018/10/23,7.7798,11.141,54.3745,18.3453
2018/10/24,7.75,11.0618,51.497,18.6778
2018/10/25,7.5815,10.834,50.346,18.5353
2018/10/26,7.5518,10.7251,48.2226,19.0483
2018/10/29,7.4923,10.121,43.4004,18.9248
2018/10/30,7.4923,9.8833,47.4289,19.0483
2018/10/31,7.5419,9.6952,49.1653,19.2763
2018/11/1,7.5617,9.814,49.7805,19.0293
2018/11/2,7.8194,10.4973,53.7792,19.5043
2018/11/5,7.7203,10.329,51.7947,19.5993
2018/11/6,7.7798,10.022,51.7451,19.6563
2018/11/7,7.7302,10.0121,50.8025,19.6373
2018/11/8,7.6707,9.9229,49.8698,19.5138
2018/11/9,7.6906,9.7744,49.2546,19.3903
2018/11/12,7.75,10.022,49.1851,19.7798
2018/11/13,7.8689,10.121,49.5225,19.8938
2018/11/14,7.8491,10.0616,49.6118,19.9033
2018/11/15,8.0275,10.1903,50.0087,19.8653
2018/11/16,7.9978,10.2497,51.1993,19.8843
2018/11/19,7.9879,10.329,50.6338,19.8653
2018/11/20,7.9086,9.9626,49.6515,19.8083
2018/11/21,7.8789,10.0418,49.6515,19.8748
2018/11/22,7.7996,9.9328,49.0065,19.9318
2018/11/23,7.6212,9.6655,48.6195,19.1623
2018/11/26,7.5716,9.7645,48.8279,19.9413
2018/11/27,7.6509,9.8437,47.6075,19.4283
2018/11/28,7.7798,9.9229,49.066,19.5138
2018/11/29,7.7005,9.913,48.054,19.3333
2018/11/30,7.8689,10.0319,49.711,19.3713
2018/12/3,7.9383,10.5369,50.862,20.0268
2018/12/4,7.9482,10.5964,51.6756,20.2833
2018/12/5,7.8888,10.4577,51.249,20.5018
2018/12/6,7.7698,10.1408,50.1079,20.2358
2018/12/7,7.7798,10.2299,49.5423,20.6633
2018/12/10,7.7401,10.1903,49.2248,20.4448
2018/12/11,7.7798,10.3686,49.3935,20.3593
2018/12/12,7.7203,10.3092,49.3141,20.2833
2018/12/13,7.8194,10.7746,51.3978,20.5493
2018/12/14,7.6906,10.4973,50.8322,20.2548
2018/12/17,7.6906,10.5865,49.6217,20.6538
2018/12/18,7.6608,10.5964,50.098,20.4733
2018/12/19,7.6806,10.3488,49.4629,20.2643
2018/12/20,7.7599,10.4082,49.6614,20.5018
2018/12/21,7.6509,10.1309,49.0561,20.5493
2018/12/24,7.6311,10.1804,49.8896,20.2358
2018/12/25,7.6311,10.0418,49.6614,20.4828
2018/12/26,7.7203,9.9031,50.4254,20.3023
2018/12/27,7.6707,9.7744,51.1299,20.4163
2018/12/28,7.7203,9.9527,50.3659,20.2263
2019/1/2,7.5617,9.8041,49.9888,19.7133
2019/1/3,7.532,9.6754,49.3141,20.4258
2019/1/4,7.6509,9.8041,49.4332,20.2738
2019/1/7,7.6608,9.8437,49.3935,20.5303
2019/1/8,7.6212,9.6952,49.453,20.3688
2019/1/9,7.6608,9.7942,50.2964,20.3688
2019/1/10,7.6806,9.6754,49.4133,20.4543
2019/1/11,7.7005,9.6754,48.7188,20.5968
2019/1/14,7.7599,9.4773,47.5082,20.9009
2019/1/15,7.8095,9.5961,47.9944,20.9009
2019/1/16,7.7897,9.5565,47.1113,21.1669
2019/1/17,7.7599,9.6952,47.28,21.3189
2019/1/18,7.9185,10.2596,49.6018,21.3189
2019/1/21,7.9482,10.8439,50.1575,21.2714
2019/1/22,7.8491,10.6756,48.1234,21.1669
2019/1/23,7.8293,10.5567,47.4785,21.2429
2019/1/24,7.8293,10.7251,46.9625,21.6989
2019/1/25,7.7996,10.7251,47.7662,21.7464
2019/1/28,7.8789,11.042,48.5005,21.2999
2019/1/29,7.9681,10.9133,48.818,21.4234
2019/1/30,7.8789,11.2004,48.7287,21.0054
2019/1/31,7.9978,11.6956,48.9172,20.7109
2019/2/1,8.0572,11.4876,49.1653,21.5659
2019/2/11,8.1266,12.0422,49.8598,21.6324
2019/2/12,8.1266,12.062,50.2369,21.3569
2019/2/13,8.2257,12.3789,52.2908,21.4519
2019/2/14,8.2654,12.3888,52.777,21.2429
2019/2/15,8.196,12.0521,51.5962,21.0339
2019/2/18,8.4537,12.6067,52.8068,21.4709
2019/2/19,8.8996,12.5374,54.0768,21.4044
2019/2/20,8.7807,12.3294,55.8728,21.2239
2019/2/21,8.9987,12.0125,56.359,21.0149
2019/2/22,9.2069,12.2106,58.5121,21.2904
2019/2/25,9.9502,12.8246,58.9884,21.9649
2019/2/26,9.6429,12.4978,56.488,21.7464
2019/2/27,9.3159,12.2799,55.4461,21.5659
2019/2/28,9.4745,12.2007,56.8154,21.5944
2019/3/1,9.6628,13.0226,59.038,21.6134
2019/3/4,9.5835,13.4683,58.4327,21.9079
2019/3/5,9.5636,13.3098,57.4107,22.3164
2019/3/6,9.5339,13.3593,56.6666,22.5349
2019/3/7,9.3952,13.0523,55.9819,22.2974
2019/3/8,8.9987,12.884,55.7537,21.4994
2019/3/11,9.3357,13.1811,56.7063,21.9364
2019/3/12,9.3159,13.1712,56.4284,22.0789
2019/3/13,9.1672,13.1712,55.9025,22.0409
2019/3/14,9.0681,13.0424,56.8154,21.7654
2019/3/15,9.2366,13.1712,57.3314,21.8889
2019/3/18,9.6132,14.0129,58.0557,22.5729
2019/3/19,9.4943,13.8545,58.4427,22.8959
2019/3/20,9.5736,13.9337,57.5794,22.5254
2019/3/21,9.6925,14.2902,57.5993,22.4209
2019/3/22,9.7817,14.7458,59.4845,22.8484
2019/3/25,9.7817,14.3397,56.607,22.2974
2019/3/26,9.5438,14.3397,56.617,22.3259
2019/3/27,9.6231,14.4586,57.6092,22.1929
2019/3/28,9.6033,14.2704,59.1571,22.0409
2019/3/29,9.9402,14.6368,61.6674,22.8199
2019/4/1,9.8312,14.8646,61.2308,23.0574
2019/4/2,9.6132,14.5576,61.5881,22.7059
2019/4/3,9.633,14.8052,61.6873,22.7914
2019/4/4,9.7619,14.8547,62.0842,23.618
2019/4/8,9.3456,14.3199,60.5859,22.8579
2019/4/9,9.2862,14.3298,61.0225,23.181
2019/4/10,9.2762,14.1615,62.3918,23.466
2019/4/11,9.0879,14.112,60.9629,23.7035
2019/4/12,9.1375,13.9337,60.2981,23.1905
2019/4/15,9.0582,13.9139,60.6752,23.0764
2019/4/16,9.187,14.1615,62.0147,23.1715
2019/4/17,9.1474,14.0525,62.5108,23.808
2019/4/18,9.0582,14.0426,63.5824,23.637
2019/4/19,9.2069,14.3001,66.0432,23.371
2019/4/22,9.078,13.9931,65.9837,23.0194
2019/4/23,9.0186,14.0228,68.6925,23.0764
2019/4/24,9.0186,14.1912,67.3728,22.8389
2019/4/25,8.8402,14.31,67.9185,22.2499
2019/4/26,8.8303,14.3694,65.5669,22.5254
2019/4/29,8.8897,14.8943,69.9526,23.276
2019/4/30,8.8699,15.0924,70.0816,23.5895
2019/5/6,8.4636,14.9438,66.3806,21.8794
2019/5/7,8.751,15.8153,70.8258,22.1169
2019/5/8,8.8798,15.746,68.4345,22.5159
2019/5/9,8.7906,14.6368,67.0156,22.2879
2019/5/10,9.1276,16.1025,72.0363,22.8009
2019/5/13,9.0186,16.36,69.9129,22.8199
2019/5/14,8.7807,15.7262,67.9681,22.7154
2019/5/15,8.9096,15.9242,70.0121,23.0764
2019/5/16,9.0483,16.4194,72.9491,23.485
2019/5/17,8.7113,16.0332,70.7067,23.0479
2019/5/20,8.4041,15.7163,68.5238,22.5349
2019/5/21,8.5131,16.1916,68.9901,22.6299
2019/5/22,8.4834,16.5283,69.4664,22.5444
2019/5/23,8.4041,16.5382,68.365,22.0599
2019/5/24,8.3149,16.1421,67.5018,21.7939
2019/5/27,8.4239,16.0233,67.5712,22.0599
2019/5/28,8.4537,15.7658,69.5557,22.1074
2019/5/29,8.4537,15.647,68.3253,22.2594
2019/5/30,8.4041,15.3994,69.0199,22.3734
2019/5/31,8.3645,15.5182,68.6032,22.5064
2019/6/3,8.4636,15.5974,69.1092,22.3829
2019/6/4,8.4537,15.439,69.4664,22.2879
2019/6/5,8.4041,15.1815,68.9604,22.4209
2019/6/6,8.2257,14.8151,69.258,22.4779
2019/6/10,8.2951,15.4885,73.0285,22.8674
2019/6/11,8.533,15.9837,75.1321,23.2
2019/6/12,8.3843,15.9341,73.5544,23.352
2019/6/13,8.3149,15.7856,73.356,23.3615
2019/6/14,8.3942,15.647,72.5919,23.2665
2019/6/17,8.2852,15.5281,74.2589,23.561
2019/6/18,8.3744,16.0233,74.7848,23.4755
2019/6/19,8.4041,16.1322,75.9556,23.694
2019/6/20,8.6717,16.9938,78.1882,24.017
2019/6/21,8.6915,16.8551,77.6325,24.2545
2019/6/24,8.7906,17.479,78.5255,24.511
2019/6/25,8.7113,17.6474,77.8806,24.5585
2019/6/26,8.7113,17.5484,78.585,24.3685
2019/6/27,8.8501,17.6573,80.639,24.34
2019/6/28,8.8104,18.0237,83.1295,24.11
2019/7/1,9.2069,18.4991,85.8284,24.5
2019/7/2,9.2564,18.4991,83.7744,25.18
2019/7/3,9.2762,17.4097,82.2166,24.41
2019/7/4,9.1573,16.251,79.1308,24.17
2019/7/5,9.2168,16.6175,80.768,24.58
2019/7/8,8.9195,16.4887,79.1705,23.86
2019/7/9,8.9987,16.8452,79.7658,23.65
2019/7/10,8.9987,17.172,80.768,23.65
2019/7/11,9.0582,17.0334,79.5574,23.5
2019/7/12,9.0582,17.4295,81.2938,23.55
2019/7/15,9.0087,17.172,80.3711,23.72
2019/7/16,8.9492,16.8947,78.9819,23.43
2019/7/17,8.9987,16.8947,79.9047,23.46
2019/7/18,8.8402,16.667,80.381,23.17
2019/7/19,8.9096,16.7264,80.8771,23.19
2019/7/22,8.9195,16.6868,81.4228,22.73
2019/7/23,8.7411,16.5382,81.3435,23.1
2019/7/24,8.7807,17.0037,81.0557,23.37
2019/7/25,8.86,17.0235,83.3478,23.44
2019/7/26,9.01,17.588,84.3896,23.5
2019/7/29,9.34,17.687,84.3202,23.41
2019/7/30,9.37,17.6375,83.6058,23.62
2019/7/31,9.33,17.4592,82.1372,23.54
2019/8/1,9.44,17.6177,81.3732,22.93
2019/8/2,9.48,17.3404,81.2641,22.57
2019/8/5,9.43,16.9344,78.7438,21.74
2019/8/6,9.4,16.766,78.337,21.1
2019/8/7,9.28,16.974,78.3965,21.18
2019/8/8,9.17,17.38,80.123,21.38
2019/8/9,9.14,17.24,79.5277,21.43
2019/8/12,9.48,18.29,80.7382,21.71
2019/8/13,10.43,19.11,80.1528,22.05
2019/8/14,10.42,18.06,80.8672,21.9
2019/8/15,10.05,18.08,81.4328,21.78
2019/8/16,9.83,18.18,84.1813,21.88
2019/8/19,10.81,18.44,84.2011,22.38
2019/8/20,11.5,18.32,83.3081,22.58
2019/8/21,10.89,18.12,84.34,22.8
2019/8/22,10.99,18.4,85.75,22.9
2019/8/23,10.79,18.61,87.19,22.8
2019/8/26,10.91,18.81,86.84,22.57
2019/8/27,10.87,18.89,87.5,22.65
2019/8/28,10.88,18.95,85.61,22.53
2019/8/29,10.67,19.03,84.56,22.36
2019/8/30,10.43,18.7,84.05,22.39
2019/9/2,10.49,19.11,85.26,22.63
2019/9/3,10.61,19.5,83.98,22.29
2019/9/4,10.75,20.06,83.95,22.18
2019/9/5,10.67,20.31,84.4,22.32
2019/9/6,10.65,20.64,86,22.2
2019/9/9,10.7,20.65,85.02,22.35
2019/9/10,10.51,20.19,84.4,22.15
2019/9/11,10.35,19.85,82.2,21.84
2019/9/12,10.5,20.09,83.16,21.92
2019/9/16,10.55,20.07,82.8,22.1
2019/9/17,10.24,19.7,82.04,21.57
2019/9/18,10.52,20.94,82.77,21.68
2019/9/19,10.54,20.98,81.92,21.88
2019/9/20,10.9,21.26,81.26,22
2019/9/23,10.76,21.22,80.65,21.7
2019/9/24,11.22,22.65,79.89,22.01
2019/9/25,11.15,22.34,80.68,21.8
2019/9/26,11.07,22.3,80.35,21.85
2019/9/27,11,22.4,79.93,21.41
2019/9/30,11.01,22.45,79.78,21.13
