ÈÕÆÚ,000520.SZ,002320.SZ,600026.SH,600428.SH,600798.SH,601866.SH,601872.SH,601919.SH,601975.SH,603167.SH
2014/1/2,2.53,4.5816,4.4955,3.4891,3.4455,2.4633,2.2637,3.3,,7.0462
2014/1/3,2.53,4.5118,4.3548,3.3206,3.3685,2.4139,2.2354,3.23,,6.8932
2014/1/6,2.53,4.3223,4.1389,3.2016,3.2434,2.2852,2.1505,3.12,,6.8592
2014/1/7,2.53,4.3822,4.1389,3.1719,3.2819,2.2951,2.1788,3.15,,6.8507
2014/1/8,2.53,4.3323,4.1107,3.1421,3.253,2.2457,2.1316,3.11,,6.7912
2014/1/9,2.53,4.2027,4.1014,3.1521,3.2241,2.2061,2.1128,3.08,,6.4597
2014/1/10,2.53,4.0382,3.9418,3.1322,3.2145,2.1764,2.0939,3.05,,6.1962
2014/1/13,2.53,4.0781,3.923,3.0232,3.2145,2.1863,2.0845,3.05,,6.2557
2014/1/14,2.53,4.1429,3.9981,3.0133,3.2723,2.216,2.1222,3.07,,6.3492
2014/1/15,2.53,4.2525,3.923,2.9736,3.253,2.2061,2.0845,3.07,,6.3407
2014/1/16,2.53,4.1977,3.9418,2.9836,3.2819,2.216,2.0939,3.08,,6.3832
2014/1/17,2.53,4.1578,3.9418,2.9439,3.1953,2.1566,2.075,3.12,,6.2302
2014/1/20,2.53,4.1279,3.8761,2.8844,3.1664,2.1566,2.0656,3.05,,6.2387
2014/1/21,2.53,4.3523,3.9137,2.9241,3.1953,2.1764,2.0845,3.07,,6.3067
2014/1/22,2.53,4.786,4.0075,3.0232,3.253,2.2358,2.1316,3.14,,6.4767
2014/1/23,2.53,4.7611,3.9794,3.0133,3.253,2.2457,2.1222,3.11,,6.4682
2014/1/24,2.53,4.7062,3.9981,3.043,3.2723,2.2556,2.1316,3.14,,6.5277
2014/1/27,2.53,4.6265,3.8855,3.0331,3.2434,2.2061,2.1128,3.17,,6.5277
2014/1/28,2.53,4.6713,3.9043,3.043,3.2434,2.1962,2.1222,3.17,,6.6722
2014/1/29,2.53,4.8009,3.923,3.0529,3.2915,2.1764,2.1222,3.19,,7.1482
2014/1/30,2.53,4.6514,3.8855,3.0034,3.2915,2.1467,2.0939,3.14,,7.4372
2014/2/7,2.53,4.8707,4.0075,3.043,3.3204,2.1566,2.1033,3.15,,7.7856
2014/2/10,2.53,4.9455,4.0826,3.1421,3.3781,2.2061,2.1788,3.19,,8.4401
2014/2/11,2.53,4.9754,4.1295,3.2214,3.4647,2.2457,2.1788,3.24,,8.4996
2014/2/12,2.53,5.4092,4.1389,3.2611,3.4647,2.2951,2.1976,3.25,,8.6696
2014/2/13,2.53,5.2147,4.0732,3.2314,3.5129,2.2358,2.1882,3.24,,8.3806
2014/2/14,2.53,5.4191,4.1201,3.2512,3.5032,2.2655,2.2165,3.26,,8.5081
2014/2/17,2.53,5.4092,4.1483,3.2512,3.484,2.2754,2.2165,3.29,,8.4996
2014/2/18,2.53,5.1449,4.1107,3.3007,3.5032,2.2852,2.1882,3.35,,8.3466
2014/2/19,2.53,5.1948,4.1671,3.3701,3.4936,2.305,2.2259,3.44,,8.6781
2014/2/20,2.53,4.9455,4.2515,3.3404,3.4647,2.3149,2.2825,3.38,,8.2191
2014/2/21,2.53,4.9754,4.1295,3.2413,3.3974,2.2556,2.2071,3.34,,8.0491
2014/2/24,2.53,4.9804,3.9418,3.162,3.3108,2.1962,2.1411,3.27,,8.1001
2014/2/25,2.53,4.7311,3.8855,3.0728,3.2338,2.1467,2.1033,3.2,,7.8451
2014/2/26,2.53,4.7611,3.9043,3.0827,3.253,2.1665,2.1128,3.21,,7.8621
2014/2/27,2.53,4.6065,3.8949,3.0628,3.2434,2.1467,2.1033,3.22,,7.5137
2014/2/28,2.53,4.6215,3.9137,3.1223,3.2723,2.1665,2.1222,3.26,,7.5987
2014/3/3,2.53,4.766,3.9606,3.1421,3.3108,2.216,2.1505,3.33,,7.9981
2014/3/4,2.53,4.7361,3.9512,3.1719,3.33,2.1863,2.1316,3.28,,8.2871
2014/3/5,2.53,4.7162,3.848,3.1421,3.3108,2.1665,2.1316,3.28,,8.2446
2014/3/6,2.53,4.6614,3.8761,3.1917,3.3108,2.1962,2.1505,3.29,,8.1511
2014/3/7,2.53,4.5916,3.923,3.2611,3.2723,2.1962,2.1505,3.36,,8.0491
2014/3/10,2.53,4.3124,3.8292,3.1719,3.176,2.1171,2.075,3.31,,7.4627
2014/3/11,2.53,4.3373,3.7823,3.1521,3.1856,2.0973,2.0845,3.38,,7.4967
2014/3/12,2.53,4.3672,3.6603,3.1223,3.176,2.0874,2.0845,3.37,,7.5477
2014/3/13,2.53,4.4071,3.6509,3.0827,3.1856,2.1072,2.0845,3.38,,7.5647
2014/3/14,2.53,4.3672,3.6884,3.1124,3.1953,2.1072,2.1033,3.48,,7.5732
2014/3/17,2.53,4.432,3.6884,3.1322,3.2338,2.1072,2.1128,3.48,,7.5987
2014/3/18,2.53,4.5317,3.7166,3.0926,3.2241,2.1171,2.1128,3.48,,7.8111
2014/3/19,2.53,4.4869,3.6978,3.0628,3.2819,2.1072,2.1128,3.41,,7.6497
2014/3/20,2.53,4.3872,3.7541,3.0232,3.2145,2.0676,2.0939,3.38,,7.5137
2014/3/21,2.53,4.4619,3.8855,3.1223,3.2723,2.127,2.1599,3.5,,7.6412
2014/3/24,2.53,4.5118,4.0075,3.1818,3.3011,2.1962,2.2354,3.54,,7.8366
2014/3/25,2.53,4.5467,3.9794,3.1917,3.3589,2.2259,2.2825,3.58,,7.8111
2014/3/26,2.53,4.5666,3.9324,3.1521,3.3204,2.2061,2.2448,3.55,,7.7941
2014/3/27,2.53,4.5168,3.923,3.1421,3.3011,2.1566,2.2542,3.6,,7.8026
2014/3/28,2.53,4.4171,3.8855,3.2214,3.33,2.1764,2.2542,3.6,,7.5987
2014/3/31,2.53,4.3971,3.7353,3.1421,3.2723,2.1171,2.2165,3.6,,7.5137
2014/4/1,2.53,4.5467,3.8198,3.2413,3.3396,2.1962,2.2825,3.6,,7.6497
2014/4/2,2.53,4.6614,3.801,3.2611,3.2819,2.1863,2.3014,3.6,,7.7007
2014/4/3,2.53,4.6065,3.7541,3.1719,3.2819,2.1566,2.2731,3.42,,7.8026
2014/4/4,2.53,4.6663,3.848,3.2016,3.3011,2.1863,2.2825,3.37,,7.9556
2014/4/8,2.53,4.7012,3.9324,3.2413,3.3204,2.216,2.3108,3.37,,8.0236
2014/4/9,2.53,4.7611,3.9418,3.2214,3.33,2.2061,2.3297,3.34,,7.9556
2014/4/10,2.53,4.6962,4.0357,3.2809,3.33,2.2358,2.3769,3.55,,7.8366
2014/4/11,2.53,4.6065,3.9981,3.1917,3.3492,2.1962,2.358,3.42,,7.8706
2014/4/14,2.53,4.6614,4.0075,3.1818,3.3204,2.1962,2.3391,3.37,,7.9641
2014/4/15,2.53,4.6614,3.9324,3.162,3.484,2.1665,2.2825,3.36,,8.1086
2014/4/16,2.53,4.6713,3.9324,3.1421,3.4744,2.1665,2.292,3.36,,8.0406
2014/4/17,2.53,4.5916,3.9606,3.162,3.8208,2.1962,2.3014,3.34,,8.1001
2014/4/18,2.53,4.5965,3.9606,3.1719,3.8112,2.1764,2.3391,3.32,,8.2106
2014/4/21,2.53,4.5666,3.8761,3.0926,3.6668,2.1467,2.2825,3.2,,7.9046
2014/4/22,2.53,4.447,3.8667,3.0728,3.5899,2.1566,2.2731,3.23,,7.8451
2014/4/23,2.53,4.4071,3.8104,3.0628,3.6572,2.1369,2.2637,3.23,,7.7092
2014/4/24,2.53,4.3523,3.7635,3.0529,3.5129,2.127,2.2354,3.22,,7.5222
2014/4/25,2.53,4.2376,3.7541,3.0034,3.4359,2.0973,2.2165,3.13,,7.4712
2014/4/28,2.53,4.1379,3.7166,2.9241,3.3108,2.0577,2.1505,3.04,,7.2417
2014/4/29,2.53,4.2077,3.7541,2.9637,3.3492,2.0676,2.1788,3.06,,7.3182
2014/4/30,2.53,4.2525,3.8104,3.0034,3.3974,2.0973,2.2354,3.07,,7.5902
2014/5/5,2.53,4.2575,3.801,3.0034,3.3877,2.1072,2.2542,3.05,,7.6327
2014/5/6,2.53,4.2775,3.7823,3.0133,3.4166,2.1171,2.2354,3.09,,7.5562
2014/5/7,2.53,4.1678,3.6978,2.9538,3.2626,2.0676,2.1976,3.03,,7.3862
2014/5/8,2.53,4.1728,3.7447,2.9538,3.2819,2.0775,2.2259,3.02,,7.3947
2014/5/9,2.53,4.1279,3.7447,2.9538,3.2723,2.0676,2.2165,3.04,,7.3267
2014/5/12,2.53,4.2625,3.8855,3.0628,3.3204,2.1467,2.3203,3.13,,7.5052
2014/5/13,2.53,4.2575,3.8292,3.0529,3.3396,2.1171,2.2731,3.12,,7.5052
2014/5/14,2.53,4.2625,3.9512,3.0827,3.3108,2.1566,2.3203,3.13,,7.5137
2014/5/15,2.53,4.1528,3.8855,3.0133,3.2434,2.1072,2.3391,3.04,,7.4358
2014/5/16,,4.1528,3.8667,3.0232,3.3011,2.1369,2.3391,3.06,,7.3926
2014/5/19,,4.1927,3.801,2.9836,3.253,2.1072,2.292,3.04,,7.2975
2014/5/20,,4.1778,3.8292,2.9836,3.2434,2.1171,2.3014,3.05,,7.5223
2014/5/21,,4.1927,3.8292,3.0034,3.2819,2.1171,2.3014,3.06,,7.5137
2014/5/22,,4.1728,3.8292,2.9736,3.253,2.1072,2.2637,3.04,,7.4964
2014/5/23,,4.1877,3.8761,2.9935,3.2819,2.1072,2.2637,3.03,,7.5223
2014/5/26,,4.2426,3.9043,3.0034,3.2819,2.1072,2.2825,3.03,,7.531
2014/5/27,,4.2575,3.8667,2.9736,3.2529,2.1072,2.2731,3.02,,7.4186
2014/5/28,,4.2725,3.8761,3.0034,3.2626,2.1171,2.3108,3.04,,7.4791
2014/5/29,,4.2675,3.8104,2.9637,3.2433,2.0973,2.2731,2.99,,7.4704
2014/5/30,,4.2326,3.7635,2.9538,3.2433,2.0874,2.2731,3,,7.4099
2014/6/3,,4.2176,3.7541,2.9439,3.2336,2.0973,2.2731,3.01,,7.4358
2014/6/4,,4.1728,3.7353,2.9241,3.2047,2.0775,2.2354,2.99,,7.2889
2014/6/5,,4.2127,3.7541,2.934,3.2336,2.0973,2.2542,3.01,,7.3494
2014/6/6,,4.2326,3.7541,2.9241,3.2143,2.0676,2.2354,2.98,,7.2543
2014/6/9,,4.2226,3.7916,2.9043,3.195,2.0676,2.2259,2.98,,7.2716
2014/6/10,,4.2376,3.848,2.9439,3.2433,2.0973,2.2448,3,,7.3148
2014/6/11,,4.2625,3.8292,2.9439,3.2336,2.0775,2.2542,3.03,,7.3061
2014/6/12,,4.2926,3.8573,2.9637,3.5618,2.0973,2.2731,3.02,,7.2802
2014/6/13,,4.3126,3.8386,2.9637,3.446,2.1072,2.2637,3.02,,7.3753
2014/6/16,,4.3777,3.8386,2.934,3.3977,2.1072,2.2448,3,,7.4445
2014/6/17,,4.2926,3.801,2.9142,3.3205,2.1072,2.2448,2.99,,7.3494
2014/6/18,,4.2174,3.7541,2.9043,3.3494,2.0874,2.2071,2.95,,7.2543
2014/6/19,,4.1123,3.7166,2.8448,3.2529,2.0775,2.1599,2.92,,6.9084
2014/6/20,,4.1523,3.726,2.8547,3.2819,2.0676,2.1882,2.93,,6.9949
2014/6/23,,4.1423,3.7729,2.8646,3.2722,2.0577,2.1788,2.95,,7.3148
2014/6/24,,4.1824,3.7541,2.8547,3.2915,2.0775,2.1694,2.95,,7.4877
2014/6/25,,4.1674,3.7541,2.8448,3.2626,2.0676,2.1505,2.92,,7.4964
2014/6/26,,4.3326,3.7729,2.8844,3.2819,2.0874,2.1599,2.94,,7.5482
2014/6/27,,4.4679,3.7823,2.9142,3.3205,2.1072,2.1882,3.02,,8.0584
2014/6/30,,4.4178,3.7916,2.9043,3.3591,2.0874,2.2071,2.99,,8.2745
2014/7/1,,4.4128,3.8104,2.9241,3.417,2.1072,2.2071,3.01,,8.2313
2014/7/2,,4.6031,3.8667,3.0232,3.4267,2.127,2.2354,3.04,,8.2486
2014/7/3,,4.6081,4.0638,3.162,3.4556,2.3446,2.3674,3.13,,7.92
2014/7/4,,4.6532,3.97,3.0628,3.3688,2.2655,2.292,3.08,,7.5223
2014/7/7,,4.6682,3.9137,3.0133,3.3591,2.2061,2.2825,3.05,,7.6088
2014/7/8,,4.6883,3.923,3.043,3.3591,2.1962,2.292,3.05,,7.5655
2014/7/9,,4.543,3.97,3.0133,3.3688,2.2061,2.2731,3.04,,7.2802
2014/7/10,,4.4879,3.97,3.0034,3.3494,2.216,2.3297,3.05,,7.3667
2014/7/11,,4.558,4.0826,3.0926,3.417,2.4336,2.4146,3.11,,7.4358
2014/7/14,,4.6131,4.0826,3.1025,3.4363,2.3842,2.3863,3.11,,7.5223
2014/7/15,,4.6432,4.1107,3.1223,3.417,2.3545,2.4052,3.11,,7.4791
2014/7/16,,4.6682,4.2609,3.1719,3.4556,2.4732,2.4429,3.16,,7.4877
2014/7/17,,4.558,4.2328,3.1421,3.4363,2.5425,2.424,3.16,,7.3494
2014/7/18,,4.6382,4.1483,3.1124,3.4267,2.4831,2.3957,3.14,,7.358
2014/7/21,,4.6482,4.1201,3.1124,3.3881,2.5425,2.4334,3.14,,7.2802
2014/7/22,,4.6732,4.2046,3.1521,3.4653,2.5425,2.4429,3.17,,7.384
2014/7/23,,4.5881,4.1577,3.1223,3.446,2.4633,2.3863,3.15,,7.2543
2014/7/24,,4.3877,4.2328,3.162,3.4846,2.4534,2.4334,3.22,,7.2629
2014/7/25,,4.4478,4.2609,3.2016,3.5039,2.4732,2.4429,3.23,,7.3494
2014/7/28,,4.6181,4.3172,3.271,3.5425,2.5227,2.4806,3.3,,7.4618
2014/7/29,,4.6081,4.3172,3.2314,3.5232,2.493,2.4617,3.28,,7.5137
2014/7/30,,4.5981,4.2515,3.2115,3.5039,2.4633,2.4523,3.27,,7.5223
2014/7/31,,4.6883,4.2891,3.2512,3.5715,2.493,2.4712,3.3,,7.6001
2014/8/1,,4.5831,4.214,3.1917,3.5328,2.5128,2.4334,3.25,,7.5223
2014/8/4,,4.6632,4.2985,3.2611,3.5715,2.5524,2.4712,3.31,,7.6001
2014/8/5,,4.7634,4.3548,3.2611,3.6101,2.5622,2.49,3.31,,7.8509
2014/8/6,,4.7434,4.4205,3.3305,3.6197,2.5721,2.5466,3.41,,7.7644
2014/8/7,,4.8185,4.4017,3.2809,3.5618,2.5227,2.5466,3.35,,7.6174
2014/8/8,,4.7935,4.4017,3.271,3.5521,2.5128,2.6504,3.32,,7.7298
2014/8/11,,4.7985,4.458,3.3206,3.5811,2.5425,2.6787,3.38,,7.8163
2014/8/12,,4.7884,4.458,3.3107,3.5715,2.5029,2.6787,3.37,,7.8336
2014/8/13,,4.7634,4.3735,3.3206,3.5908,2.5128,2.7258,3.4,,7.7558
2014/8/14,,4.7183,4.5143,3.5783,3.6004,2.5227,2.7353,3.41,,8.0324
2014/8/15,,4.7935,4.58,3.5089,3.6294,2.5622,2.7164,3.42,,8.1448
2014/8/18,,4.8085,4.8053,3.608,3.6776,2.7205,2.8013,3.49,,8.4215
2014/8/19,,4.8686,4.7959,3.5783,3.7838,2.6909,2.7824,3.48,,8.2832
2014/8/20,,4.8435,4.7677,3.5783,3.7355,2.681,2.8296,3.45,,8.3178
2014/8/21,,4.8135,4.7583,3.5089,3.6969,2.6612,2.8296,3.43,,8.2572
2014/8/22,,4.9087,4.9836,3.7666,3.9286,2.7502,2.8673,3.51,,8.6031
2014/8/25,,4.8636,5.0774,3.8459,3.8417,2.7205,2.8013,3.47,,8.6117
2014/8/26,,4.7333,4.8897,3.8162,3.7935,2.7106,2.7164,3.37,,8.1103
2014/8/27,,4.8185,4.8428,3.7468,3.7355,2.6414,2.6975,3.35,,8.0238
2014/8/28,,4.8936,4.8428,3.7666,3.668,2.6216,2.6975,3.31,,8.1708
2014/8/29,,4.9387,4.8897,3.7963,3.7066,2.6414,2.773,3.34,,8.093
2014/9/1,,5.0589,4.8991,3.7864,3.7549,2.6711,2.7919,3.37,,8.2659
2014/9/2,,5.1491,5.0587,3.9252,3.9189,2.7601,2.8485,3.51,,8.508
2014/9/3,,5.3344,5.2558,3.9252,4.0637,2.8986,2.905,3.53,,8.5166
2014/9/4,,5.3294,5.2651,3.9351,4.2278,2.958,2.9239,3.57,,9.3726
2014/9/5,,5.4997,5.2839,3.9252,4.2471,2.9975,2.9805,3.58,,9.9606
2014/9/9,,5.7652,5.3121,3.9649,4.2182,2.958,2.9616,3.58,,10.1076
2014/9/10,,5.8203,5.2933,3.9847,4.1796,3.0866,2.9899,3.61,,10.1162
2014/9/11,,5.6349,5.1901,3.9351,4.2182,3.0173,2.9522,3.56,,10.3497
2014/9/12,,5.7251,5.2651,3.9649,4.2182,3.0371,3.0088,3.68,,10.8511
2014/9/15,,5.675,5.237,3.9549,4.2761,3.047,3.0465,3.72,,10.9203
2014/9/16,,5.5598,5.1713,3.9054,4.1506,3.0371,3.0843,3.86,,10.2978
2014/9/17,,5.8553,5.0774,3.945,4.1217,3.0272,3.0937,3.91,,10.609
2014/9/18,,5.8052,5.068,3.9153,4.1217,3.047,3.1786,3.98,,10.6004
2014/9/19,,5.8653,5.0399,3.9252,4.141,3.0371,3.1503,3.97,,10.5485
2014/9/22,,5.7401,4.9554,3.7864,4.1506,2.9481,3.0465,3.87,,10.8511
2014/9/23,,5.8253,4.9554,3.7864,4.1603,2.9679,3.0465,3.85,,11.2229
2014/9/24,,5.9805,5.0587,3.836,4.1989,3.0173,3.0937,3.91,,11.2921
2014/9/25,,5.8603,5.2182,3.8955,4.6236,3.0569,3.1597,4.11,,10.929
2014/9/26,,5.8704,5.2745,3.8657,4.4498,3.0569,3.0937,4.08,,10.9722
2014/9/29,,5.7852,5.2464,3.8955,4.4209,3.047,3.1408,4.05,,10.9549
2014/9/30,,5.8653,5.2182,3.9252,4.4498,3.1459,3.1597,4.06,,10.9981
2014/10/8,,5.8804,5.2088,4.0144,4.6912,3.1459,3.1974,4.1,,10.8079
2014/10/9,,5.8954,5.1901,3.9748,4.6332,3.1162,3.1974,4.07,,10.6004
2014/10/10,,5.7752,5.2464,3.9549,4.5946,3.1064,3.3106,4.04,,10.6609
2014/10/13,,5.68,5.1901,4.0144,4.6139,3.1064,3.2446,3.97,,10.8511
2014/10/14,,5.6099,5.1713,4.0441,4.585,3.2449,3.3012,4,,10.7301
2014/10/15,,5.6049,5.2464,4.1631,4.5753,3.2251,3.3955,4.09,,11.1538
2014/10/16,,5.5798,5.1431,4.0541,4.4595,3.1459,3.2823,3.99,,11.2229
2014/10/17,,5.3795,5.0117,4.0441,4.3437,3.0569,3.4144,3.87,,11.2662
2014/10/20,,5.4747,5.0211,4.1234,4.4788,3.1064,3.4049,3.91,,11.1365
2014/10/21,,5.3494,4.8991,4.0541,4.4884,3.0371,3.2823,3.83,,10.7128
2014/10/22,,5.3645,4.8428,4.0541,4.3533,2.9777,3.188,3.84,,10.3064
2014/10/23,,5.3995,4.6457,3.8558,4.2182,2.8887,3.0843,3.71,,10.4534
2014/10/24,,5.3494,4.6457,3.8162,4.3244,2.8689,3.0937,3.69,,10.635
2014/10/27,,5.4496,4.6551,3.836,4.3147,2.8392,3.1503,3.7,,10.7733
2014/10/28,,5.5598,4.8522,3.9847,4.4402,2.9876,3.2635,3.84,,10.9549
2014/10/29,,5.7351,5.3402,4.3812,4.6332,3.1558,3.4521,4.05,,12.053
2014/10/30,,5.8854,5.7813,4.4109,4.7298,3.2152,3.6785,4.15,,12.3988
2014/10/31,,5.8253,5.6218,4.3316,4.6718,3.1954,3.6785,4.11,,12.1481
2014/11/3,,6.1058,5.8095,4.5497,5.0483,3.3339,3.9331,4.52,,12.5285
2014/11/4,,6.0206,5.9127,4.7182,5.1641,3.4229,3.9331,4.91,,11.9665
2014/11/5,,5.9405,5.7062,4.5199,5.0386,3.2745,3.9331,4.67,,12.0876
2014/11/6,,6.0056,5.7438,4.5298,5.0483,3.324,3.9331,4.76,,11.8282
2014/11/7,,5.7602,5.9972,4.6983,4.9228,3.3339,3.9331,4.82,,12.2259
2014/11/10,,5.8052,6.2694,5.1642,5.0773,3.4427,3.9331,5.06,,12.7101
2014/11/11,,5.5849,5.9878,5.0849,4.7877,3.3834,3.9331,4.88,,11.4477
2014/11/12,,5.7351,6.0535,5.2435,4.9132,3.4328,3.9331,4.95,,11.1538
2014/11/13,,5.7101,5.9127,5.2039,4.7973,3.3438,3.9331,4.92,,10.929
2014/11/14,,5.9154,5.7344,5.2534,4.807,3.2745,3.9331,4.78,,10.9808
2014/11/17,,6.5065,5.7813,5.1246,4.8456,3.2547,3.9331,4.67,,11.1451
2014/11/18,,6.5265,5.8001,5.1543,4.8939,3.2943,3.9992,4.71,,11.1797
2014/11/19,,6.4213,5.7626,5.0453,4.807,3.2646,3.7917,4.63,,10.8079
2014/11/20,,6.3262,5.7719,4.8966,4.9132,3.2745,3.7539,4.65,,10.8079
2014/11/21,,6.3863,5.847,4.9759,4.9325,3.3141,3.8199,4.8,,10.8511
2014/11/24,,6.3512,6.0253,5.0948,4.9421,3.3537,3.8671,4.92,,11.0068
2014/11/25,,6.6267,6.0441,5.3525,5.0869,3.3834,3.9143,4.98,,11.1365
2014/11/26,,6.5365,5.9503,5.2534,5.0386,3.3636,3.8577,4.93,,11.0587
2014/11/27,,6.5265,5.8658,5.2534,4.9711,3.324,3.8482,4.88,,11.4045
2014/11/28,,6.3863,6.1661,5.4814,5.0386,3.5021,4.1312,5.34,,11.5774
2014/12/1,,6.211,6.7199,5.6796,5.029,3.5812,4.3104,5.5,,11.05
2014/12/2,,6.2811,6.6635,5.6202,4.9421,3.5614,4.2821,5.49,,11.0587
2014/12/3,,6.3562,6.4946,5.4913,4.8939,3.5812,4.1406,5.38,,10.9981
2014/12/4,,6.3813,6.6448,5.5607,4.9518,3.6801,4.1972,5.54,,11.0846
2014/12/5,,6.0356,6.1849,5.2336,4.778,3.4922,3.9992,5.29,,10.3842
2014/12/8,,6.0557,6.3351,5.412,4.8842,3.6604,4.1123,5.59,,10.4621
2014/12/9,,5.8453,5.9127,5.3228,4.8842,3.5416,4.1689,5.34,,10.0903
2014/12/10,,6.0306,6.0723,5.5012,5.1545,3.6801,4.2727,5.43,,10.4534
2014/12/11,,6.2861,6.4383,6.0563,5.3765,4.0462,4.6971,5.8,,10.8944
2014/12/12,,6.246,6.5697,5.9076,5.28,3.9176,4.5462,5.74,,11.0241
2014/12/15,,6.3362,6.626,6.0365,5.222,3.9472,4.6028,5.77,,11.0673
2014/12/16,,6.226,7.2924,6.1554,5.2124,4.0462,4.7726,5.85,,10.8944
2014/12/17,,6.3111,8.0244,6.5519,5.3186,4.244,5.2536,6.2,,10.8166
2014/12/18,,6.5315,8.8315,7.2061,5.6564,4.6694,5.7818,6.82,,11.3094
2014/12/19,,6.6417,9.7138,7.9297,6.139,5.1344,6.3571,7.5,,11.7677
2014/12/22,,5.9755,8.8409,7.9297,5.5213,4.9365,6.0648,7.15,,10.5918
2014/12/23,,5.5548,8.381,7.9297,4.9904,4.5705,5.7535,6.63,,10.2459
2014/12/24,,5.6399,8.6626,7.9297,5.029,4.5012,5.6686,6.72,,10.3756
2014/12/25,,5.67,9.1131,7.9297,5.1834,4.8376,6.0836,7.24,,10.4275
2014/12/26,,5.8403,8.9442,7.9297,5.2027,4.8772,6.027,7.27,,10.6004
2014/12/29,,5.6149,9.0192,7.9297,5.2124,4.9959,6.1779,7.54,,10.1335
2014/12/30,,5.3645,8.5312,7.9297,4.9518,4.8871,5.8667,7.25,,9.5974
2014/12/31,,5.4246,8.5406,7.9297,5,4.8871,5.9327,7.2,,9.6147
2015/1/5,,5.4847,8.8972,7.9297,5.1352,5.0651,6.2157,7.52,,9.7876
2015/1/6,,5.66,9.282,7.9297,5.3282,5.2927,6.8382,7.95,,10.073
2015/1/7,,5.7351,9.0849,7.9297,5.2607,5.1937,6.5835,7.88,,9.9952
2015/1/8,,5.7101,8.7001,7.8405,5.1931,4.9761,6.2534,7.51,,10.0211
2015/1/9,,5.665,8.5781,7.4341,5.0869,4.8673,6.1025,7.29,,9.8655
2015/1/12,,5.4897,8.1558,6.9385,4.8649,4.6299,5.961,6.94,,9.4591
2015/1/13,,5.5047,8.1276,6.9286,4.8939,4.6397,5.9704,6.93,,9.6147
2015/1/14,,5.4296,7.8836,6.7303,4.7491,4.5606,5.7724,6.75,,9.5628
2015/1/15,,5.5348,8.184,6.9286,4.8552,4.7684,5.9421,7.11,,9.6493
2015/1/16,,5.5899,8.0619,6.9088,4.8649,4.7387,5.8855,7.07,,9.6839
2015/1/19,,5.3094,7.2548,6.2149,4.4402,4.2638,5.3008,6.36,,9.2862
2015/1/20,,5.5047,7.4237,6.3438,4.5946,4.3034,5.3574,6.45,,9.6407
2015/1/21,,5.7351,7.771,6.8096,4.8649,4.5012,5.612,6.77,,10.0816
2015/1/22,,5.7902,7.8367,6.8493,4.9711,4.4815,5.612,6.78,,10.1162
2015/1/23,,5.9705,7.7241,6.77,4.9228,4.4914,5.5837,6.76,,10.0297
2015/1/26,,6.0156,7.9681,6.8592,4.9711,4.5507,5.6686,6.86,,10.2113
2015/1/27,,6.0557,7.8179,6.7006,4.9132,4.5012,5.6026,6.74,,10.3842
2015/1/28,,6.0857,7.6959,6.5519,4.8842,4.4221,5.4705,6.59,,10.1854
2015/1/29,,6.1108,7.8179,6.5222,4.807,4.4221,5.5366,6.5,,10.3237
2015/1/30,,6.0857,7.5551,6.3636,4.7201,4.4023,5.4234,6.43,,10.0903
2015/2/2,,6.0206,7.3205,6.096,4.6332,4.244,5.48,6.18,,9.8828
2015/2/3,,6.221,7.3111,6.2446,4.7201,4.2935,5.4988,6.28,,10.0297
2015/2/4,,6.226,7.2267,6.1554,4.7105,4.3133,5.4045,6.22,,9.8049
2015/2/5,,6.2961,7.1703,6.0761,4.7394,4.2242,5.5271,6.11,,9.8395
2015/2/6,,6.261,6.8043,5.8283,4.5753,3.9868,5.1687,5.82,,9.6493
2015/2/9,,6.1008,6.7386,5.749,4.5367,3.9275,4.8952,5.74,,9.6493
2015/2/10,,6.2811,6.8606,5.9671,4.6429,4.0561,4.9895,5.9,,9.7531
2015/2/11,,6.3111,6.8794,5.9374,4.6139,4.0561,5.0272,5.92,,9.6839
2015/2/12,,6.4764,6.992,5.9968,4.6236,4.0462,4.9989,5.97,,9.7617
2015/2/13,,6.6217,7.0296,6.2149,4.7105,4.1451,5.0744,6.08,,9.9606
2015/2/16,,6.5866,7.0953,6.2546,4.7877,4.155,5.0933,6.08,,10.0989
2015/2/17,,6.5916,7.2267,6.4032,4.8359,4.2341,5.3102,6.15,,10.194
2015/2/25,,6.3612,7.1328,6.2744,4.8166,4.1451,5.2253,6,,10.0903
2015/2/26,,6.261,7.4144,6.4131,4.9421,4.3331,5.5083,6.2,,10.3756
2015/2/27,,6.256,7.3862,6.4429,4.9421,4.3331,5.4517,6.2,,10.4015
2015/3/2,,6.5365,7.4988,6.4924,4.9614,4.3529,5.4705,6.24,,10.5485
2015/3/3,,6.7118,7.5082,6.4726,5.0097,4.3232,5.4517,6.17,,10.341
2015/3/4,,6.7118,7.4519,6.4231,5.0483,4.3034,5.4234,6.15,,10.4534
2015/3/5,,6.827,7.236,6.2744,4.9807,4.1847,5.263,5.95,,10.4015
2015/3/6,,6.6367,7.3768,6.433,4.9904,4.2341,5.3857,6.17,,10.3324
2015/3/9,,6.6517,7.527,6.5024,5.029,4.2836,5.48,6.19,,10.4794
2015/3/10,,6.6367,7.7241,6.6213,5.0483,4.3331,5.4894,6.26,,11.0846
2015/3/11,,6.5365,7.6584,6.7502,5.0483,4.3232,5.6686,6.29,,11.4304
2015/3/12,,6.5616,7.7335,6.7303,5.0676,4.3726,5.5837,6.32,,11.1019
2015/3/13,,6.6768,7.8836,6.8394,5.28,4.432,5.7818,6.48,,11.5428
2015/3/16,,6.9773,8.0619,7.0277,5.3958,4.521,5.895,6.6,,11.7331
2015/3/17,,7.1877,8.8409,7.7315,5.8109,4.9761,6.4892,7.26,,12.0098
2015/3/18,,7.2578,8.7095,7.6918,5.8591,5.1443,6.7533,7.28,,12.0789
2015/3/19,,7.343,8.6157,7.5134,6.0136,5.0552,6.5364,7.15,,11.9492
2015/3/20,,7.6385,8.6438,7.6323,6.419,5.0651,6.5269,7.26,,12.0962
2015/3/23,,7.954,8.6251,7.6522,6.5638,5.2135,6.5835,7.3,,12.1049
2015/3/24,,7.7336,8.5781,7.5332,6.612,5.4015,6.5647,7.23,,11.7504
2015/3/25,,7.8288,8.4561,7.6026,6.6506,5.2531,6.4703,7.19,,11.759
2015/3/26,,7.5133,8.5688,7.7513,7.0174,5.2135,6.4515,7.28,,12.0962
2015/3/27,,7.7186,8.5031,7.7215,6.8823,5.2036,6.4137,7.35,,12.347
2015/3/30,,7.7236,8.8034,8.1279,6.8823,5.4114,6.6118,7.69,,12.3902
2015/3/31,,7.6234,8.5218,7.8702,6.8244,5.2432,6.3949,7.44,,12.6669
2015/4/1,,7.7637,8.5688,7.9099,6.8823,5.2828,6.4609,7.51,,13.0214
2015/4/2,,8.0191,8.6251,7.8306,7.5676,5.2333,6.4798,7.43,,13.0473
2015/4/3,,8.2095,8.7471,7.8306,8.0406,5.2234,6.6778,7.45,,13.2202
2015/4/7,,8.2245,9.1319,7.9991,8.8321,5.3718,7.0551,7.67,,13.2981
2015/4/8,,7.9991,8.9817,7.8306,8.89,5.3026,6.9985,7.51,,12.9436
2015/4/9,,7.7437,9.1225,7.9,8.89,5.451,7.4513,7.63,,12.6928
2015/4/10,,7.954,9.4979,8.2965,9.0831,5.9951,7.6776,8.12,,13.2981
2015/4/13,,7.9941,9.5448,8.2766,9.1796,6.094,7.7059,8.1,,14.6296
2015/4/14,,8.1293,9.6856,8.3757,8.9576,6.1039,7.5739,8.14,,14.6815
2015/4/15,,7.6485,9.7138,8.7028,8.4943,6.5095,7.5267,8.4,,13.7995
2015/4/16,,7.6535,9.8921,9.0498,8.4557,7.0635,7.5456,8.79,,14.1454
2015/4/17,,7.7136,10.8775,9.9518,8.8707,7.7659,8.3001,9.67,,14.5777
2015/4/20,,7.5633,11.2623,10.943,8.7163,8.5474,8.7151,10.64,,14.1973
2015/4/21,,7.8739,10.8024,10.5961,8.7645,8.6958,8.4982,11.11,,14.6555
2015/4/22,,8.0342,10.9245,10.7844,8.919,8.9431,8.5737,11.98,,14.863
2015/4/23,,8.3247,10.6898,10.5168,8.9672,8.7453,8.4133,11.74,,14.9322
2015/4/24,,9.0259,11.0558,10.8934,9.7781,9.3982,8.6303,12.91,,15.598
2015/4/27,,9.3315,12.1633,11.9838,10.2028,10.338,9.498,14.2,,16.2465
2015/4/28,,8.8055,13.3834,13.1831,9.8456,11.3768,10.4506,15.62,,14.6209
2015/4/29,,8.8105,12.3229,12.4199,9.8746,10.9613,9.8092,15.19,,14.3788
2015/4/30,,8.8005,11.9662,12.3109,9.6333,10.9811,9.6866,15.3,,14.4221
2015/5/4,,8.7104,11.6096,11.9144,9.4306,10.5854,9.4508,14.8,,14.1627
2015/5/5,,8.2145,11.0558,11.2404,8.697,9.8137,8.9698,14.41,,13.3153
2015/5/6,,7.929,10.4364,10.5762,8.417,9.2102,8.4699,13.27,,12.9436
2015/5/7,,7.9691,9.7982,9.8725,7.7896,8.8937,7.9134,13.14,,12.6928
2015/5/8,,8.3247,10.1736,10.3582,8.3205,9.0915,8.0926,13.1,,13.0819
2015/5/11,,8.5701,10.5115,10.7745,9.1506,9.3883,8.3284,13.52,,13.5402
2015/5/12,,8.7154,10.6992,11.0818,9.334,9.6851,8.9038,13.93,,13.6612
2015/5/13,,8.5551,10.2675,10.5762,9.3147,9.1905,8.5737,13.18,,13.7217
2015/5/14,,8.9508,10.352,10.5961,9.1989,9.141,8.4227,13.54,,13.8341
2015/5/15,,8.7454,10.0235,10.1698,8.8128,8.7947,8.1304,13.01,,13.2894
2015/5/18,,9.1461,10.5209,10.269,8.6391,8.8046,8.2058,12.76,,13.4796
2015/5/19,,9.2363,10.8212,10.6258,9.5078,9.0025,8.4605,13,,13.9206
2015/5/20,,9.5418,10.8212,11.4981,10.4634,9.6455,8.8283,13,,14.0243
2015/5/21,,10.4985,11.9005,12.6479,11.5059,10.615,9.7149,14.3,,14.6036
2015/5/22,,10.6838,12.0225,12.182,11.1005,10.2985,9.498,14.49,,14.863
2015/5/25,,11.7507,12.1633,12.3406,12.2105,10.4073,9.6395,14.79,,15.3645
2015/5/26,,12.9278,12.1352,12.291,12.8476,10.3281,9.6112,14.96,,16.2897
2015/5/27,,14.2201,11.7316,12.0234,12.365,10.0017,9.3565,14.37,,16.1081
2015/5/28,,12.7976,11.2529,11.5278,11.1294,9.695,8.9321,14.24,,14.4999
2015/5/29,,12.5071,10.7086,10.9826,10.7237,9.2399,8.5359,13.38,,14.2491
2015/6/1,,13.2233,11.2717,11.5377,11.6608,9.6257,8.9887,13.85,,15.6758
2015/6/2,,13.5038,11.4594,11.7062,11.7284,9.8632,9.0924,13.98,,16.2119
2015/6/3,,13.7392,11.7691,11.5179,12.1342,9.6159,9.0075,13.63,,17.3013
2015/6/4,,14.3002,11.45,11.3494,11.796,9.3883,8.9132,13.22,,16.7652
2015/6/5,,15.7328,12.0601,12.3406,11.9796,9.784,9.2909,13.73,,17.163
2015/6/8,,15.4823,12.5293,12.8461,12.2694,10.4567,9.7441,14.93,,17.9584
2015/6/9,,14.8111,12.1727,12.3109,11.854,10.061,9.3948,14.31,,17.2494
2015/6/10,,15.5675,12.229,12.3307,11.6898,9.9522,9.357,14.01,,18.2178
2015/6/11,,17.1252,11.9756,12.182,11.883,9.8137,9.5269,13.76,,20.0422
2015/6/12,,17.586,12.107,12.638,12.1438,9.9918,9.8102,14.29,,19.9817
2015/6/15,,16.3789,12.3604,13.9067,13.3611,10.1501,10.0557,14.75,,19.1862
2015/6/16,,15.0516,11.45,14.3627,13.6509,9.4279,9.3381,13.64,,17.5607
2015/6/17,,15.9081,11.7316,15.2548,13.4577,9.6455,9.6214,13.97,,18.6242
2015/6/18,,15.1167,11.8818,14.6303,13.6509,9.4872,9.4986,13.78,,18.3907
2015/6/19,,13.6391,10.718,13.1633,12.2887,8.587,8.545,12.4,,17.5953
2015/6/23,,13.218,10.9808,14.4816,11.6801,8.7552,8.9415,12.57,,17.8633
2015/6/24,,13.6842,11.7034,15.79,11.9409,9.1014,9.5175,13.18,,18.0708
2015/6/25,,13.7493,12.0413,15.5224,11.854,9.6851,10.2634,13.51,,16.843
2015/6/26,,13.7493,10.84,13.9662,10.6657,8.7156,9.6025,12.16,,15.157
2015/6/29,,13.7493,11.3656,14.9971,9.603,8.953,10.5656,11.95,,13.6439
2015/6/30,,13.7493,12.0507,16.0477,10.0377,9.3982,11.3304,12.48,,14.3788
2015/7/1,,13.7493,12.2478,14.7393,9.033,9.2201,10.9243,11.78,,13.1857
2015/7/2,,13.7493,11.0277,13.2624,8.1345,8.3001,9.8291,10.6,,11.8714
2015/7/3,,13.7493,9.9268,11.9342,7.323,7.4691,8.8471,9.54,,10.6869
2015/7/6,,13.7493,8.9388,10.7447,6.5888,6.7271,7.9596,8.59,,9.6147
2015/7/7,,13.7493,8.0449,9.6742,5.9318,6.1138,7.1664,7.89,,8.655
2015/7/8,,13.7493,7.2452,8.7028,5.3425,5.5004,6.4489,7.1,,7.7903
2015/7/9,,13.7493,7.9697,9.5751,5.8739,6.0544,7.0909,7.81,,8.5685
2015/7/10,,13.7493,8.7695,10.5366,6.4632,6.6579,7.7991,8.59,,9.4245
2015/7/13,,13.7493,9.6445,11.5873,7.1105,7.3207,8.4128,9.45,,10.3669
2015/7/14,,13.7493,9.2023,11.1511,7.1974,6.9349,7.6008,8.93,,10.8573
2015/7/15,,13.7493,8.2802,10.041,6.4825,6.2424,6.8454,8.04,,9.7716
2015/7/16,,13.7493,8.3931,10.2496,6.3762,6.3116,6.751,8.15,,10.043
2015/7/17,,13.7493,8.8636,11.1235,7.0139,6.7271,7.1853,8.64,,10.9536
2015/7/20,,13.7493,9.3246,11.789,7.6515,7.3999,7.6385,9.5,,11.4264
2015/7/21,,13.7493,9.2023,11.6499,7.7867,7.6175,7.6385,9.58,,11.3301
2015/7/22,,13.7493,9.5975,12.4147,7.9027,7.8252,8.1579,10,,12.0043
2015/7/23,,13.7493,10.2185,13.378,8.2311,8.3298,8.5733,11,,12.372
2015/7/24,,13.7493,9.9174,12.8715,8.1635,7.9835,8.1579,11.06,,11.978
2015/7/27,,13.7493,8.9294,11.5804,7.352,7.1822,7.3458,9.95,,10.7785
2015/7/28,,13.7493,8.459,10.6468,7.1008,6.6084,6.7604,9.25,,10.6471
2015/7/29,,13.7493,9.3058,11.7095,7.8157,7.2712,7.4403,10.18,,11.4352
2015/7/30,,13.7493,8.9577,11.7294,8.5983,7.3504,7.2609,10.03,,11.1287
2015/7/31,,13.7493,9.0988,11.6102,8.0766,7.1327,7.0815,10.12,,10.7522
2015/8/3,,13.7493,8.9577,11.8784,7.265,7.0338,6.8549,9.14,,9.684
2015/8/4,,13.7493,9.6163,13.0702,7.9896,7.7164,7.5441,10.05,,10.6559
2015/8/5,,13.7493,9.334,12.9013,7.9896,7.4889,7.3175,10.19,,10.4282
2015/8/6,,13.7493,9.4752,12.8616,7.9896,7.8549,7.4025,10.57,,10.4983
2015/8/7,,13.7493,10.4255,14.1527,7.9896,8.6365,8.139,11.63,,11.1637
2015/8/10,,13.7493,10.4255,14.1527,7.9896,8.6365,8.951,11.63,,12.0043
2015/8/11,,13.7493,10.4255,14.1527,7.9896,8.6365,9.4325,11.63,,12.1269
2015/8/12,,13.7493,10.4255,14.1527,7.9896,8.6365,9.2437,11.63,,11.7154
2015/8/13,,13.7493,10.4255,14.1527,7.9896,8.6365,9.7158,11.63,,12.267
2015/8/14,,13.7493,10.4255,14.1527,7.9896,8.6365,9.4797,11.63,,12.3108
2015/8/17,,13.7493,10.4255,14.1527,7.9896,8.6365,9.6402,11.63,,12.8449
2015/8/18,2.53,13.7493,10.4255,14.1527,7.9896,8.6365,8.6772,11.63,,11.5665
2015/8/19,2.53,13.7493,10.4255,14.1527,7.9896,8.6365,8.8754,11.63,,11.8642
2015/8/20,2.53,13.7493,10.4255,14.1527,7.9896,8.6365,8.1579,11.63,,11.4177
2015/8/21,2.53,13.7493,10.4255,14.1527,7.9896,8.6365,7.8746,11.63,,10.5946
2015/8/24,2.53,13.7493,10.4255,14.1527,7.9896,8.6365,7.0909,11.63,,9.5351
2015/8/25,2.53,13.7493,10.4255,14.1527,7.9896,8.6365,6.3828,11.63,,8.5808
2015/8/26,2.53,13.7493,10.4255,14.1527,7.9896,8.6365,5.854,11.63,,7.7402
2015/8/27,2.53,13.7493,10.4255,14.1527,7.9896,8.6365,6.4394,11.63,,8.0729
2015/8/28,2.53,13.7493,10.4255,14.1527,7.9896,8.6365,7.0248,11.63,,8.7646
2015/8/31,2.53,13.7493,10.4255,14.1527,7.9896,8.6365,6.6377,11.63,,8.3881
2015/9/1,2.53,13.7493,10.4255,14.1527,7.9896,8.6365,6.0523,11.63,,7.7227
2015/9/2,2.53,13.7493,10.4255,14.1527,7.9896,8.6365,5.7785,11.63,,7.6176
2015/9/7,2.53,13.7493,10.4255,14.1527,7.9896,8.6365,6.3544,11.63,,7.9328
2015/9/8,2.53,13.7493,10.4255,14.1527,7.9896,8.6365,6.5527,11.63,,8.5195
2015/9/9,2.53,13.7493,10.4255,14.1527,7.9896,8.6365,6.7416,11.63,,9.0448
2015/9/10,2.53,13.7493,10.4255,14.1527,7.9896,8.6365,6.5622,11.63,,8.6245
2015/9/11,2.53,13.7493,10.4255,14.1527,7.9896,8.6365,6.6566,11.63,,8.7559
2015/9/14,2.53,13.7493,10.4255,14.1527,7.9896,8.6365,6.2506,11.63,,7.889
2015/9/15,2.53,13.7493,10.4255,14.1527,7.9896,8.6365,5.7029,11.63,,7.425
2015/9/16,2.53,13.7493,10.4255,14.1527,7.9896,8.6365,6.2411,11.63,,8.1692
2015/9/17,2.53,13.7493,10.4255,14.1527,7.9896,8.6365,6.1278,11.63,,8.0204
2015/9/18,2.53,13.7493,10.4255,14.1527,7.9896,8.6365,6.2223,11.63,,8.2393
2015/9/21,2.53,13.7493,10.4255,14.1527,7.9896,8.6365,6.6471,11.63,,8.5808
2015/9/22,2.53,13.7493,10.4255,14.1527,7.9896,8.6365,6.5622,11.63,,8.5545
2015/9/23,2.53,13.7493,10.4255,14.1527,7.9896,8.6365,6.3544,11.63,,8.213
2015/9/24,2.53,13.7493,10.4255,14.1527,7.9896,8.6365,6.4961,11.63,,8.5195
2015/9/25,2.53,13.7493,10.4255,14.1527,7.1878,8.6365,6.2128,11.63,,8.1167
2015/9/28,2.53,13.7493,10.4255,14.1527,6.4728,8.6365,6.3356,11.63,,8.2743
2015/9/29,2.53,13.7493,10.4255,14.1527,5.8256,8.6365,6.0617,11.63,,7.9941
2015/9/30,2.53,13.7493,10.4255,14.1527,5.4971,8.6365,6.0617,11.63,,8.0817
2015/10/8,2.53,13.7493,10.4255,14.1527,5.671,8.6365,6.26,11.63,,8.5457
2015/10/9,2.53,13.7493,10.4255,14.1527,5.6034,8.6365,6.4394,11.63,,8.7121
2015/10/12,2.53,13.7493,10.4255,14.1527,6.1637,8.6365,6.7227,11.63,,9.0623
2015/10/13,2.53,13.7493,10.4255,14.1527,6.2023,8.6365,6.7227,11.63,,9.2462
2015/10/14,2.53,13.7493,10.4255,14.1527,6.241,8.6365,6.9493,11.63,,8.9748
2015/10/15,2.53,13.7493,10.4255,14.1527,6.4245,8.6365,7.2892,11.63,,9.3075
2015/10/16,2.53,13.7493,10.4255,14.1527,6.753,8.6365,7.2609,11.63,,9.5877
2015/10/19,2.53,13.7493,10.4255,14.1527,6.5598,8.6365,7.4025,11.63,,9.3425
2015/10/20,2.53,13.7493,10.4255,14.1527,6.5984,8.6365,7.4119,11.63,,9.4914
2015/10/21,2.53,13.7493,10.4255,14.1527,5.9995,8.6365,6.6755,11.63,,8.7471
2015/10/22,2.53,13.7493,10.4255,14.1527,6.154,8.6365,7.0343,11.63,,9.6227
2015/10/23,2.53,13.7493,10.4255,14.1527,6.4825,8.6365,7.1476,11.63,,10.1393
2015/10/26,2.53,13.7493,10.4255,14.1527,6.724,8.6365,7.1476,11.63,,10.7785
2015/10/27,2.53,13.7493,10.4255,14.1527,6.5695,8.6365,7.0626,11.63,,10.5333
2015/10/28,2.53,13.7493,10.4255,14.1527,6.3666,8.6365,6.9682,11.63,,10.367
2015/10/29,2.53,13.7493,10.4255,14.1527,6.3762,8.6365,7.0437,11.63,,10.7872
2015/10/30,2.53,13.7493,10.4255,14.1527,6.4342,8.6365,7.1381,11.63,,10.5421
2015/11/2,2.53,13.7493,10.4255,14.1527,6.0864,8.6365,6.8549,11.63,,9.8591
2015/11/3,2.53,13.7493,10.4255,14.1527,6.0188,8.6365,6.8077,11.63,,10.008
2015/11/4,2.53,13.7493,10.4255,14.1527,6.3569,8.6365,7.0909,11.63,,10.5596
2015/11/5,2.53,13.7493,10.4255,14.1527,6.5115,8.6365,7.2798,11.63,,10.5683
2015/11/6,2.53,13.7493,10.4255,14.1527,6.6564,8.6365,7.3553,11.63,,10.8923
2015/11/9,2.53,13.7493,10.4255,14.1527,7.1781,8.6365,7.6008,11.63,,10.9273
2015/11/10,2.53,13.7493,10.4255,14.1527,6.9945,8.6365,7.4875,11.63,,10.761
2015/11/11,2.53,13.7493,10.4255,14.1527,7.1105,8.6365,7.4403,11.63,,10.8223
2015/11/12,2.53,13.7493,10.4255,14.1527,7.0815,8.6365,7.3081,11.63,,10.6121
2015/11/13,2.53,13.7493,10.4255,14.1527,7.1684,8.6365,7.4025,11.63,,10.3407
2015/11/16,2.53,13.7493,10.4255,14.1527,7.5355,8.6365,7.6574,11.63,,10.5246
2015/11/17,2.53,13.7493,10.4255,14.1527,7.5839,8.6365,7.5441,11.63,,10.7697
2015/11/18,2.53,13.7493,10.4255,14.1527,7.3713,8.6365,7.3175,11.63,,10.6121
2015/11/19,2.53,13.7493,10.4255,14.1527,7.4293,8.6365,7.4686,11.63,,10.9011
2015/11/20,2.53,13.7493,10.4255,14.1527,7.294,8.6365,7.563,11.63,,10.9273
2015/11/23,2.53,13.7493,10.4255,14.1527,7.2264,8.6365,7.4875,11.63,,11.0937
2015/11/24,2.53,13.7493,10.4255,14.1527,7.1878,8.6365,7.4025,11.63,,10.9886
2015/11/25,2.53,13.7493,10.4255,14.1527,7.3327,8.6365,7.4308,11.63,,11.0412
2015/11/26,2.53,13.7493,10.4255,14.1527,7.1974,8.6365,7.5913,11.63,,11.4877
2015/11/27,2.53,13.7493,10.4255,14.1527,6.6371,8.6365,6.9965,11.63,,10.3845
2015/11/30,2.53,13.7493,10.4255,14.1527,6.4825,8.6365,6.751,11.63,,10.5421
2015/12/1,2.53,13.7493,10.4255,14.1527,6.5501,8.6365,6.7699,11.63,,10.6296
2015/12/2,2.53,13.7493,10.4255,14.1527,6.5308,8.6365,6.8737,11.63,,10.3582
2015/12/3,2.53,13.7493,10.4255,14.1527,6.6081,8.6365,6.9398,11.63,,10.5421
2015/12/4,2.53,13.7493,10.4255,14.1527,6.6371,8.6365,6.7699,11.63,,10.6909
2015/12/7,2.53,13.7493,10.4255,14.1527,6.753,8.6365,6.8171,11.63,,10.796
2015/12/8,2.53,13.7493,10.4255,14.1527,6.6854,8.6365,6.7888,11.63,,10.3319
2015/12/9,2.53,13.7493,10.4255,14.1527,6.4728,8.6365,6.7132,11.63,,10.2006
2015/12/10,2.53,13.7493,10.4255,14.1527,6.4922,8.6365,6.9021,11.63,,10.2356
2015/12/11,2.53,13.7493,10.4255,14.1527,6.3472,8.6365,6.8926,11.63,,10.1218
2015/12/14,2.53,13.7493,10.4255,14.1527,6.4728,8.6365,7.0248,11.63,,10.437
2015/12/15,2.53,13.7493,10.4255,12.7424,6.4342,8.6365,6.8926,11.63,,10.4545
2015/12/16,2.53,13.7493,10.4255,11.4712,6.4342,8.6365,6.7888,11.63,,10.4808
2015/12/17,2.53,13.7493,10.4255,12.6232,6.7433,8.6365,6.9682,11.63,,10.866
2015/12/18,21.2,13.7493,10.4255,11.7691,6.6564,8.6365,6.921,11.63,,10.7697
2015/12/21,19.08,13.7493,10.4255,11.3321,6.753,8.6365,6.9587,11.63,,10.9536
2015/12/22,17.17,13.7493,10.4255,11.2328,6.7723,8.6365,7.0154,11.63,,11.0061
2015/12/23,16.88,13.7493,10.4255,10.8256,6.695,8.6365,6.8737,11.63,,10.8573
2015/12/24,15.19,13.7493,10.4255,10.5773,6.9172,8.6365,6.836,11.63,,10.7785
2015/12/25,14.52,13.7493,11.0747,10.905,6.9752,8.2704,6.8832,11.07,,10.9623
2015/12/28,13.33,13.7493,9.9644,10.3588,6.6661,7.4394,6.6944,9.96,,10.6209
2015/12/29,13.58,13.7493,10.0115,10.3985,6.6854,7.4394,6.8737,9.59,,10.9186
2015/12/30,13.02,13.7493,9.2399,10.2793,6.6564,7.0635,6.7604,9.13,,11.0324
2015/12/31,12.17,13.7493,8.6942,10.19,6.6081,6.9646,6.6944,9.02,,10.8748
2016/1/4,11.81,13.7493,7.8285,9.167,5.9512,6.2721,6.0523,8.12,,9.8241
2016/1/5,12.99,13.7493,8.0826,8.6009,5.8256,5.9456,5.8918,7.81,,9.7628
2016/1/6,13.11,13.7493,8.139,8.8591,6.0091,6.1039,6.0145,8.12,,9.8854
2016/1/7,11.8,12.3759,7.3393,8.005,5.4295,5.4905,5.4669,7.32,,8.9135
2016/1/8,12.32,11.1378,7.5745,7.9851,5.6613,5.4707,5.5519,7.26,,9.0185
2016/1/11,11.09,10.025,7.2922,7.1906,5.1976,5.1344,5.127,6.84,,8.1254
2016/1/12,10.91,9.0225,7.3863,7.0515,5.1976,5.0948,5.1648,6.82,,8.213
2016/1/13,9.88,8.1203,7.0476,6.9721,5.014,4.8871,5.0137,6.43,,7.9503
2016/1/14,10.31,8.2205,7.0946,7.1509,5.0817,4.9365,5.0798,6.53,,8.248
2016/1/15,9.84,7.4285,6.4642,6.6443,4.7725,4.4914,4.7493,5.95,,7.9591
2016/1/18,10.23,8.1704,6.7465,6.9224,4.8305,4.9365,4.9098,6.55,,8.0817
2016/1/19,10.45,8.9874,6.8688,7.1211,5.0527,5.0651,5.0231,6.69,,8.3093
2016/1/20,10.62,9.3333,6.7935,7.27,5.1686,5.0058,5.0514,6.63,,8.1605
2016/1/21,9.67,8.401,6.4171,6.7933,4.9947,4.62,4.8248,6.17,,7.819
2016/1/22,10,8.4712,6.5301,6.8827,5.0913,4.7189,4.8721,6.28,,7.9503
2016/1/25,10.13,8.4962,6.5677,6.9423,5.101,4.7585,4.9759,6.33,,8.0466
2016/1/26,9.12,7.6491,5.9279,6.2471,4.6469,4.2935,4.5605,5.7,,7.3199
2016/1/27,9.12,7.5438,5.7585,5.9988,4.502,4.1154,4.4377,5.49,,7.2849
2016/1/28,8.78,6.792,5.3915,5.5518,4.2025,3.8186,4.3339,5.08,,7.0747
2016/1/29,9.1,7.1128,5.7397,5.8498,4.531,4.2045,4.4849,5.46,,7.4425
2016/2/1,8.89,6.7118,5.5891,5.82,4.4827,4.1649,4.3433,5.27,,7.4863
2016/2/2,9.25,7.3834,5.7961,6.0087,4.6083,4.2836,4.4566,5.48,,7.7314
2016/2/3,9.62,7.6742,5.7397,5.9491,4.8691,4.2341,4.4849,5.43,,7.6789
2016/2/4,9.78,7.6942,5.8526,6.0186,5.0527,4.3034,4.5227,5.5,,7.7752
2016/2/5,9.93,7.3333,5.7303,5.959,5.5551,4.244,4.5038,5.46,,7.7402
2016/2/15,10.32,7.1629,5.6079,5.7902,5.6323,4.1253,4.4094,5.33,,7.6789
2016/2/16,11.35,7.8797,6.1725,6.3662,5.9898,4.5408,4.7493,5.86,,7.9854
2016/2/17,12.49,8.1955,6.2384,6.2967,5.9125,4.6991,4.721,6.02,,8.0554
2016/2/18,12.98,8.005,6.3136,6.4358,6.5018,4.8475,4.7493,6.19,,7.9941
2016/2/19,12.3,8.2456,6.2384,6.3464,6.724,4.8376,4.8248,6.22,,8.0291
2016/2/22,12.38,8.3308,6.3325,6.5152,6.5598,4.9069,4.8909,6.29,,8.213
2016/2/23,12.73,8.2656,6.3419,6.4258,6.3762,4.9662,4.806,6.25,,8.0992
2016/2/24,12.26,8.6516,6.5771,6.7337,6.6564,5.0454,4.9098,6.34,,8.143
2016/2/25,11.09,7.7844,5.9184,6.0584,6.2989,4.5408,4.4188,5.71,,7.3549
2016/2/26,10.96,7.5138,6.069,6.1577,6.7047,4.5507,4.5133,5.8,,7.4512
2016/2/29,9.86,6.7619,5.6362,5.6114,6.5598,4.1649,4.3811,5.52,,7.0835
2016/3/1,9.67,6.9574,5.6926,5.7703,6.212,4.2539,4.4377,5.66,,7.2411
2016/3/2,10.47,7.2732,6.0596,6.0981,6.8303,4.5606,4.6266,6.07,,7.5738
2016/3/3,10.09,7.2681,6.2948,6.4854,6.6661,4.6694,4.7587,6.28,,7.6176
2016/3/4,9.39,6.8822,6.1725,6.2868,6.1347,4.5606,4.7965,6.34,,7.4688
2016/3/7,9.59,7.0727,6.4171,6.5351,6.1444,4.6694,4.8815,6.36,,7.6526
2016/3/8,9.62,7.218,6.897,7.1906,5.9512,4.8277,5.1081,6.65,,7.7927
2016/3/9,9.14,7.4987,6.4077,6.7734,5.5357,4.5804,4.8532,6.35,,7.7665
2016/3/10,9.09,7.1829,6.2666,6.4457,5.4391,4.4221,4.6832,6.02,,7.5388
2016/3/11,8.95,6.9925,6.1349,6.2868,5.4584,4.3825,4.6454,5.93,,7.5476
2016/3/14,9.33,7.4536,6.3513,6.4755,5.7193,4.5012,4.7493,6.09,,7.7665
2016/3/15,9.18,7.7143,6.229,6.3067,5.4778,4.4518,4.7587,5.99,,7.8277
2016/3/16,9.25,7.4536,6.1255,6.1477,5.2459,4.3924,4.721,6.02,,7.7139
2016/3/17,9.53,7.9298,6.3136,6.3166,5.4778,4.4815,4.7965,6.12,,7.9416
2016/3/18,9.93,8.2255,6.5112,6.545,5.5744,4.6101,4.8626,6.27,,8.143
2016/3/21,10.19,8.4561,6.6618,6.8032,5.8642,4.7684,4.9948,6.42,,8.2918
2016/3/22,10.15,8.1804,6.5959,6.6642,5.7483,4.6793,4.957,6.3,,8.178
2016/3/23,10.25,8.3208,6.5771,6.7436,5.7676,4.6991,4.9854,6.29,,8.2043
2016/3/24,10.03,7.9699,6.3607,6.5053,5.6323,4.5408,4.8626,6.11,,8.3619
2016/3/25,10.01,7.9849,6.3889,6.5649,5.6517,4.5507,4.8721,6.17,,8.3531
2016/3/28,9.73,7.8797,6.276,6.4556,5.7483,4.5309,4.8248,6.08,,8.1867
2016/3/29,9.18,7.9448,6.0408,6.2769,5.5067,4.4023,4.7115,5.9,,7.9941
2016/3/30,9.48,8.1754,6.2007,6.4656,5.6517,4.521,4.8154,6.05,,8.2305
2016/3/31,9.45,8.1253,6.2478,6.6145,5.8159,4.5903,4.8437,6.09,,8.3619
2016/4/1,9.25,7.9649,6.2666,6.6642,5.6806,4.62,4.8248,6.15,,8.2655
2016/4/5,10.18,8.2205,6.5771,6.9919,5.8352,5.0552,5.3064,6.45,,8.5282
2016/4/6,11.2,8.3007,6.4736,6.8628,5.8545,4.8871,5.2781,6.3,,8.5107
2016/4/7,11.33,8.015,6.4265,6.8728,5.8062,4.798,5.2308,6.21,,8.4231
2016/4/8,11.49,7.8997,6.3136,6.7536,5.6806,4.7782,5.1364,6.11,,8.2831
2016/4/11,11.15,8.1253,6.4736,6.9224,5.7579,4.8178,5.1742,6.24,,8.5457
2016/4/12,10.71,7.9599,6.6524,7.2303,5.8835,4.8574,5.212,6.33,,8.4669
2016/4/13,10.67,8.1804,6.8123,7.8957,5.9222,4.9761,5.3442,6.49,,8.7296
2016/4/14,10.71,8.2506,6.7935,7.5878,5.8545,4.9266,5.3253,6.45,,8.7471
2016/4/15,10.55,8.5664,6.8406,7.6474,5.8062,4.897,5.3064,6.45,,8.7734
2016/4/18,10.6,8.391,6.7088,7.7865,5.642,4.8079,5.212,6.32,,8.642
2016/4/19,10.47,8.401,6.6806,7.6375,5.6613,4.8178,5.2025,6.31,,8.4757
2016/4/20,9.53,7.5739,6.3419,7.1409,5.3232,4.5408,4.9287,6.13,,8.0029
2016/4/21,9.33,7.3333,6.2854,7.0515,5.2362,4.5012,4.8815,6,,7.9328
2016/4/22,9.51,7.4235,6.2195,6.833,5.2459,4.4914,4.9004,5.97,,7.9854
2016/4/25,9.37,7.3233,6.0878,6.7734,5.3328,4.4122,4.8343,5.88,,7.9328
2016/4/26,9.46,7.4536,6.1725,6.8628,5.3328,4.4419,4.8437,5.92,,8.1955
2016/4/27,9.43,7.3784,6.0972,6.7536,5.3908,4.3924,4.8248,5.86,,8.1079
2016/4/28,9.33,7.3784,6.0219,6.7039,5.2652,4.3331,4.7776,5.77,,8.3181
2016/4/29,9.31,7.2882,6.0314,6.6344,5.2266,4.3133,4.7682,5.68,,8.2743
2016/5/3,10.24,7.5438,6.1725,6.8529,5.3232,4.4617,4.9004,5.78,,8.5282
2016/5/4,10,7.5238,6.2572,7.0515,5.3425,4.5012,4.9948,5.85,,8.5195
2016/5/5,9.9,7.5438,6.2478,6.9721,5.3425,4.4617,4.957,5.83,,8.6333
2016/5/6,9.65,7.0125,5.9373,6.5748,5.101,4.2935,4.7587,5.55,,8.2393
2016/5/9,9.15,6.6917,5.6926,6.0484,4.9271,4.0759,4.5321,5.25,,8.0466
2016/5/10,9.36,6.8371,5.9373,6.2868,4.9851,4.4815,4.7115,5.64,,8.213
2016/5/11,9.21,6.7017,5.8338,6.0782,4.9078,4.3924,4.6454,5.43,,8.2043
2016/5/12,9.29,6.7569,5.7773,5.8995,4.8112,4.2539,4.6171,5.29,,8.1167
2016/5/13,9.28,6.6616,5.7679,5.8697,4.8015,4.2045,4.6454,5.27,,8.0554
2016/5/16,9.37,6.7719,5.8055,5.9392,4.8112,4.244,4.6738,5.33,,8.1955
2016/5/17,9.25,6.7118,5.7867,5.8995,4.7629,4.1748,4.636,5.3,,8.1867
2016/5/18,8.99,6.4912,5.7397,5.6412,4.56,4.0462,4.5794,5.17,,7.9153
2016/5/19,9,6.5062,5.7397,5.6512,4.5503,4.0462,4.551,5.16,,7.9328
2016/5/20,9.08,6.5915,5.7773,5.6909,4.6083,4.1055,4.5794,5.21,,7.9766
2016/5/23,9.18,6.6516,5.8432,5.8001,5.072,4.1946,4.6171,5.27,,8.0729
2016/5/24,9.03,6.5664,5.7397,5.671,5.0237,4.1154,4.5605,5.18,,7.9766
2016/5/25,8.99,6.5764,5.7114,5.6512,4.9657,4.1055,4.5321,5.16,,7.9854
2016/5/26,8.93,6.5363,5.702,5.6512,4.9367,4.1154,4.5038,5.14,,7.9854
2016/5/27,9.04,6.5965,5.7114,5.6512,4.9464,4.1451,4.5038,5.17,,8.0379
2016/5/30,8.89,6.5463,5.6456,5.6313,4.8787,4.1352,4.4566,5.11,,8.0116
2016/5/31,9.26,6.8371,5.8714,5.8697,4.9948,4.2836,4.6171,5.31,,8.3093
2016/6/1,9.21,6.8772,5.8714,5.8895,4.9851,4.2737,4.6077,5.29,,8.3181
2016/6/2,9.28,7.1077,5.8526,5.8995,4.9851,4.2836,4.6077,5.3,,8.3531
2016/6/3,9.26,7.0175,5.8808,5.9491,4.9271,4.2836,4.6266,5.3,,8.4932
2016/6/6,9.26,6.9724,5.8902,5.9094,4.9367,4.2539,4.6171,5.33,,8.3969
2016/6/7,9.15,6.9824,5.8996,5.8697,4.8884,4.2144,4.5888,5.28,,8.4056
2016/6/8,9.19,6.9423,5.9373,5.8995,4.8884,4.2242,4.5888,5.37,,8.4319
2016/6/13,8.62,6.4661,5.7209,5.5916,4.5592,4.0066,4.4188,5.09,,7.9941
2016/6/14,8.58,6.4912,5.7496,5.6114,4.5883,4.0264,4.4472,5.13,,8.0554
2016/6/15,8.72,6.6666,5.7974,5.7107,4.6948,4.0759,4.4944,5.2,,8.3443
2016/6/16,9.01,6.5514,5.6826,5.6512,4.656,4.0363,4.466,5.15,,8.3619
2016/6/17,8.92,6.6065,5.7017,5.6611,4.6851,4.0462,4.551,5.19,,8.4669
2016/6/20,8.85,6.8822,5.6443,5.6015,4.6464,4.0165,4.5133,5.13,,8.4847
2016/6/21,8.74,7.1178,5.6061,5.5618,4.598,3.9769,4.4944,5.1,,8.4048
2016/6/22,8.83,7.0426,5.6539,5.6015,4.6367,3.9868,4.5231,5.12,,8.6888
2016/6/23,8.85,6.9223,5.6061,5.5518,4.6076,3.9374,4.4848,5.09,,8.7154
2016/6/24,8.59,6.7218,5.52,5.4128,4.5496,3.8483,4.389,4.99,,8.6622
2016/6/27,8.73,6.8621,5.6061,5.5022,4.6076,3.8978,4.4465,5.05,,8.8574
2016/6/28,9.03,6.9674,5.6443,5.5419,4.7722,3.8978,4.4848,5.08,,8.8574
2016/6/29,9.12,7.6641,5.673,5.6015,4.84,3.9472,4.504,5.14,,8.8752
2016/6/30,9.03,7.8045,5.6443,5.5717,4.7528,3.9176,4.4848,5.08,,8.8308
2016/7/1,9.06,7.5584,5.6443,5.6313,4.7238,3.9275,4.4752,5.11,,8.7953
2016/7/4,9.12,7.6388,5.7974,5.7505,4.8012,3.9967,4.5615,5.2,,8.9906
2016/7/5,9.43,7.7091,5.9313,5.8796,4.8593,4.1253,4.916,5.29,,9.0704
2016/7/6,9.18,7.5986,5.8931,5.8597,4.8109,4.0759,4.7914,5.27,,9.0616
2016/7/7,9.11,7.7342,5.9026,5.8498,4.8206,4.1055,4.8202,5.29,,9.0438
2016/7/8,9.12,7.9652,5.8548,5.8101,4.869,4.066,4.7819,5.24,,9.0349
2016/7/11,9.02,7.8999,5.8452,5.8101,4.8206,4.066,4.7627,5.21,,8.9817
2016/7/12,9.12,7.8748,6.0461,6.1676,4.9077,4.2341,4.9544,5.4,,9.0438
2016/7/13,9.17,8.1108,6.1035,6.1378,4.9367,4.2144,5.0118,5.41,,9.0793
2016/7/14,9.08,8.0405,6.1131,6.1775,5.1013,4.2242,5.146,5.47,,9.2036
2016/7/15,9.03,7.8547,6.1227,6.1378,5.0142,4.1748,5.0885,5.43,,9.0971
2016/7/18,8.8,7.7492,6.0748,6.0186,4.9464,4.0956,5.0118,5.36,,8.9994
2016/7/19,8.88,7.8949,6.0844,6.0484,4.9755,4.1352,5.0214,5.39,,9.0261
2016/7/20,8.79,7.7442,6.0079,5.9888,4.9271,4.1055,4.9735,5.37,,9.0172
2016/7/21,8.75,7.7744,6.0174,5.9292,4.9077,4.1055,4.9639,5.35,,9.0616
2016/7/22,8.76,7.7342,5.96,5.8597,4.8496,4.066,4.8777,5.26,,8.9196
2016/7/25,8.7,7.6287,5.9026,5.8498,4.8593,4.0561,4.8969,5.25,,8.9728
2016/7/26,8.74,7.7693,5.9696,5.9193,4.9174,4.0857,4.9544,5.29,,9.1769
2016/7/27,8.34,7.3927,5.7974,5.671,4.7722,3.967,5.0214,5.1,,8.8131
2016/7/28,8.34,7.3274,5.9313,5.7405,4.7819,4.0165,5.1843,5.28,,8.8929
2016/7/29,8.24,7.242,5.8357,5.6412,4.7044,3.9571,5.0214,5.16,,8.8486
2016/8/1,8.08,6.9758,5.9696,5.5816,4.6657,3.9374,4.9064,5.11,,8.7066
2016/8/2,8.12,7.0411,6.0174,5.6214,4.6851,3.9571,4.9639,5.16,,8.7953
2016/8/3,8.13,7.0612,6.094,5.6512,4.7141,3.9967,4.9927,5.19,,8.8486
2016/8/4,8.15,7.1064,6.0366,5.6313,4.7432,3.967,4.9256,5.15,,8.9018
2016/8/5,8.1,6.9808,5.9983,5.5916,4.7528,3.9374,4.9064,5.11,,8.8486
2016/8/8,8.12,7.0913,6.1705,5.6909,4.7916,3.967,4.9831,5.21,,8.9462
2016/8/9,8.17,7.232,6.1705,5.7306,4.8303,3.9868,4.9831,5.22,,9.2124
2016/8/10,8.16,7.1566,6.0653,5.6908,4.7722,3.9868,4.9448,5.19,,9.1326
2016/8/11,8.05,7.0411,6.0366,5.6709,4.6948,3.9571,4.8969,5.16,,8.9817
2016/8/12,8.11,7.1466,6.1609,5.7605,4.7625,3.9967,4.9735,5.22,,9.1326
2016/8/15,8.21,7.3274,6.3044,5.9395,4.8787,4.0759,5.0693,5.34,,9.3278
2016/8/16,8.12,7.3676,6.3331,5.9196,4.8787,4.0759,5.0885,5.33,,9.3278
2016/8/17,8.07,7.3977,6.314,5.8798,4.8787,4.066,5.0598,5.29,,9.3633
2016/8/18,8.08,7.3324,6.2949,5.9097,4.9561,4.0857,5.0693,5.3,,9.3012
2016/8/19,8,7.3927,6.4766,5.9793,4.898,4.1352,5.0981,5.36,,9.3101
2016/8/22,7.88,7.3123,6.3523,5.8301,4.8593,4.066,4.9927,5.25,,9.2479
2016/8/23,7.84,7.3424,6.3523,5.8699,4.869,4.0956,5.0023,5.36,,9.3012
2016/8/24,7.84,7.4328,6.2662,5.8202,4.8593,4.0561,4.9927,5.3,,9.2479
2016/8/25,7.7,7.4328,6.1992,5.7306,4.7916,4.0066,4.9256,5.21,,9.1947
2016/8/26,7.69,7.4328,6.1609,5.7406,4.8109,4.0165,4.9352,5.17,,9.3899
2016/8/29,7.87,7.4328,6.2183,5.7605,4.8884,4.0363,4.9448,5.17,,9.4876
2016/8/30,7.73,7.4328,6.1992,5.7306,4.84,4.0165,4.9256,5.13,,9.3012
2016/8/31,7.75,7.4328,6.2183,5.7306,4.8206,3.9967,4.9448,5.14,,9.3189
2016/9/1,7.67,7.4328,6.2375,5.7704,4.9271,3.9967,4.9448,5.15,,9.2124
2016/9/2,7.61,7.4328,6.2375,5.7903,4.8593,3.9967,4.9927,5.14,,9.2124
2016/9/5,7.61,7.4328,6.2375,5.8401,4.8303,4.0066,4.9831,5.2,,9.2391
2016/9/6,7.69,7.4328,6.2949,5.8798,4.8496,4.0264,4.9831,5.22,,9.3811
2016/9/7,7.65,7.4328,6.3331,5.85,4.8884,4.0264,5.0118,5.22,,9.3811
2016/9/8,7.63,7.4328,6.4096,5.9196,4.8884,4.0561,5.0981,5.27,,9.4521
2016/9/9,7.59,7.4328,6.4288,5.9296,4.8884,4.0857,5.0789,5.38,,9.3367
2016/9/12,7.23,7.4328,6.314,5.7008,4.8884,3.967,4.9927,5.19,,9.0438
2016/9/13,7.19,8.1761,6.2662,5.7207,4.8884,3.9769,4.9639,5.19,,9.1503
2016/9/14,7.08,7.7944,6.1801,5.6411,4.8884,3.9275,4.916,5.09,,9.0793
2016/9/19,7.1,7.8346,6.2183,5.6908,4.8884,3.9571,4.9256,5.12,,9.1503
2016/9/20,7.04,7.7191,6.1801,5.6809,4.8884,3.9374,4.9256,5.1,,9.1681
2016/9/21,7.33,7.684,6.2088,5.7306,4.8884,3.967,4.9927,5.13,,9.2036
2016/9/22,7.22,7.694,6.2183,5.7505,4.8884,3.967,5.0118,5.14,,9.2213
2016/9/23,7.1,8.0857,6.3523,5.8003,4.8884,4.0066,5.0406,5.17,,9.2213
2016/9/26,6.67,8.2113,6.2088,5.6709,4.7238,3.9275,4.916,5.08,,8.9817
2016/9/27,6.69,8.2414,6.2183,5.661,4.7335,3.9374,4.9256,5.09,,9.0616
2016/9/28,6.64,8.3168,6.2183,5.6411,4.7141,3.9374,4.8873,5.07,,9.0704
2016/9/29,6.64,8.1912,6.2375,5.6212,4.7432,3.9374,4.8969,5.07,,9.1592
2016/9/30,6.67,8.0757,6.2183,5.6112,4.7722,3.9374,4.8873,5.06,,9.2124
2016/10/10,6.84,8.2113,6.4001,5.7207,4.869,3.9374,4.9831,5.13,,9.7893
2016/10/11,7.52,8.1912,6.4192,5.7804,4.9271,3.9374,5.031,5.19,,9.7805
2016/10/12,7.49,7.9903,6.3905,5.7804,4.9464,4.0066,4.9735,5.16,,9.6828
2016/10/13,7.83,8.7888,6.4766,5.8301,4.9658,4.1352,5.0502,5.22,,9.7095
2016/10/14,7.55,9.3162,6.4766,5.7605,4.9271,4.0759,5.0214,5.19,,9.6207
2016/10/17,7.41,9.0701,6.4288,5.6908,4.9561,4.0264,5.0214,5.15,,9.5053
2016/10/18,7.49,9.1404,6.6488,5.8699,5.0432,4.1154,5.1268,5.28,,9.6828
2016/10/19,7.47,9.0651,6.6105,6.0689,5.0142,4.1352,5.1173,5.3,,9.6562
2016/10/20,7.48,9.0148,6.5531,5.9594,5.0819,4.0759,5.0598,5.25,,9.7095
2016/10/21,7.38,9.1705,6.6584,6.039,5.14,4.155,5.2898,5.35,,9.6118
2016/10/24,7.43,9.0952,6.8306,6.1584,5.2175,4.244,5.4718,5.47,,9.6473
2016/10/25,7.45,9.4066,6.7827,6.0589,5.1981,4.2045,5.3856,5.43,,9.6917
2016/10/26,7.42,9.2157,6.7253,5.9793,5.1303,4.155,5.4335,5.34,,9.9668
2016/10/27,7.36,9.1404,6.6488,5.9793,5.1497,4.1946,5.3568,5.32,,9.7716
2016/10/28,7.36,8.8943,6.5244,5.8599,5.1884,4.1055,5.1939,5.29,,9.6828
2016/10/31,7.22,9.0299,6.5053,5.8102,5.0916,4.0759,5.1556,5.26,,9.6473
2016/11/1,7.29,9.2961,6.5723,5.8401,5.1303,4.0759,5.146,5.28,,9.7006
2016/11/2,7.07,9.1806,6.4479,5.7008,5.1207,4.0165,5.0598,5.18,,9.6118
2016/11/3,7.12,9.512,6.5244,5.7406,5.1594,4.066,5.1364,5.23,,9.7272
2016/11/4,7.04,9.3413,6.4862,5.7207,5.111,4.0363,5.0789,5.2,,9.6473
2016/11/7,7.05,9.1906,6.4862,5.7505,5.1787,4.0561,5.0885,5.21,,9.6651
2016/11/8,7.14,9.8335,6.5053,5.7903,5.2659,4.0561,5.1268,5.23,,9.745
2016/11/9,7,9.3915,6.4096,5.7804,5.7111,4.0165,5.0789,5.2,,9.7183
2016/11/10,7.26,10.0193,6.6392,5.9395,5.7305,4.1253,5.2227,5.49,,9.9136
2016/11/11,7.22,10.0896,6.8593,6.3474,5.8563,4.2144,5.3472,5.67,,10.0023
2016/11/14,7.33,9.9239,6.9645,6.8648,6.0983,4.2935,5.4718,5.84,,10.0556
2016/11/15,7.46,9.8284,6.9454,6.9344,5.9919,4.3232,5.4335,5.79,,10.0822
2016/11/16,7.58,9.9289,7.1367,7.0339,5.9338,4.4815,5.5485,5.88,,10.0822
2016/11/17,7.97,9.6928,7.4141,7.3821,6.0887,4.7387,5.6347,6.07,,10.1088
2016/11/18,7.56,9.1856,7.0984,6.9742,5.8176,4.5111,5.3952,5.77,,9.9846
2016/11/21,7.46,9.0701,7.1558,6.9046,5.7692,4.4914,5.4143,5.79,,10.0556
2016/11/22,7.48,9.1153,7.175,6.9941,5.8176,4.5012,5.4431,5.85,,10.1177
2016/11/23,7.35,8.9295,7.0123,6.7653,5.6627,4.3825,5.2993,5.67,,9.9313
2016/11/24,7.26,8.8993,7.0889,6.7952,5.7402,4.432,5.3185,5.77,,9.887
2016/11/25,7.29,9.1203,7.0793,6.7753,5.7402,4.4023,5.3952,5.79,,9.958
2016/11/28,7.39,9.0199,7.2993,6.9643,5.7789,4.4914,5.4814,5.94,,10.0023
2016/11/29,7.2,8.8441,7.2802,6.9543,5.6918,4.5111,5.5006,6.11,,9.9313
2016/11/30,7.13,8.7838,7.0697,6.6957,5.5466,4.4023,5.3856,5.98,,9.7716
2016/12/1,7.16,8.8441,7.1367,6.7255,5.5659,4.4617,5.4622,6.24,,9.7893
2016/12/2,7.05,8.4122,6.9358,6.5066,5.3917,4.3331,5.3377,6.06,,9.603
2016/12/5,7.06,8.2716,6.9167,6.3872,5.3917,4.2935,5.3089,5.94,,9.5941
2016/12/6,7.16,8.3117,6.8784,6.4668,5.4111,4.2539,5.2323,5.86,,9.603
2016/12/7,7.22,8.3921,6.9262,6.4768,5.4788,4.3034,5.2802,5.9,,9.6917
2016/12/8,7.33,8.2716,6.8306,6.427,5.4401,4.2836,5.261,5.75,,9.6473
2016/12/9,7.3,8.362,6.8688,6.5265,5.4401,4.2836,5.2418,5.79,,9.8071
2016/12/12,6.98,7.5383,6.6775,6.1485,5.111,4.0857,5.0118,5.42,,9.3101
2016/12/13,7.04,7.6136,6.7253,6.1286,5.14,4.0956,4.9639,5.45,,9.3101
2016/12/14,7.29,7.5534,6.6201,6.0092,5.0819,4.0264,4.8681,5.34,,9.1414
2016/12/15,7.47,7.5534,6.6105,5.9793,5.1594,4.0561,4.8585,5.35,,9.2036
2016/12/16,7.49,7.5534,6.6201,6.049,5.2368,4.0561,4.8394,5.38,,9.3456
2016/12/19,7.53,7.5534,6.5914,6.0092,5.2465,4.0462,4.7244,5.33,,9.3633
2016/12/20,7.42,7.5534,6.5723,6.0788,5.3239,4.0857,4.7531,5.31,,9.4166
2016/12/21,7.45,7.5534,6.7445,6.3773,5.4207,4.1748,4.8681,5.46,,9.5231
2016/12/22,7.44,7.5534,6.7062,6.3176,5.3723,4.1253,4.8394,5.42,,9.4965
2016/12/23,7.28,7.5534,6.601,6.1385,5.1594,4.066,4.8489,5.31,,9.3633
2016/12/26,7.71,8.3067,6.5914,6.2778,5.2465,4.066,4.8489,5.34,,9.5053
2016/12/27,7.9,8.3871,6.5627,6.238,5.1981,4.0561,4.8106,5.32,,10.0822
2016/12/28,7.9,8.2163,6.534,6.1485,5.1594,4.0264,4.7723,5.27,,9.8071
2016/12/29,7.9,8.0355,6.5149,6.0689,5.1787,4.0264,4.7339,5.24,,9.6828
2016/12/30,7.9,7.8396,6.5149,6.0888,5.1691,4.0363,4.7339,5.24,,9.6296
2017/1/3,7.9,7.915,6.5914,6.1485,5.2175,4.0462,4.7723,5.28,,9.7627
2017/1/4,7.9,8.0405,6.6679,6.1783,5.4111,4.066,4.8202,5.33,,9.8071
2017/1/5,7.9,8.1058,6.6775,6.2082,5.5756,4.0759,4.8202,5.34,,9.9313
2017/1/6,7.9,7.9401,6.7349,6.4171,5.5079,4.0956,4.8202,5.39,,9.9402
2017/1/9,7.9,8.2063,6.7445,6.4171,5.5272,4.0956,4.8681,5.44,,9.9757
2017/1/10,7.9,8.1962,6.7732,6.4668,5.4788,4.1253,4.916,5.49,,9.8426
2017/1/11,7.9,8.0656,6.6775,6.5066,5.4111,4.1055,4.8106,5.48,,9.7361
2017/1/12,8.69,7.91,6.5723,6.3574,5.3917,4.0264,4.7531,5.37,,9.6917
2017/1/13,7.86,7.6739,6.6488,6.3375,5.2659,3.9868,4.7819,5.33,,9.5053
2017/1/16,7.54,7.1416,6.7253,6.0689,5.0626,3.878,4.8394,5.2,,9.1769
2017/1/17,7.8,7.2169,6.7062,6.1186,5.1013,3.8978,4.801,5.28,,9.2568
2017/1/18,7.85,7.2169,6.821,6.1584,5.14,3.967,4.8394,5.41,,9.2746
2017/1/19,7.54,7.1767,6.8306,6.2977,5.1981,3.967,4.8394,5.42,,9.1947
2017/1/20,7.66,7.2671,6.8497,6.3773,5.2465,3.9769,4.8585,5.44,,9.3189
2017/1/23,7.67,7.3826,6.8306,6.4569,5.3627,3.9868,4.8681,5.47,,9.3811
2017/1/24,7.54,7.3324,6.8497,6.4768,5.3143,3.9868,4.8394,5.48,,9.3988
2017/1/25,7.52,7.3676,6.821,6.3574,5.3627,3.9769,4.8489,5.47,,9.4521
2017/1/26,7.6,7.4379,6.8114,6.4668,5.353,3.9769,4.8489,5.42,,9.4698
2017/2/3,7.74,7.7292,6.7636,6.3773,5.2852,3.9769,4.8202,5.39,,9.3633
2017/2/6,7.95,7.9351,6.7253,6.4668,5.353,3.9769,4.8298,5.39,,9.4787
2017/2/7,7.92,7.8648,6.8306,6.6459,5.5079,4.0165,4.8777,5.66,,9.4521
2017/2/8,7.91,7.8597,6.8593,6.8051,5.5079,4.0462,4.8777,5.85,,9.5231
2017/2/9,7.9,7.8597,6.8784,6.7753,5.5175,4.0462,4.916,5.85,,9.603
2017/2/10,7.89,7.925,6.9454,6.9344,5.6143,4.0956,4.9927,5.99,,9.7805
2017/2/13,8.11,7.93,6.9645,7.1533,5.6143,4.1649,5.031,6.27,,9.7272
2017/2/14,8.01,7.915,7.0123,7.1135,5.5659,4.1847,5.031,6.23,,9.7361
2017/2/15,7.84,7.694,6.9358,6.8747,5.5466,4.1748,5.0406,6.06,,9.6207
2017/2/16,7.86,7.7593,7.0219,6.9344,5.6627,4.1847,5.0502,6.12,,9.7627
2017/2/17,7.99,7.6538,6.8784,6.8648,5.595,4.1154,4.9639,6.05,,9.7183
2017/2/20,8.08,7.8447,7.0793,7.5513,5.8079,4.2539,5.0789,6.34,,9.8603
2017/2/21,8.09,7.8698,7.0602,7.4816,5.7692,4.2341,5.0885,6.3,,9.887
2017/2/22,8.08,8.0054,7.0984,7.5015,5.7305,4.244,5.1173,6.38,,9.9491
2017/2/23,8.06,7.8848,6.9932,7.412,5.7208,4.1748,5.0693,6.23,,9.8603
2017/2/24,8.04,7.9049,7.0219,7.5612,5.6918,4.1946,5.146,6.23,,9.887
2017/2/27,7.92,7.8246,6.8975,7.4219,5.5756,4.0956,5.0598,6.1,,9.7982
2017/2/28,7.9,7.9049,6.9358,7.4418,5.5853,4.1154,5.0789,6.11,,9.816
2017/3/1,8.04,7.92,6.9167,7.4717,5.5466,4.1154,5.0598,6.22,,9.8692
2017/3/2,8,7.92,6.8784,7.6906,5.5369,4.1055,5.0502,6.23,,9.7538
2017/3/3,7.92,7.7794,6.7636,7.5115,5.6047,4.0857,5.031,6.19,,9.7272
2017/3/6,7.99,7.8848,6.8114,7.402,5.6047,4.1055,5.031,6.15,,9.9225
2017/3/7,7.98,8.0004,6.8114,7.3622,5.6724,4.0857,5.031,5.99,,9.958
2017/3/8,8.37,8.0204,6.821,7.4418,5.6434,4.0857,5.0789,6.02,,9.8958
2017/3/9,8.23,7.8899,6.7253,7.1434,5.5466,4.0462,5.0502,5.88,,9.7627
2017/3/10,8.09,7.8246,6.7158,6.9245,5.4498,4.0363,4.9927,5.8,,9.7627
2017/3/13,8.06,7.9351,6.7732,6.9145,5.5079,4.0561,5.0214,5.85,,9.8248
2017/3/14,8.03,7.8798,6.754,6.8449,5.4788,4.0264,5.0023,5.85,,9.7805
2017/3/15,7.96,7.7844,6.7636,6.9742,5.4401,4.0165,5.0023,5.9,,9.7805
2017/3/16,8.03,8.0857,6.8401,7.0439,5.5563,4.066,5.0502,5.98,,9.8603
2017/3/17,7.92,7.9752,6.7158,6.8946,5.4982,4.0165,4.9927,5.78,,9.8248
2017/3/20,7.95,8.2012,6.7923,7.0538,5.5369,4.0264,5.0598,5.81,,9.8515
2017/3/21,7.95,8.146,6.8019,7.0041,5.5369,4.0462,5.0502,5.81,,9.9047
2017/3/22,8.05,8.3419,6.9167,7.024,5.6143,4.0264,5.0598,5.74,,9.8248
2017/3/23,8,8.2866,6.8975,7.1135,5.6047,4.0165,5.0214,5.84,,9.8426
2017/3/24,8.05,8.2414,7.041,7.5314,5.8467,4.0857,5.1652,5.98,,9.9935
2017/3/27,8.05,8.1209,6.9741,7.4816,5.7983,4.0956,5.1173,5.89,,10.0112
2017/3/28,8.08,8.1309,7.0028,7.7503,5.8079,4.1649,5.1748,6.07,,10.0201
2017/3/29,8.28,8.377,7.1463,8.188,6.3887,4.3034,5.2993,6.16,,10.1
2017/3/30,8,8.3971,7.041,7.8895,7.0276,4.2836,5.3952,6.01,,9.816
2017/3/31,8.1,8.0606,6.8497,7.3523,7.2406,4.0857,5.2035,5.91,,9.6385
2017/4/5,8.11,8.1862,6.8975,7.4418,6.7082,4.1451,5.2514,6.08,,10.0467
2017/4/6,8.17,8.3971,7.0028,7.5911,6.8534,4.1748,5.3185,6.13,,10.0467
2017/4/7,8.1,8.2314,6.9167,7.412,6.5146,4.1352,5.2323,6.02,,10.0112
2017/4/10,8.01,8.0104,6.9836,7.5612,6.5436,4.1847,5.2418,6.27,,10.1887
2017/4/11,8.18,8.0606,7.0697,7.9592,6.6598,4.2242,5.3856,6.33,,10.242
2017/4/12,8.03,7.91,6.9932,8.0388,6.3597,4.155,5.2993,6.15,,10.0645
2017/4/13,8.03,8.0908,7.0602,7.9194,6.4081,4.2242,5.2706,6.15,,10.3041
2017/4/14,7.71,7.684,6.9167,7.5314,6.3694,4.1451,5.1748,6.02,,10.1798
2017/4/17,7.52,7.4178,6.888,7.601,6.5243,4.1451,5.1268,5.96,,9.9136
2017/4/18,7.54,7.2922,6.821,7.4617,6.5339,4.0066,5.0693,5.88,,9.7893
2017/4/19,6.84,7.2571,6.6392,7.1036,6.1371,3.967,5.0406,5.71,,9.674
2017/4/20,6.71,7.1315,6.6201,7.0538,6.0306,3.967,5.0598,5.6,,9.674
2017/4/21,6.67,7.1868,6.601,6.9842,5.8467,3.9472,5.0789,5.62,,9.4965
2017/4/24,6.27,7.1064,6.3427,6.4768,5.4111,3.8384,5.0502,5.43,,9.3456
2017/4/25,6.33,7.1767,6.3714,6.5663,5.4885,3.8483,5.0023,5.46,,9.3012
2017/4/26,6.36,7.2119,6.3523,6.5464,5.5272,3.8384,4.9639,5.44,,9.2657
2017/4/27,6.32,7.3274,6.4001,6.7156,5.7499,3.8582,4.9352,5.49,,9.2834
2017/4/28,6.61,7.3876,6.381,6.7554,5.7692,3.8582,4.9448,5.5,,9.5586
2017/5/2,6.41,7.3475,6.3905,6.7653,5.7983,3.8681,4.9448,5.55,,9.5142
2017/5/3,6.36,7.3826,6.3905,6.6559,5.9047,3.8384,4.9448,5.58,,9.6562
2017/5/4,6.37,7.4429,6.3714,6.6658,5.8467,3.8384,4.9448,5.58,,9.6207
2017/5/5,6.33,7.2872,6.2088,6.3972,5.7692,3.789,4.9448,5.44,,9.4521
2017/5/8,6.25,7.016,6.0653,6.1385,5.4498,3.7593,4.9448,5.33,,9.3811
2017/5/9,6.27,7.2772,6.1227,6.2579,5.5659,3.7989,4.9448,5.37,,9.5231
2017/5/10,6.21,7.2219,5.8931,6.0987,5.353,3.7692,4.9448,5.22,,9.3012
2017/5/11,5.97,7.1566,5.8548,6.1584,5.4691,3.6801,4.9448,5.21,,9.4254
2017/5/12,5.81,7.3023,5.9122,6.248,5.5563,3.6604,4.9448,5.31,,9.3456
2017/5/15,5.81,7.2169,5.9026,6.1584,5.4207,3.6505,4.9448,5.32,,9.3278
2017/5/16,6.12,7.3927,5.9696,6.2579,5.4401,3.6604,4.9448,5.35,,9.5231
2017/5/17,6.17,7.4128,6.0174,6.3673,5.4982,3.6999,4.9448,5.35,,9.532
2017/5/18,6.15,7.3324,5.9409,6.238,5.353,3.6307,4.9448,5.35,,9.4698
2017/5/19,6.09,7.3123,5.9696,6.238,5.353,3.6505,4.9448,5.35,,9.532
2017/5/22,5.91,7.1014,5.8739,6.0689,5.14,3.5812,4.9448,5.35,,9.3101
2017/5/23,5.65,6.785,5.8261,5.9196,4.9367,3.4328,4.9448,5.35,,9.0438
2017/5/24,5.66,6.7297,5.8548,5.9495,5.0142,3.4031,4.9448,5.35,,9.0616
2017/5/25,5.76,6.8101,5.9792,6.0291,5.0432,3.4526,4.9448,5.35,,9.2213
2017/5/26,5.76,6.8201,5.96,6.0092,5.0043,3.4625,4.9448,5.35,,9.2391
2017/5/31,5.77,6.78,5.9696,5.9893,5.0335,3.4526,4.9448,5.35,,9.1681
2017/6/1,5.6,6.5841,5.9313,5.7704,4.9264,3.4031,4.9448,5.35,,9.0261
2017/6/2,5.67,6.7247,6.0079,5.8301,4.9848,3.4427,4.9448,5.35,,9.1326
2017/6/5,5.71,6.78,6.0079,5.8798,5.0822,3.4724,4.9448,5.35,,9.3367
2017/6/6,5.91,6.8553,6.027,5.8997,5.0919,3.4922,4.9448,5.35,,9.3722
2017/6/7,5.97,7.0009,6.1035,6.0191,5.1795,3.5515,4.9448,5.35,,9.4876
2017/6/8,5.94,6.9457,6.0844,6.0589,5.1698,3.5317,4.9448,5.35,,9.5142
2017/6/9,6.06,6.9105,6.0557,6.0092,5.1211,3.512,4.9448,5.35,,9.5231
2017/6/12,5.97,6.8402,5.9696,5.8798,4.9945,3.4625,4.9448,5.35,,9.4787
2017/6/13,6.02,6.9157,6.0461,6.0191,5.0822,3.4922,4.9448,5.35,,9.5675
2017/6/14,6.06,6.9661,6.0653,6.0689,5.1893,3.5219,4.9448,5.35,,9.6038
2017/6/15,6.08,7.0063,6.0844,6.0788,5.1893,3.5515,4.9448,5.35,,9.6129
2017/6/16,6.07,7.0416,6.0748,6.0987,5.1698,3.5317,4.9448,5.35,,9.5856
2017/6/19,5.94,7.107,6.1322,6.1684,5.2379,3.5812,4.9448,5.35,,9.7219
2017/6/20,5.86,7.0516,6.1227,6.1385,5.2185,3.5713,4.9448,5.35,,9.731
2017/6/21,6.17,7.0818,6.1322,6.1684,5.2282,3.5911,4.9448,5.35,,9.8128
2017/6/22,5.93,6.9359,6.1131,6.0191,5.0919,3.5416,4.9448,5.35,,9.6129
2017/6/23,5.91,6.9812,6.1131,6.049,5.0627,3.5317,4.9448,5.35,,9.7219
2017/6/26,5.93,7.1221,6.2757,6.1485,5.1211,3.5812,4.9448,5.35,,9.9127
2017/6/27,5.9,7.0869,6.2853,6.1385,5.1406,3.5812,4.9448,5.35,,9.9127
2017/6/28,5.85,7.1976,6.2662,6.0788,5.053,3.5416,4.9448,5.35,,9.9036
2017/6/29,5.86,7.1775,6.3236,6.2281,5.0627,3.5614,4.9448,5.35,,9.84
2017/6/30,5.79,7.1372,6.3427,6.1883,5.1114,3.5614,4.9448,5.35,,9.8764
2017/7/3,5.84,7.1926,6.323,6.2281,5.1309,3.5713,4.9448,5.35,,10.0399
2017/7/4,5.85,7.1171,6.2245,6.1684,5.1309,3.5614,4.9448,5.35,,10.0581
2017/7/5,5.88,7.2177,6.2737,6.2181,5.2282,3.5713,4.9448,5.35,,10.1399
2017/7/6,5.93,7.2228,6.2737,6.3276,5.2185,3.5911,4.9448,5.35,,10.1944
2017/7/7,5.84,7.2932,6.3525,6.6957,5.3256,3.6208,4.9448,5.35,,10.2943
2017/7/10,5.81,7.1926,6.3919,6.7255,5.2964,3.6307,4.9448,5.35,,10.158
2017/7/11,5.72,7.0768,6.3427,6.6061,5.2087,3.5911,4.9448,5.35,,10.0581
2017/7/12,5.78,7.0114,6.2934,6.5564,5.3061,3.5515,4.9448,5.35,,10.0308
2017/7/13,5.84,7.0013,6.4116,6.6857,5.5008,3.6208,4.9448,5.35,,10.0308
2017/7/14,5.77,7.0114,6.4018,6.6658,5.4716,3.6307,4.9448,5.35,,10.3216
2017/7/17,5.41,6.7446,6.2146,6.3972,5.1114,3.4823,4.9448,5.35,,9.9309
2017/7/18,5.56,6.7396,6.3525,6.8051,5.1795,3.5515,4.9448,5.35,,10.0672
2017/7/19,5.59,6.8704,6.5298,7.1235,5.3548,3.7098,4.9448,5.35,,10.5306
2017/7/20,5.57,6.9661,6.4904,7.0339,5.3353,3.69,4.9448,5.35,,10.4942
2017/7/21,5.58,7.0667,6.5692,7.2727,5.5495,3.7197,4.9448,5.35,,10.785
2017/7/24,5.87,7.3889,6.7169,7.412,5.7929,3.8186,4.9448,5.35,,11.0303
2017/7/25,5.73,7.3234,6.6086,7.223,5.861,3.7494,4.9448,5.35,,10.8213
2017/7/26,5.67,7.4241,6.6086,7.2926,5.9097,3.8087,4.9448,5.89,,10.7577
2017/7/27,5.7,7.3939,6.6185,6.9842,6.1531,3.7395,4.9448,6.25,,10.9303
2017/7/28,5.71,7.4342,6.6381,7.1533,6.0266,3.7989,4.9448,6.88,,10.6941
2017/7/31,5.71,7.4342,6.7366,7.3125,5.9097,3.8582,4.9448,7.27,,10.8122
2017/8/1,5.74,7.6456,6.6972,7.2926,5.8805,3.8483,4.9448,7.19,,10.8576
2017/8/2,5.66,7.7311,6.6381,7.1334,5.8513,3.7989,4.9448,7.28,,10.5942
2017/8/3,5.78,7.6858,6.648,7.412,5.9389,3.8582,4.9448,7.17,,10.6578
2017/8/4,5.69,7.7966,6.7662,7.2926,5.8026,3.967,4.9448,7.16,,10.6032
2017/8/7,5.7,7.7009,6.8745,7.5612,5.8513,4.0462,4.9448,7.76,,10.8849
2017/8/8,5.75,7.6758,6.8844,7.8199,5.8903,4.0264,4.9448,8.23,,10.7486
2017/8/9,5.81,7.8469,6.8253,7.7105,5.7637,3.9868,4.9448,7.95,,10.7759
2017/8/10,5.78,7.7412,6.9632,7.7204,5.9,4.3034,4.9448,7.98,,11.0939
2017/8/11,5.6,7.6456,6.6381,7.1434,5.6663,4.0264,4.9448,7.32,,10.6214
2017/8/14,5.68,7.9475,6.7169,7.2727,5.7442,4.0759,4.9448,7.45,,10.7486
2017/8/15,5.71,7.9274,6.6381,7.1533,5.6858,3.9868,4.9448,7.31,,10.794
2017/8/16,5.8,8.2747,6.6086,6.9842,5.6274,3.9472,4.9448,7.44,,10.6759
2017/8/17,5.81,8.2697,6.6677,7.1931,5.7442,4.0066,4.9448,7.9,,10.7668
2017/8/18,5.84,8.7076,6.6381,7.1931,5.7442,3.9868,4.9448,7.94,,10.894
2017/8/21,5.87,8.6673,6.6775,7.223,5.7637,4.0363,4.9448,8.09,,10.9303
2017/8/22,5.78,8.622,6.6283,7.0837,5.8513,4.0363,4.9448,7.91,,10.7304
2017/8/23,5.79,9.1908,6.5298,6.8946,5.6858,3.9571,4.9448,7.56,,10.5306
2017/8/24,5.73,9.1857,6.451,6.8051,5.53,3.878,4.9448,7.4,,10.4034
2017/8/25,5.77,8.9945,6.5397,6.9344,5.6274,3.9275,4.9448,7.56,,10.576
2017/8/28,5.81,9.1002,6.5889,7.014,5.6858,3.967,4.9448,7.66,,10.9031
2017/8/29,5.8,9.5028,6.5692,6.8747,5.6566,3.9472,4.9448,7.59,,10.8395
2017/8/30,5.77,9.377,6.6086,6.9444,5.6858,3.9769,4.9448,7.85,,11.0212
2017/8/31,5.81,9.4726,6.5594,6.9643,5.6469,3.9967,4.9448,7.79,,11.0212
2017/9/1,5.8,9.6991,6.6381,7.1235,5.7247,4.0561,4.9448,8.02,,11.0394
2017/9/4,5.68,9.372,6.5495,7.0538,5.6858,4.0066,4.9448,7.69,,11.2847
2017/9/5,5.67,9.2612,6.52,6.9344,5.6761,3.9868,4.9448,7.61,,11.103
2017/9/6,5.59,9.3619,6.5397,6.9742,5.6955,4.0165,4.9448,7.76,,11.0575
2017/9/7,5.5,9.1304,6.4707,6.8847,5.6371,3.9472,4.9448,7.66,,10.794
2017/9/8,5.48,9.3116,6.5003,6.9941,5.8026,3.967,4.9448,7.8,,10.894
2017/9/11,5.48,9.6287,6.52,7.0638,5.9195,3.9868,4.9448,7.94,,11.0121
2017/9/12,5.43,9.6337,6.5397,7.1334,5.8903,4.0363,5.2868,8.06,,10.9485
2017/9/13,5.43,9.6891,6.4904,7.1931,5.8124,4.0264,5.1109,7.99,,10.894
2017/9/14,5.44,10.132,6.4904,7.2727,6.1921,3.9967,5.0914,7.82,,10.9758
2017/9/15,5.41,10.0414,6.4215,7.0936,5.9681,3.9472,5.0523,7.59,,10.785
2017/9/18,5.41,10.0162,6.4313,7.1135,6.0655,3.9374,5.0229,7.63,,10.8122
2017/9/19,5.4,10.0263,6.3722,7.0041,6.0071,3.8879,4.9741,7.37,,10.794
2017/9/20,5.37,9.9659,6.4313,7.1135,6.085,3.9176,4.9936,7.47,,10.894
2017/9/21,5.28,9.825,6.4018,7.0837,5.9,3.878,4.9936,7.3,,10.7668
2017/9/22,5.21,9.6689,6.3033,7.014,5.8805,3.8483,4.9643,7.24,,10.7668
2017/9/25,5.14,9.6236,6.2343,6.9046,5.7832,3.7989,4.935,7.07,,10.5487
2017/9/26,5.14,9.7394,6.3033,6.9046,5.7734,3.8087,4.935,7.09,,10.4942
2017/9/27,5.19,9.8149,6.2934,6.8449,5.7929,3.8087,4.9252,7.09,,10.6305
2017/9/28,5.15,9.9005,6.2343,6.6857,5.6469,3.7692,4.847,6.89,,10.5033
2017/9/29,5.22,9.7897,6.254,6.6658,5.6469,3.7692,4.8373,6.89,,10.6668
2017/10/9,5.26,10.0062,6.3328,6.7156,5.715,3.7989,4.8764,6.94,,10.6487
2017/10/10,5.28,10.127,6.3722,6.8151,5.754,3.8483,4.9155,7.15,,10.6578
2017/10/11,5.26,10.5045,6.3427,6.7355,5.7247,3.8285,4.9252,6.94,,10.7668
2017/10/12,5.25,10.4642,6.3131,6.6857,5.7053,3.7989,4.8959,6.98,,10.6487
2017/10/13,5.47,10.8014,6.3328,6.7454,5.7247,3.8087,4.8861,6.94,,10.6123
2017/10/16,5.47,10.5347,6.3033,6.7255,5.7929,3.8285,4.8666,7.03,,10.3579
2017/10/17,5.45,10.5347,6.3033,6.7255,5.8318,3.8186,4.8666,6.97,,10.3488
2017/10/18,5.31,10.3736,6.254,6.6658,5.9292,3.8087,4.8666,7.01,,10.1308
2017/10/19,5.35,10.1924,6.1654,6.4569,5.9,3.6999,4.7982,6.91,,10.049
2017/10/20,5.45,10.7712,6.3919,6.7056,6.1239,3.8978,4.935,7.08,,10.2761
2017/10/23,5.42,10.882,6.3821,6.7056,5.9097,3.8879,4.8959,7.13,,10.2761
2017/10/24,5.22,10.7209,6.3525,6.6459,5.8318,3.8384,4.9252,7.07,,10.3216
2017/10/25,5.21,10.736,6.3427,6.626,5.9681,3.8087,4.9448,7.02,,10.4215
2017/10/26,5.18,10.8216,6.3525,6.6758,6.1239,3.8483,4.9448,7.19,,10.7304
2017/10/27,5.16,10.7461,6.3525,6.6061,6.2018,3.878,4.9643,7.19,,10.7577
2017/10/30,5,10.3686,6.3525,6.427,6.1142,3.7989,4.8861,7.19,,10.7032
2017/10/31,5.04,10.4239,6.3525,6.5166,6.3576,3.8879,4.9643,6.93,,10.8486
2017/11/1,5,10.1572,6.323,6.4469,6.2408,3.8879,4.9155,6.81,,10.9758
2017/11/2,4.93,10.0464,6.2048,6.2878,6.0947,3.8879,4.847,6.73,,10.7759
2017/11/3,4.85,9.981,6.0374,6.1186,5.9097,3.7791,4.808,6.66,,10.8758
2017/11/6,4.85,9.9508,6.0472,6.1087,5.8318,3.7395,4.7982,6.59,,10.8122
2017/11/7,4.93,9.8753,6.126,6.1684,5.9097,3.7395,4.7884,6.73,,11.1211
2017/11/8,4.85,10.1169,6.0965,6.1186,5.8416,3.7296,4.7982,6.77,,10.9667
2017/11/9,4.85,10.2629,6.1063,6.1982,5.8416,3.7494,4.808,6.91,,11.1211
2017/11/10,4.82,10.1773,6.0669,6.1385,5.9974,3.7098,4.7591,6.83,,11.0485
2017/11/13,4.78,9.9709,6.0571,6.1186,5.9779,3.7296,4.7493,6.79,,11.1484
2017/11/14,4.71,9.2109,6.0571,6.039,5.9681,3.6999,4.6711,6.84,,10.9212
2017/11/15,4.6,9.5532,6.0078,5.9296,5.8026,3.6406,4.6027,6.65,,10.8395
2017/11/16,4.57,9.3971,5.9586,5.8898,5.6469,3.6208,4.5539,6.47,,11.0485
2017/11/17,4.41,9.3871,5.8108,5.651,5.6371,3.5219,4.4171,6.13,,10.5487
2017/11/20,4.51,9.4777,5.8305,5.7008,5.4619,3.5317,4.3877,6.09,,10.5396
2017/11/21,4.57,9.3367,5.8995,5.6809,5.4716,3.5614,4.4562,6.23,,10.4215
2017/11/22,4.52,9.4324,5.929,5.7207,5.4035,3.5713,4.4855,6.42,,10.4942
2017/11/23,4.45,9.3015,5.8207,5.5913,5.3353,3.5021,4.378,6.17,,10.1944
2017/11/24,4.44,9.4122,5.8502,5.6212,5.3158,3.5021,4.3877,6.26,,10.1853
2017/11/27,4.4,9.4424,5.8502,5.5913,5.3158,3.4724,4.3389,6.11,,10.0581
2017/11/28,4.41,9.5129,5.9487,5.6908,5.384,3.512,4.3682,6.27,,10.2216
2017/11/29,4.36,9.8199,5.9783,5.7505,5.4035,3.5021,4.4268,6.38,,10.3307
2017/11/30,4.27,9.9458,5.9192,5.7107,5.3353,3.4823,4.3975,6.29,,10.158
2017/12/1,4.32,10.4441,6.0078,5.8301,5.345,3.5219,4.4366,6.37,,10.5124
2017/12/4,4.23,10.3937,6.0669,6.039,5.4619,3.5713,4.4757,6.76,,10.4397
2017/12/5,4.05,9.83,5.9487,5.9196,5.3061,3.512,4.3096,6.66,,10.3398
2017/12/6,4.04,9.976,5.929,5.8102,5.2379,3.512,4.2998,6.7,,10.3579
2017/12/7,4.03,9.825,5.8699,5.7605,5.2185,3.4922,4.29,6.62,,10.3761
2017/12/8,4.08,10.0666,5.9192,5.85,5.2769,3.4922,4.3096,6.65,,10.467
2017/12/11,4.08,10.1471,5.998,5.9495,5.3353,3.5317,4.378,6.87,,10.5578
2017/12/12,4.03,10.2075,5.8995,5.9196,5.345,3.512,4.3389,6.82,,10.4488
2017/12/13,4.07,10.2679,5.9881,5.9694,5.3353,3.5317,4.378,6.89,,10.5669
2017/12/14,4.13,10.4441,5.998,5.9296,5.3353,3.512,4.378,6.75,,10.6487
2017/12/15,4.1,10.5246,5.9389,5.8401,5.2574,3.4922,4.378,6.57,,10.576
2017/12/18,4.06,10.4642,5.9192,5.7406,5.199,3.4823,4.378,6.48,,10.685
2017/12/19,4.06,10.4944,5.9192,5.7903,5.2477,3.4823,4.378,6.55,,10.685
2017/12/20,4.06,10.5045,5.929,5.7903,5.2087,3.4922,4.378,6.67,,10.6123
2017/12/21,4.02,10.4944,5.8699,5.7107,5.1893,3.4427,4.378,6.73,,10.5215
2017/12/22,4.04,10.8014,5.9684,5.6411,5.1211,3.3932,4.378,6.67,,10.7759
2017/12/25,3.98,10.892,5.9586,5.4918,4.9361,3.324,4.3389,6.47,,10.7486
2017/12/26,4.02,10.9021,6.0177,5.5515,4.9556,3.3636,4.2998,6.59,,10.8486
2017/12/27,4.01,10.7209,5.9783,5.5117,4.8875,3.3339,4.2509,6.55,,10.476
2017/12/28,3.99,10.9172,5.9783,5.5217,4.868,3.3636,4.2412,6.68,,10.3761
2017/12/29,4.02,10.9172,6.0275,5.5814,4.9069,3.3735,4.29,6.77,,10.467
2018/1/2,4.04,10.6655,6.1063,5.7306,4.9751,3.4229,4.3487,6.9,,10.5033
2018/1/3,4.09,10.8719,6.1359,5.7605,5.0238,3.4625,4.3584,7.03,,10.7214
2018/1/4,4.1,10.8769,6.1851,5.7804,5.0627,3.4823,4.5246,7.11,,10.794
2018/1/5,4.16,10.7813,6.254,5.8102,5.0335,3.4823,4.4952,7.22,,10.9485
2018/1/8,4.19,10.7108,6.2245,5.8699,5.0432,3.5021,4.4952,7.25,,10.9303
2018/1/9,4.2,10.7763,6.1753,5.7804,5.0238,3.4526,4.4366,7.1,,10.9031
2018/1/10,4.14,10.6454,6.1556,5.7605,4.9653,3.4526,4.4757,7.12,,11.0757
2018/1/11,4.16,10.7712,6.1359,5.7406,4.9556,3.4427,4.4659,7.04,,10.9031
2018/1/12,4.14,10.7058,6.126,5.651,4.9556,3.413,4.4562,6.97,,11.0939
2018/1/15,4.01,10.7209,5.998,5.6212,4.8193,3.3438,4.4366,6.63,,10.7577
2018/1/16,4.04,11.6269,6.0374,5.7704,4.8388,3.3636,4.4464,6.68,,10.7668
2018/1/17,4.02,12.2309,6.0965,5.7008,4.868,3.4031,4.5343,6.69,,10.576
2018/1/18,4.01,12.0698,6.1556,5.7107,4.8875,3.413,4.5148,6.75,,10.6305
2018/1/19,3.97,12.2913,6.1457,5.7107,4.8875,3.4526,4.5343,6.91,,10.6941
2018/1/22,3.91,12.3064,6.2048,5.8102,4.8875,3.4526,4.5246,6.88,,11.1484
2018/1/23,3.9,13.4842,6.2146,5.8202,4.8875,3.4526,4.4952,6.91,,11.1757
2018/1/24,3.87,13.7308,6.2737,5.8798,4.8875,3.4922,4.3975,7.16,,11.2665
2018/1/25,3.89,13.5144,6.2245,5.8798,4.8875,3.4823,4.3877,7.11,,11.6935
2018/1/26,3.92,14.0177,6.2639,6.049,4.8875,3.5021,4.4268,7.23,,11.7299
2018/1/29,3.85,13.7056,6.1556,6.0291,4.8875,3.4823,4.378,7.24,,11.6209
2018/1/30,3.86,14.1133,6.1851,5.8997,4.8875,3.4526,4.3389,7.17,,11.6845
2018/1/31,3.69,12.704,6.1162,5.8699,4.8875,3.4328,4.2314,7.24,,11.4755
2018/2/1,3.41,11.4356,5.9389,5.5913,4.8875,3.3636,4.0359,6.73,,11.0666
2018/2/2,3.29,11.5816,5.9684,5.5913,4.8875,3.3438,4.0262,6.86,,11.0757
2018/2/5,3.28,11.5061,5.9684,5.5714,4.8875,3.3537,4.0653,6.91,,11.2029
2018/2/6,3.06,10.3535,5.7911,5.2332,4.8875,3.1954,3.8503,6.5,,10.2489
2018/2/7,3.11,9.5733,5.801,5.2531,4.8875,3.1954,3.86,6.43,,10.049
2018/2/8,3.17,9.5733,5.8108,5.3128,4.8875,3.1954,3.9382,6.36,,10.1489
2018/2/9,3.06,9.2512,5.4366,5.0043,4.8875,3.0272,3.7623,6,,9.4312
2018/2/12,3.16,9.3166,5.4957,5.0541,4.8875,3.0668,3.8112,6.01,,9.6765
2018/2/13,3.17,9.3216,5.4957,5.064,4.8875,3.0668,3.821,5.99,,9.6492
2018/2/14,3.18,10.2528,5.4169,5.074,4.8875,3.0668,3.8307,5.96,,9.7128
2018/2/22,3.25,11.2796,5.5055,5.2431,4.8875,3.1162,3.86,6.08,,9.9309
2018/2/23,3.22,11.6671,5.5252,5.273,4.8875,3.1064,3.8503,6.13,,9.9036
2018/2/26,3.3,12.1604,5.604,5.3128,4.8875,3.1459,3.8991,6.21,,10.0672
2018/2/27,3.34,12.5782,5.5646,5.2431,4.8875,3.136,3.9187,6.09,,9.9218
2018/2/28,3.32,12.3668,5.5646,5.2431,4.8875,3.1162,3.9089,6.03,,10.0036
2018/3/1,3.38,13.605,5.5745,5.273,4.8875,3.136,4.0066,6.05,,10.0853
2018/3/2,3.32,13.3885,5.5548,5.2232,4.8875,3.1162,3.9773,5.97,,9.9309
2018/3/5,3.33,13.2124,5.5351,5.1735,4.8875,3.1162,3.9675,5.97,,9.8764
2018/3/6,3.35,13.2526,5.6139,5.273,4.8875,3.1459,3.9871,6.11,,10.0127
2018/3/7,3.42,13.5395,5.5942,5.2431,4.8875,3.1261,3.948,6.09,,9.9036
2018/3/8,3.4,13.2174,5.6533,5.3327,4.8875,3.1657,3.9773,6.29,,9.9309
2018/3/9,3.74,13.2426,5.6828,5.3625,4.8875,3.1855,4.0066,6.46,,10.0399
2018/3/12,3.66,13.3483,5.6927,5.4222,4.8875,3.1855,4.0066,6.47,,10.2216
2018/3/13,3.67,13.8919,5.6434,5.3625,4.8875,3.1657,4.0066,6.36,,10.1217
2018/3/14,3.56,14.3851,5.6336,5.2829,4.8875,3.1459,3.9578,6.28,,10.1489
2018/3/15,3.56,14.4254,5.5942,5.2829,4.8875,3.1657,3.9382,6.3,,9.9763
2018/3/16,3.51,14.1334,5.5843,5.2431,4.8875,3.136,3.9089,6.4,,9.9581
2018/3/19,3.53,14.0429,5.5548,5.2531,4.8875,3.1855,3.9089,6.33,,9.9218
2018/3/20,3.58,13.9674,5.5154,5.1735,4.8875,3.136,3.8991,6.27,,10.1035
2018/3/21,3.53,14.2945,5.4957,5.1536,4.8875,3.1261,3.8991,6.27,,9.8582
2018/3/22,3.51,14.1888,5.5055,5.0939,4.8875,3.1064,3.8698,6.2,,9.731
2018/3/23,3.2,13.7258,5.1904,4.7059,4.8875,2.9679,3.606,6.16,,9.095
2018/3/26,3.23,13.605,5.1904,4.7059,4.8875,2.9679,3.6157,5.92,,9.1858
2018/3/27,3.29,13.4489,5.2495,4.7556,4.8875,3.0173,3.6744,5.95,,9.3403
2018/3/28,3.25,13.7308,5.2101,4.6661,4.8875,2.9777,3.5962,5.89,,9.2313
2018/3/29,3.3,13.917,5.2889,4.7059,4.8875,3.0074,3.6255,5.92,,9.3585
2018/3/30,3.33,15.1451,5.3184,4.7258,4.8875,3.0074,3.6353,5.89,,9.3676
2018/4/2,3.3,16.5746,5.3381,4.7059,4.8875,3.0272,3.6157,5.86,,9.3676
2018/4/3,3.25,17.3598,5.3085,4.6462,4.8875,2.9876,3.5571,5.69,,9.3494
2018/4/4,3.22,17.5158,5.3085,4.5865,4.8875,2.9679,3.5278,5.6,,9.2585
2018/4/9,3.29,18.7288,5.2593,4.5765,4.8875,2.958,3.4692,5.55,,9.204
2018/4/10,3.32,16.8565,5.4267,4.7656,4.8875,3.0371,3.7721,5.73,,9.2949
2018/4/11,3.3,16.781,5.407,4.7158,4.8875,3.0173,3.7428,5.78,,9.3948
2018/4/12,3.29,17.7373,5.3775,4.6263,4.8875,3.0074,3.6353,5.63,,9.4675
2018/4/13,3.28,17.3346,5.3479,4.6163,4.8875,2.9876,3.6451,5.62,,9.3676
2018/4/16,3.33,19.0661,5.279,4.5865,4.8875,2.9777,3.6157,5.61,,9.84
2018/4/17,3.24,17.1585,5.2101,4.5168,4.8875,2.958,3.5669,5.46,,9.3494
2018/4/18,3.27,15.4421,5.2396,4.5566,4.8875,2.9777,3.5864,5.38,,9.3766
2018/4/19,3.29,14.4656,5.279,4.6163,4.8875,2.9777,3.5962,5.49,,9.3403
2018/4/20,3.26,13.0211,5.1904,4.5069,4.8875,2.9481,3.6841,5.5,,9.1677
2018/4/23,3.21,12.8449,5.2002,4.4969,4.8875,2.9283,3.733,5.53,,9.1768
2018/4/24,3.31,13.011,5.3282,4.5566,4.8875,2.9679,3.7526,5.63,,9.3403
2018/4/25,3.29,13.0765,5.279,4.5069,4.8875,2.9382,3.6939,5.61,,9.4221
2018/4/26,3.18,13.2275,5.1608,4.4671,4.8875,2.9184,3.6646,5.61,,9.2404
2018/4/27,3.2,13.3583,5.2889,4.487,4.8875,2.9184,3.6841,5.64,,9.3494
2018/5/2,3.16,12.4272,4.8457,4.3776,4.8875,2.8788,3.6353,5.48,,9.4766
2018/5/3,3.17,12.7342,4.826,4.3477,4.8875,2.8986,3.6451,5.61,,9.622
2018/5/4,3.18,12.3064,4.826,4.3278,4.8875,2.9382,3.7135,5.68,,9.6583
2018/5/7,3.22,12.4473,4.8555,4.3676,4.8875,2.9481,3.7135,5.74,,9.6674
2018/5/8,3.24,13.3583,4.8457,4.3776,4.8875,2.9481,3.7721,5.75,,9.6856
2018/5/9,3.21,13.1721,4.826,4.4074,4.8875,2.958,3.8796,5.72,,9.5493
2018/5/10,3.24,13.4137,4.8555,4.4571,4.8875,2.958,3.8894,5.73,,9.522
2018/5/11,3.31,12.9204,4.8358,4.3676,4.8875,2.9184,3.8503,5.61,,9.5856
2018/5/14,3.47,12.2208,4.8358,4.3577,4.8875,2.9283,3.821,5.7,,9.5038
2018/5/15,3.46,12.4423,4.7767,4.3676,4.8875,2.9481,3.8796,5.78,,9.6129
2018/5/16,3.45,12.7594,4.7472,4.298,4.537,2.9283,3.8503,5.79,,9.5038
2018/5/17,3.59,12.4322,4.7472,4.2582,4.498,2.9085,3.8503,5.73,,9.4675
2018/5/18,3.53,13.0815,4.8653,4.3278,4.4688,2.9481,3.9969,5.95,,9.5765
2018/5/21,3.57,13.8667,5.3479,4.5765,4.6148,3.0866,4.1434,6.39,,9.7037
2018/5/22,3.64,13.4791,5.3775,4.5069,4.5856,3.047,4.0946,6.39,,9.6856
2018/5/23,3.65,13.5093,5.1608,4.3776,4.5168,2.9777,3.9578,6.22,,9.6492
2018/5/24,3.58,14.8582,5.1608,4.3577,4.4774,2.9679,4.0457,6.14,,9.6765
2018/5/25,3.54,15.3163,5.1805,4.4372,4.3396,2.9481,3.9675,6.17,,9.5765
2018/5/28,3.59,14.4254,5.2298,4.3974,4.3101,2.9184,3.9773,6.27,,9.5493
2018/5/29,3.54,13.3432,5.151,4.3378,4.7431,2.9184,3.9089,6.3,,9.7401
2018/5/30,3.5,13.0161,4.9047,4.1288,4.7529,2.8392,3.7623,5.98,,9.3948
2018/5/31,3.53,13.1016,4.9638,4.1288,4.812,2.9184,3.821,6.12,,9.6038
2018/6/1,3.44,12.8399,4.954,4.1089,4.6152,2.8986,3.821,6.06,,9.7673
2018/6/4,3.42,13.1721,4.954,4.1089,4.4872,2.8887,3.8014,5.92,,10.0672
2018/6/5,3.44,13.3986,4.954,4.1388,4.5364,2.8788,3.8503,6.1,,10.0763
2018/6/6,3.41,13.181,5.0229,4.1686,4.4971,2.8887,3.8503,6.03,,10.0127
2018/6/7,3.36,13.4843,4.9441,4.1189,4.4282,2.859,3.6939,5.94,,9.9763
2018/6/8,3.38,13.1546,4.8555,4.0393,4.4184,2.8294,3.6157,5.73,,9.9036
2018/6/11,3.27,12.6073,4.8063,3.9995,4.3691,2.7997,3.5473,5.72,,9.8128
2018/6/12,3.2,12.0732,4.8555,4.0492,4.3987,2.8096,3.5864,5.62,,9.9763
2018/6/13,3.12,12.0996,4.7275,3.9497,4.3298,2.7898,3.5278,5.61,,9.84
2018/6/14,3.12,11.9545,4.6684,3.9497,4.3101,2.7601,3.5376,5.5,,9.84
2018/6/15,3.04,11.6183,4.629,3.8901,4.1231,2.7205,3.5864,5.52,,9.6583
2018/6/19,2.74,10.4578,4.235,3.5319,3.7197,2.4732,3.3519,5.54,,9.2313
2018/6/20,2.73,10.8072,4.2153,3.512,3.6902,2.493,3.3226,5.52,,9.3948
2018/6/21,2.66,10.0423,4.1365,3.4523,3.513,2.4435,3.3323,5.43,,9.2222
2018/6/22,2.74,10.8864,4.2055,3.4821,3.5229,2.4732,3.4692,5.44,,9.3857
2018/6/25,3.01,11.0314,4.1858,3.4622,3.5229,2.4534,3.4789,5.35,,8.9514
2018/6/26,2.92,11.1963,4.1464,3.4722,3.5426,2.4534,3.518,4.96,,8.9419
2018/6/27,2.87,11.3281,4.0971,3.4423,3.5327,2.4336,3.4985,4.93,,8.9891
2018/6/28,2.88,12.1326,4.0676,3.4423,3.4934,2.4237,3.4594,4.82,,8.9419
2018/6/29,3.06,12.4952,4.1759,3.5319,3.5819,2.4633,3.5278,4.92,,9.093
2018/7/2,3,12.2842,4.0971,3.4423,3.513,2.4237,3.4789,4.82,,8.9231
2018/7/3,3.03,12.2908,4.1168,3.512,3.5426,2.4534,3.4398,4.73,,9.008
2018/7/4,2.98,11.7238,4.0774,3.4821,3.4441,2.4139,3.4203,4.68,,8.8003
2018/7/5,2.91,11.3545,3.9691,3.4224,3.3457,2.3446,3.3128,4.75,,8.432
2018/7/6,2.86,11.427,3.9789,3.4423,3.3654,2.2951,3.2933,4.67,,8.4981
2018/7/9,2.93,11.4732,4.0577,3.4921,3.4146,2.3248,3.3323,4.73,,8.6964
2018/7/10,2.96,11.6051,4.0676,3.4722,3.4441,2.3248,3.3323,4.74,,8.687
2018/7/11,2.89,10.9787,3.9691,3.323,3.3064,2.2754,3.2835,4.4,,8.4509
2018/7/12,2.95,11.249,4.0577,3.3926,3.3851,2.3248,3.3519,4.49,,8.6115
2018/7/13,2.98,11.4468,4.0677,3.4324,3.4146,2.3347,3.3617,4.5,,8.6492
2018/7/16,3.03,11.5194,4.0677,3.4324,3.454,2.3347,3.3519,4.57,,8.7153
2018/7/17,3.04,11.3281,4.0777,3.4224,3.4441,2.3248,3.342,4.54,,8.7059
2018/7/18,3.05,10.9919,4.0677,3.4423,3.4245,2.3248,3.3322,4.56,,8.6681
2018/7/19,3.01,10.7347,4.0777,3.4125,3.3457,2.305,3.3322,4.44,,8.5454
2018/7/20,3.01,10.8402,4.1176,3.4026,3.3851,2.3149,3.3617,4.36,,8.6587
2018/7/23,3.02,11.1567,4.1774,3.4921,3.4934,2.3743,3.3913,4.51,,8.772
2018/7/24,3.07,11.3084,4.307,3.8403,3.6016,2.4534,3.4702,4.72,,8.8947
2018/7/25,3.08,12.159,4.2272,3.7309,3.5819,2.4336,3.4603,4.65,,8.8381
2018/7/26,3.27,11.6051,4.2272,3.7408,3.759,2.5227,3.4702,4.66,,8.8664
2018/7/27,3.14,11.2622,4.1774,3.6214,3.6902,2.4633,3.5195,4.59,,8.8853
2018/7/30,3.06,10.9919,4.1375,3.6612,3.6508,2.4435,3.4308,4.49,,8.8758
2018/7/31,3.16,11.071,4.1973,3.6811,3.6705,2.4732,3.4308,4.51,,8.8192
2018/8/1,3.18,10.9523,4.2073,3.8602,3.6508,2.493,3.4702,4.54,,8.7153
2018/8/2,3.37,10.5435,4.0777,3.6811,3.5622,2.4139,3.3322,4.31,,8.517
2018/8/3,3.71,10.7479,4.1475,3.7806,3.6311,2.4237,3.3322,4.34,,8.4981
2018/8/6,3.43,10.3589,4.0777,3.8105,3.7197,2.3842,3.3026,4.17,,8.3471
2018/8/7,3.48,10.583,4.1774,3.9895,3.9657,2.4534,3.3913,4.35,,8.5642
2018/8/8,3.55,10.4248,4.2372,3.9,3.8279,2.4633,3.3913,4.35,,8.3943
2018/8/9,3.5,10.5764,4.287,3.91,3.7984,2.4633,3.4603,4.45,,8.5831
2018/8/10,3.41,10.5962,4.3469,3.97,3.8279,2.4534,3.5096,4.44,,8.602
2018/8/13,3.39,10.4907,4.297,3.9,3.7689,2.404,3.4702,4.38,,8.5642
2018/8/14,3.41,10.6028,4.317,3.88,3.7886,2.4139,3.4998,4.41,,8.5831
2018/8/15,3.47,10.3259,4.2372,3.71,3.6606,2.3545,3.4702,4.24,,8.4887
2018/8/16,3.4,10.0555,4.1674,3.63,3.5819,2.3446,3.4209,4.23,,8.4226
2018/8/17,3.33,9.8577,4.1375,3.56,3.4934,2.305,3.3322,4.14,,8.3282
2018/8/20,3.37,9.5676,4.1076,3.65,3.513,2.3248,3.3223,4.18,,8.4132
2018/8/21,3.44,9.6269,4.2272,3.67,3.513,2.3347,3.342,4.2,,8.4887
2018/8/22,3.38,9.3698,4.1873,3.59,3.4835,2.3149,3.3519,4.16,,8.4415
2018/8/23,3.35,9.4423,4.2272,3.6,3.5032,2.3149,3.342,4.16,,8.4415
2018/8/24,3.29,9.5742,4.2173,3.6,3.5327,2.3149,3.342,4.18,,8.432
2018/8/27,3.33,9.5346,4.2571,3.68,3.5721,2.3644,3.3716,4.23,,8.5831
2018/8/28,3.28,9.6665,4.2472,3.68,3.5721,2.3644,3.3913,4.25,,8.6115
2018/8/29,3.2,9.4885,4.1674,3.61,3.5327,2.3446,3.3223,4.23,,8.6492
2018/8/30,3.24,9.2379,4.1375,3.5,3.4638,2.3248,3.3125,4.15,,8.5642
2018/8/31,3.17,9.0335,4.0877,3.46,3.454,2.2852,3.2632,4.09,,8.5831
2018/9/3,3.22,9.0797,4.0877,3.44,3.4441,2.2754,3.2533,4.03,,8.5265
2018/9/4,3.26,9.1456,4.1375,3.48,3.4835,2.305,3.3223,4.07,,8.5642
2018/9/5,3.25,8.7104,4.1076,3.41,3.4146,2.2754,3.3322,3.98,,8.4037
2018/9/6,3.21,8.7434,4.0877,3.42,3.4048,2.2655,3.2927,3.94,,8.3848
2018/9/7,3.25,8.7763,4.1176,3.44,3.4245,2.2655,3.3026,3.9,,8.4132
2018/9/10,3.2,8.3082,4.0478,3.37,3.3457,2.2358,3.273,3.78,,8.3754
2018/9/11,3.22,8.4269,4.0478,3.38,3.3556,2.2358,3.273,3.81,,8.3754
2018/9/12,3.21,8.506,4.0478,3.39,3.3753,2.2457,3.2829,3.8,,8.366
2018/9/13,3.28,8.5324,4.1973,3.49,3.4146,2.2852,3.3223,3.92,,8.4226
2018/9/14,3.35,8.6313,4.317,3.56,3.4245,2.2754,3.3913,3.94,,8.366
2018/9/17,3.37,8.3148,4.287,3.51,3.3556,2.2457,3.3815,3.86,,8.1771
2018/9/18,3.37,8.4796,4.297,3.6,3.4441,2.2852,3.411,3.94,,8.2338
2018/9/19,3.4,8.75,4.297,3.6,3.4737,2.3149,3.4702,3.99,,8.2999
2018/9/20,3.35,8.6313,4.3568,3.57,3.4441,2.3149,3.4899,3.98,,8.2904
2018/9/21,3.41,8.9016,4.4067,3.64,3.4934,2.3446,3.5293,4.1,,8.4226
2018/9/25,3.39,9.3764,4.4167,3.59,3.4737,2.3347,3.5885,4.03,,8.3754
2018/9/26,3.37,9.4159,4.3768,3.58,3.4835,2.3347,3.5589,4.01,,8.3943
2018/9/27,3.29,9.3698,4.3768,3.53,3.4343,2.2951,3.5096,4,,8.4981
2018/9/28,3.34,9.7654,4.4366,3.6,3.4835,2.3644,3.6674,4.08,,8.4793
2018/10/8,3.26,9.2511,4.8454,3.56,3.3851,2.3149,3.7758,3.97,,8.2054
2018/10/9,3.3,9.2709,5.1644,3.65,3.4737,2.3446,3.8842,4.01,,8.2432
2018/10/10,3.19,9.383,5.1145,3.62,3.4343,2.3149,3.8152,3.97,,8.2338
2018/10/11,2.87,8.506,4.8354,3.29,3.1588,2.1171,3.6181,3.65,,7.5917
2018/10/12,2.94,9.0335,4.8155,3.24,3.1293,2.1072,3.5491,3.65,,7.5917
2018/10/15,3,9.4291,4.9451,3.19,3.1096,2.0973,3.7265,3.61,,7.4123
2018/10/16,2.97,9.2247,4.8852,3.16,3.0899,2.0775,3.6181,3.5,,7.3367
2018/10/17,2.99,9.3896,4.975,3.23,3.1489,2.1072,3.7561,3.57,,7.4028
2018/10/18,2.86,8.6049,4.6858,3.14,3.021,2.0478,3.6279,3.41,,7.2517
2018/10/19,2.92,8.5851,4.646,3.23,3.021,2.0775,3.5491,3.51,,7.3745
2018/10/22,3.09,8.8489,4.7955,3.36,3.021,2.1764,3.7167,3.69,,7.6861
2018/10/23,3.05,8.8884,4.7855,3.29,3.021,2.1467,3.7561,3.64,,7.535
2018/10/24,3.04,8.8027,4.955,3.31,3.021,2.1566,3.7857,3.66,,7.5822
2018/10/25,3,8.6049,5.1544,3.29,3.021,2.1467,3.835,3.69,,7.5445
2018/10/26,2.98,8.6379,5.1943,3.33,3.021,2.1962,3.904,3.75,,7.6672
2018/10/29,2.91,8.473,5.1345,3.27,3.021,2.1764,3.973,3.67,,7.8561
2018/10/30,2.94,8.7038,5.2043,3.32,3.2277,2.1863,3.973,3.76,,7.9316
2018/10/31,2.96,8.7697,5.1445,3.37,3.2178,2.216,3.9533,3.79,,7.9316
2018/11/1,2.94,8.8884,5.284,3.36,3.1981,2.2358,4.0223,3.79,,7.9222
2018/11/2,3,9.0071,5.2741,3.46,3.2572,2.305,4.1209,4.1,,8.0449
2018/11/5,3.04,9.1456,5.0946,3.44,3.3064,2.3149,3.9138,4.05,,7.9883
2018/11/6,3,8.9873,5.0946,3.44,3.267,2.3149,3.8941,4.02,,7.9977
2018/11/7,3,8.9478,4.975,3.39,3.2473,2.2951,3.8645,4,,7.9127
2018/11/8,3.05,8.895,4.9052,3.38,3.2375,2.2754,3.7955,3.94,,7.8655
2018/11/9,3.01,8.7104,4.7058,3.34,3.2277,2.2852,3.7462,3.9,,7.79
2018/11/12,3.08,8.8357,4.8354,3.44,3.3064,2.3149,3.835,3.97,,7.9316
2018/11/13,3.16,8.9016,4.975,3.55,3.3949,2.3644,3.8744,4.01,,8.0449
2018/11/14,3.23,9.1852,4.8454,3.57,3.5918,2.3644,3.8448,4.09,,8.0732
2018/11/15,3.24,9.2775,4.8653,3.58,3.5426,2.4435,3.8448,4.1,,8.1299
2018/11/16,3.24,9.2709,4.8753,3.58,3.5622,2.4633,3.835,4.08,,8.1393
2018/11/19,3.27,9.2775,4.8753,3.61,3.6213,2.4336,3.7955,4.07,,8.2054
2018/11/20,3.18,9.0335,4.6858,3.49,3.4835,2.3842,3.7561,4.02,,8.0355
2018/11/21,3.19,9.106,4.6858,3.51,3.5229,2.3842,3.7462,4.03,,8.1393
2018/11/22,3.19,9.0137,4.7257,3.51,3.513,2.3842,3.8152,4,,8.1488
2018/11/23,3.04,8.7368,4.5562,3.36,3.3851,2.305,3.7462,3.87,,7.8655
2018/11/26,3.05,8.6247,4.7556,3.4,3.4245,2.2852,3.7857,3.87,,7.9694
2018/11/27,3.03,8.6181,4.7656,3.41,3.4441,2.305,3.7561,3.89,,7.9694
2018/11/28,3.07,9.4819,4.955,3.52,3.513,2.3347,3.9335,4.08,,8.0544
2018/11/29,2.96,9.0005,4.8553,3.43,3.3949,2.2754,3.8941,4,,7.9033
2018/11/30,2.96,8.9676,5.0946,3.48,3.4146,2.3149,4.0025,4.1,,7.9127
2018/12/3,3.03,9.172,5.4934,3.59,3.4934,2.3743,4.2786,4.24,,8.111
2018/12/4,3.07,9.2577,5.4834,3.6,3.5327,2.3941,4.18,4.26,,8.1771
2018/12/5,3.12,9.2841,5.5034,3.56,3.454,2.3446,4.1209,4.21,,8.111
2018/12/6,3.06,9.3896,5.1744,3.47,3.3949,2.2951,4.0025,4.05,,8.0732
2018/12/7,3.05,9.4753,5.4236,3.5,3.4048,2.3347,4.0518,4.09,,8.0732
2018/12/10,3.03,9.3368,5.2442,3.42,3.3162,2.2951,4.0025,4.01,,8.0449
2018/12/11,3.04,9.2313,5.2541,3.42,3.3359,2.305,4.0124,4,,8.026
2018/12/12,3.02,9.4621,5.2043,3.43,3.3556,2.3248,3.9631,3.98,,8.1016
2018/12/13,3.04,9.4225,5.1943,3.46,3.3949,2.3446,3.9828,4.04,,8.1677
2018/12/14,2.96,9.3896,5.0049,3.39,3.2867,2.3644,3.9533,3.97,,8.111
2018/12/17,2.99,9.4225,5.0348,3.41,3.3261,2.3545,3.904,4.01,,8.0638
2018/12/18,3.01,9.4819,4.9251,3.39,3.3359,2.305,3.8744,4.01,,8.0921
2018/12/19,2.99,9.2247,4.8354,3.35,3.3064,2.2852,3.8448,4.02,,8.1299
2018/12/20,3.02,9.0731,4.7756,3.36,3.3064,2.2754,3.8448,4.02,,8.1488
2018/12/21,2.95,9.0269,4.6958,3.35,3.2769,2.2754,3.7955,4.03,,8.1393
2018/12/24,2.93,9.0533,4.7257,3.38,3.2965,2.2951,3.8448,4.02,,8.2621
2018/12/25,2.87,8.895,4.5064,3.31,3.2375,2.2655,3.7561,3.96,,8.3848
2018/12/26,2.86,8.8357,4.4864,3.28,3.1981,2.2556,3.7167,3.98,,8.3376
2018/12/27,2.84,8.6115,4.4266,3.25,3.1489,2.2556,3.6772,4.01,,8.2054
2018/12/28,2.88,8.8687,4.4266,3.25,3.1785,2.2556,3.6378,4.04,,8.2715
2019/1/2,2.94,8.7632,4.3867,3.25,3.1883,2.2358,3.6378,4.08,,8.1865
2019/1/3,2.95,8.7236,4.4167,3.28,3.2178,2.2457,3.5983,4.2,,8.1299
2019/1/4,3.04,8.9742,4.5263,3.36,3.3064,2.2951,3.6772,4.29,,8.2149
2019/1/7,3.11,9.0467,4.7158,3.43,3.3654,2.3248,3.7758,4.36,,8.2999
2019/1/8,3.07,8.8884,4.6858,3.45,3.3654,2.3545,3.7758,4.47,3.31,8.3471
2019/1/9,3.04,8.928,4.7357,3.42,3.3457,2.3545,3.8251,4.59,3.14,8.3282
2019/1/10,3.02,8.9676,4.7158,3.45,3.3457,2.3743,3.8547,4.56,2.98,8.2621
2019/1/11,3,8.9544,4.8254,3.48,3.3556,2.3842,3.8744,4.59,2.83,8.2621
2019/1/14,2.98,8.9346,4.6659,3.48,3.3457,2.4139,3.8448,4.55,2.71,8.2149
2019/1/15,3.02,9.1522,4.7357,3.48,3.3851,2.3941,3.8941,4.56,2.57,8.2621
2019/1/16,3.08,9.2841,4.7158,3.44,3.3949,2.404,3.9138,4.56,2.59,8.281
2019/1/17,3.06,9.1522,4.6559,3.45,3.3654,2.3842,3.8251,4.45,2.53,8.4037
2019/1/18,3.08,9.2181,4.7058,3.49,3.4048,2.3941,3.8744,4.53,2.42,8.366
2019/1/21,3.09,9.2709,5.0049,3.54,3.513,2.404,4.0025,4.57,2.48,8.3565
2019/1/22,3.08,9.0994,4.8852,3.41,3.3851,2.3644,3.8842,4.5,2.45,8.2715
2019/1/23,3.1,9.0467,4.8753,3.44,3.3457,2.3545,4.0025,4.42,2.44,8.3282
2019/1/24,3.13,9.1983,4.8553,3.45,3.3457,2.3743,4.042,4.48,2.42,8.3754
2019/1/25,3.15,9.0665,4.8852,3.4,3.3457,2.3743,4.1307,4.4,2.33,8.3565
2019/1/28,3.14,9.1324,4.9152,3.38,3.2965,2.3446,4.1011,4.34,2.22,8.366
2019/1/29,3.13,8.7961,4.8254,3.29,3.2375,2.3149,4.0814,4.33,2.11,8.2999
2019/1/30,3.14,8.6708,4.975,3.27,3.2277,2.305,4.1701,4.25,2.09,8.1393
2019/1/31,3.09,8.684,4.9849,3.26,3.1981,2.2951,4.0913,4.2,2.05,8.026
2019/2/1,3.1,8.9544,4.9152,3.31,3.267,2.3446,4.111,4.3,2.09,8.3282
2019/2/11,3.12,9.0599,4.9451,3.35,3.3359,2.404,4.1701,4.38,2.14,8.4132
2019/2/12,3.14,9.0731,4.965,3.39,3.3753,2.4139,4.1209,4.38,2.15,8.4887
2019/2/13,3.12,9.1456,5.0846,3.44,3.4048,2.4435,4.1209,4.47,2.16,8.5548
2019/2/14,3.09,9.1192,5.1245,3.45,3.4343,2.4336,4.0716,4.49,2.27,8.5642
2019/2/15,3.12,9.0994,5.0248,3.46,3.4048,2.4139,4.0913,4.5,2.28,8.602
2019/2/18,3.17,9.3038,5.1245,3.54,3.4737,2.4831,4.1307,4.57,2.3,8.6964
2019/2/19,3.41,9.3104,5.0448,3.65,3.4737,2.493,4.1997,4.53,2.3,8.6492
2019/2/20,3.31,9.5808,4.9949,3.64,3.4638,2.4633,4.1011,4.53,2.27,8.7059
2019/2/21,3.3,9.3632,5.1644,3.58,3.4441,2.4534,4.1406,4.5,2.25,8.6587
2019/2/22,3.33,9.4159,5.3837,3.63,3.4835,2.5128,4.1899,4.59,2.26,8.687
2019/2/25,3.43,9.7456,5.8623,3.83,3.6508,2.6612,4.387,4.95,2.32,8.9608
2019/2/26,3.44,10.1017,5.8124,3.88,3.6902,2.77,4.5941,5.12,2.32,8.9136
2019/2/27,3.42,10.0885,5.8423,3.89,3.6705,2.9679,4.5152,5.08,2.33,8.9042
2019/2/28,3.42,10.1083,5.8822,3.89,3.6803,2.958,4.5448,5.01,2.38,8.8475
2019/3/1,3.4,10.0753,5.962,3.95,3.6902,2.9679,4.6039,5.1,2.39,8.8381
2019/3/4,3.41,10.2072,5.8922,3.95,3.7394,2.9777,4.6138,5.02,2.39,8.8758
2019/3/5,3.45,10.227,5.9022,3.97,3.7984,3.0173,4.6532,5.04,2.39,8.9231
2019/3/6,3.54,10.2665,5.8922,4.09,3.887,3.047,4.7124,5.2,2.51,9.0647
2019/3/7,3.64,10.6028,5.9321,4.18,3.9854,3.2152,4.7715,5.28,2.64,9.0836
2019/3/8,3.49,10.4512,5.5532,3.89,3.7098,2.9777,4.456,4.9,2.77,8.7531
2019/3/11,3.65,10.9655,5.9819,4.11,3.9657,3.1459,4.6039,5.18,2.73,8.9419
2019/3/12,3.64,11.3347,5.9022,4.09,3.9362,3.1064,4.6236,5.1,2.87,9.178
2019/3/13,3.54,11.1897,5.8523,4.03,3.8574,3.0074,4.5448,4.96,3,9.0175
2019/3/14,3.4,11.2358,5.7127,3.92,3.7689,2.9679,4.525,4.92,2.85,8.857
2019/3/15,3.41,11.7699,6.1315,3.98,3.8378,2.9975,4.5743,5.03,2.88,9.1308
2019/3/18,3.47,11.7897,6.2112,4.12,3.946,3.047,4.6729,5.18,2.95,9.3763
2019/3/19,3.46,11.6446,6.1414,4.15,3.9263,3.0965,4.6039,5.13,3.1,9.4141
2019/3/20,3.5,11.638,6.1813,4.2,4.3199,3.0569,4.6434,5.31,3.06,10.0939
2019/3/21,3.52,11.4666,6.1115,4.17,4.3199,3.0668,4.6828,5.25,3.14,9.8673
2019/3/22,3.63,11.6315,6.2312,4.35,4.3199,3.0767,4.7321,5.27,3.3,9.7351
2019/3/25,3.58,11.2424,6.0019,4.23,4.192,3.0173,4.6138,5.13,3.44,9.6596
2019/3/26,3.53,10.5633,5.8623,4.12,4.192,2.958,4.4955,5.01,3.44,9.7162
2019/3/27,3.58,10.5567,5.9121,4.18,4.3298,2.9481,4.5842,5.03,3.27,10.1033
2019/3/28,3.94,10.1544,6.1813,4.25,4.4872,2.9876,4.6434,5.17,3.27,10.0184
2019/3/29,3.95,10.3984,6.4505,4.21,4.4085,3.0371,4.8109,5.28,3.18,9.8484
2019/4/1,4.04,10.616,6.5801,4.63,4.5266,3.1162,4.9194,5.49,3.5,10.0467
2019/4/2,3.94,10.4907,6.6001,4.49,4.4676,3.0965,4.8504,5.49,3.85,10.0184
2019/4/3,4.33,10.8072,7.1384,4.78,4.6939,3.4031,5.3334,6.04,4.24,10.2355
2019/4/4,4.2,10.8006,6.9889,4.67,4.6348,3.5713,5.1954,6.32,4.66,10.2355
2019/4/8,4.03,10.5369,6.8194,4.5,4.566,3.3636,5.0377,6.03,4.66,10.3394
2019/4/9,4.14,10.6951,6.8992,4.53,4.5561,3.3042,5.1067,5.93,5.13,10.2828
2019/4/10,4.12,10.5237,7.0288,4.56,4.6447,3.2646,5.087,5.9,4.9,10.1694
2019/4/11,4.14,10.4512,6.8692,4.48,4.5463,3.2251,5.0673,5.88,4.42,10.0184
2019/4/12,4.04,10.7545,6.9291,4.43,4.871,3.1954,5.1264,5.97,4.29,10.075
2019/4/15,4.04,10.8402,6.8692,4.38,4.7529,3.2152,5.0475,5.91,4.46,10.1222
2019/4/16,4.06,10.7479,6.8992,4.47,4.7824,3.3141,5.0574,5.96,4.39,10.2828
2019/4/17,4.05,10.8336,6.7795,4.45,4.8809,3.2745,4.9983,5.92,4.36,10.3111
2019/4/18,4.01,10.7809,6.7496,4.4,4.7923,3.2053,4.9983,5.99,4.3,10.1978
2019/4/19,4.03,10.8006,6.8493,4.42,4.7824,3.2152,4.9588,6.01,4.26,10.2828
2019/4/22,3.95,10.9259,6.7297,4.35,4.7431,3.2152,4.8898,5.84,4.18,10.2922
2019/4/23,3.81,10.6754,6.8194,4.24,4.6644,3.2844,4.8701,5.85,4.17,10.1033
2019/4/24,3.81,10.5501,6.9091,4.29,4.5463,3.4328,4.9292,5.91,4.06,10.1789
2019/4/25,3.63,10.0226,6.3907,4.06,4.3199,3.2943,4.7321,5.63,3.87,9.7068
2019/4/26,3.59,9.9368,6.5702,4.03,4.1822,3.1954,4.7124,5.54,3.88,9.7162
2019/4/29,3.36,9.8116,6.3708,3.9,4.133,3.047,4.7124,5.41,3.5,9.8295
2019/4/30,3.39,9.8709,6.8692,3.99,4.2904,3.1261,4.7912,5.73,3.54,10.075
2019/5/6,3.2,8.961,6.1913,3.68,3.8574,2.8096,4.3082,5.24,3.2,9.5746
2019/5/7,3.23,9.1126,6.4804,3.73,3.7787,2.8195,4.2096,5.29,3.22,9.8201
2019/5/8,3.24,9.0994,6.2112,3.74,3.759,2.7502,4.1406,5.27,3.31,9.6501
2019/5/9,3.3,9.0467,6.0019,3.69,3.7,2.7898,4.0025,5.13,3.16,9.6029
2019/5/10,3.4,9.2379,6.3309,3.8,3.8476,2.9184,4.1209,5.28,3.28,9.7729
2019/5/13,3.42,9.561,6.4405,3.82,3.946,3.0965,4.2293,5.35,3.33,10.3583
2019/5/14,3.41,9.4423,6.1414,3.74,3.9165,3.0074,4.1406,5.15,3.24,10.3016
2019/5/15,3.47,9.5874,6.3508,3.79,3.9755,3.0173,4.1997,5.25,3.31,10.4149
2019/5/16,3.45,9.8182,6.1514,3.84,3.9559,3.0173,4.1504,5.32,3.31,10.7926
2019/5/17,3.3,9.772,6.0118,3.73,3.7886,2.9382,4.0321,5.11,3.13,10.8115
2019/5/20,3.37,9.3698,5.8922,3.72,3.7689,2.8986,3.973,5.08,3.01,10.5283
2019/5/21,3.56,9.3764,6.0417,3.75,3.8574,2.9679,3.9927,5.11,3.07,10.4149
2019/5/22,3.47,9.983,5.942,3.69,3.7886,2.9085,3.9434,4.95,3.01,10.1978
2019/5/23,3.4,9.3764,5.7726,3.62,3.7,2.859,3.8842,4.82,2.96,9.6312
2019/5/24,3.45,9.2181,5.9221,3.64,3.62,2.8689,3.8842,4.77,2.97,9.6312
2019/5/27,3.5,9.4028,6.1315,3.7,3.7,2.9085,3.9335,4.83,3.03,9.8012
2019/5/28,3.47,9.35,6.1614,3.68,3.69,2.9184,3.9138,4.92,3.07,9.7918
2019/5/29,3.52,9.14,6.1514,3.69,3.69,2.8887,3.9533,4.83,3.38,9.754
2019/5/30,3.46,8.97,6.2212,3.66,3.63,2.7898,3.8842,4.82,3.72,9.9239
2019/5/31,3.48,8.84,6.2013,3.66,3.64,2.8195,3.9434,4.78,4.09,9.8673
2019/6/3,3.44,8.97,6.291,3.63,3.65,2.8294,4.0025,4.82,3.98,9.9051
2019/6/4,3.35,8.8,6.281,3.61,3.57,2.7799,3.9927,4.71,3.97,9.6973
2019/6/5,3.32,8.82,6.2312,3.76,3.54,2.7106,3.9237,4.79,3.7,9.8767
2019/6/6,3.24,8.73,6.2212,3.59,3.45,2.6117,3.9138,4.67,3.33,9.8201
2019/6/10,3.33,8.69,6.1614,3.53,3.46,2.6018,3.8547,4.72,3.35,9.8767
2019/6/11,3.42,8.91,6.4007,3.64,3.58,2.7106,3.9828,4.9,3.46,10.1883
2019/6/12,3.5,8.96,6.291,3.61,3.6,2.6909,3.9828,4.87,3.31,10.16
2019/6/13,3.63,8.87,6.1115,3.62,3.59,2.6612,3.973,4.8,3.41,10
2019/6/14,3.59,8.63,6.0517,3.58,3.53,2.6216,3.9631,4.66,3.25,9.66
2019/6/17,3.59,8.66,6.0019,3.57,3.54,2.6117,3.9533,4.66,3.24,9.65
2019/6/18,3.6,8.57,6.0318,3.54,3.55,2.5919,3.8941,4.68,3.27,10.24
2019/6/19,3.62,8.65,6.1614,3.59,3.6,2.6315,4.0124,4.79,3.32,10.25
2019/6/20,3.59,9,6.291,3.73,3.65,2.6909,4.1406,4.9,3.38,10.28
2019/6/21,3.61,9,6.5103,3.73,3.72,2.7403,4.2687,5.04,3.41,10.17
2019/6/24,3.58,8.89,6.5203,3.72,3.73,2.7106,4.3279,5.03,3.35,10.07
2019/6/25,3.54,8.78,6.5004,3.72,3.69,2.681,4.2884,5.02,3.27,10.08
2019/6/26,3.51,8.79,6.4206,3.73,3.69,2.6612,4.249,5.02,3.31,9.94
2019/6/27,3.48,8.71,6.62,3.73,3.73,2.6909,4.318,5.06,3.28,9.9
2019/6/28,3.43,8.94,6.49,3.7,3.68,2.6909,4.2983,5.02,3.21,9.87
2019/7/1,3.47,9.16,6.55,3.79,3.8,2.7403,4.3279,5.18,3.29,10.06
2019/7/2,3.54,9.33,6.38,3.78,3.76,2.7304,4.2884,5.16,3.37,9.99
2019/7/3,3.44,9.27,6.34,3.83,3.74,2.6909,4.2293,5.06,3.26,9.94
2019/7/4,3.43,9.36,6.53,3.91,3.79,2.7997,4.2786,5.12,3.27,9.9
2019/7/5,3.48,9.36,6.56,3.97,3.95,2.8689,4.3279,5.16,3.29,9.97
2019/7/8,3.32,9.08,6.24,3.78,3.74,2.7007,4.1899,4.87,3.15,9.68
2019/7/9,3.35,9.12,6.22,3.77,3.66,2.6612,4.1603,4.81,3.23,9.67
2019/7/10,3.31,8.92,6.16,3.71,3.63,2.6414,4.0814,4.74,3.16,9.65
2019/7/11,3.3,8.94,6.11,3.74,3.67,2.6513,4.0913,4.75,3.17,9.62
2019/7/12,3.36,8.87,6.14,3.82,3.76,2.6711,4.0913,4.8,3.16,9.67
2019/7/15,3.55,9.05,6.29,3.95,3.98,2.7403,4.18,4.95,3.18,9.69
2019/7/16,3.58,9.1,6.44,3.96,4,2.7799,4.18,4.98,3.18,9.69
2019/7/17,3.57,9.21,6.44,3.93,4.03,2.77,4.2,5.02,3.17,9.69
2019/7/18,3.54,8.88,6.3,3.85,3.88,2.72,4.14,4.88,3.11,9.48
2019/7/19,3.64,8.93,6.43,3.99,4.13,2.84,4.23,5.09,3.14,9.53
2019/7/22,3.78,8.74,6.24,3.98,4.14,2.78,4.16,5.01,3.03,9.24
2019/7/23,3.75,8.81,6.54,3.95,4.11,2.79,4.25,4.97,3.05,9.24
2019/7/24,3.83,8.88,6.48,3.95,4.03,2.78,4.2,4.91,3.07,9.28
2019/7/25,3.88,8.81,6.43,3.89,3.95,2.75,4.11,4.82,3.04,9.28
2019/7/26,3.91,8.84,6.44,3.92,3.98,2.79,4.24,4.83,3.04,9.33
2019/7/29,3.91,8.8,6.31,3.86,3.87,2.69,4.17,4.77,3.04,9.33
2019/7/30,3.96,8.82,6.49,3.88,3.88,2.7,4.17,4.78,3.04,9.41
2019/7/31,3.9,8.73,6.36,3.79,3.8,2.67,4.14,4.69,3.01,9.31
2019/8/1,3.89,8.71,6.34,3.78,3.79,2.67,4.12,4.65,3.04,9.47
2019/8/2,3.82,8.52,6.13,3.65,3.64,2.61,4.01,4.51,2.98,9.33
2019/8/5,3.87,8.27,6,3.56,3.59,2.58,4.02,4.43,2.93,9.21
2019/8/6,3.82,7.9,5.63,3.48,3.45,2.53,3.95,4.41,2.78,8.94
2019/8/7,3.84,7.8,5.86,3.46,3.42,2.51,3.93,4.44,2.78,8.7
2019/8/8,3.8,7.76,5.77,3.47,3.44,2.52,3.95,4.48,2.78,8.76
2019/8/9,3.95,7.58,5.86,3.45,3.44,2.49,3.93,4.44,2.95,8.63
2019/8/12,4.09,7.67,5.93,3.53,3.49,2.54,4.04,4.45,2.93,8.72
2019/8/13,4.07,7.78,5.93,3.5,3.45,2.51,4.02,4.36,2.89,8.6
2019/8/14,4.09,7.71,6.1,3.52,3.49,2.54,4.16,4.41,2.91,8.64
2019/8/15,4.16,7.65,5.99,3.53,3.5,2.53,4.19,4.39,2.91,8.63
2019/8/16,4,7.66,5.9,3.57,3.52,2.53,4.15,4.45,2.91,8.74
2019/8/19,3.92,7.86,6.22,3.67,3.62,2.59,4.3,4.55,2.97,9.08
2019/8/20,3.96,7.9,6.29,3.68,3.62,2.58,4.34,4.54,3.07,9
2019/8/21,4.13,8.19,6.78,3.74,3.65,2.62,4.6,4.58,3.15,9.11
2019/8/22,4.21,8.29,6.88,3.73,3.64,2.61,4.64,4.56,3.11,9.18
2019/8/23,4.32,8.05,6.96,3.73,3.64,2.61,4.7,4.56,3.06,9.34
2019/8/26,4.3,7.81,7.04,3.7,3.64,2.59,4.63,4.47,3.01,9.19
2019/8/27,4.28,7.92,7.15,3.76,3.67,2.6,4.75,4.58,3.04,9.27
2019/8/28,4.28,8.23,7.14,3.79,3.72,2.62,4.75,4.55,3.02,9.21
2019/8/29,4.21,8.06,7.18,3.82,3.76,2.65,4.7,4.61,3.07,9.19
2019/8/30,4.18,8.1,7.13,3.69,3.63,2.64,4.71,4.59,3,9.05
2019/9/2,4.2,8.16,7.19,3.8,3.72,2.7,4.72,4.73,3.06,9.19
2019/9/3,4.16,8.15,7.13,3.83,3.81,2.7,4.66,4.81,3.03,9.26
2019/9/4,4.22,8.18,7.31,3.88,3.86,2.76,4.77,5.02,3.06,9.33
2019/9/5,4.23,8.24,7.12,3.83,3.83,2.74,4.73,4.94,3.08,9.35
2019/9/6,4.28,8.29,7.13,3.83,3.81,2.72,4.7,4.97,3.13,9.34
2019/9/9,4.28,8.49,7.25,3.85,3.83,2.73,4.71,4.97,3.14,9.42
2019/9/10,4.24,8.51,7.11,3.8,3.78,2.71,4.67,4.91,3.17,9.33
2019/9/11,4.25,8.57,7.06,3.8,3.76,2.7,4.67,4.91,3.13,9.33
2019/9/12,4.29,8.71,7.14,3.81,3.81,2.7,4.73,4.99,3.13,9.35
2019/9/16,4.32,8.91,7.01,3.76,3.78,2.67,4.66,4.96,3.17,9.41
2019/9/17,4.21,8.56,7.61,3.78,3.73,2.69,4.93,4.93,3.12,9.28
2019/9/18,4.21,8.45,7.19,3.67,3.66,2.61,4.78,4.86,3.05,9.25
2019/9/19,4.17,8.43,6.88,3.69,3.66,2.61,4.71,4.86,3.07,9.3
2019/9/20,4.27,8.47,6.94,3.69,3.67,2.59,4.77,4.9,3.07,9.41
2019/9/23,4.27,8.22,7.03,3.7,3.73,2.59,4.83,4.91,3,9.28
2019/9/24,4.22,8.19,7.11,3.69,3.69,2.59,4.78,4.94,3,9.35
2019/9/25,4.15,8.05,7.47,3.67,3.64,2.58,4.96,4.98,2.93,9.22
2019/9/26,4.02,7.89,7.47,3.62,3.56,2.58,5.15,5.09,2.94,9.01
2019/9/27,4.12,7.9,7.47,3.62,3.6,2.57,4.79,5,2.92,9.02
2019/9/30,4.11,7.99,6.72,3.55,3.54,2.51,4.77,4.76,2.89,9
