ÈÕÆÚ,000557.SZ,600125.SH,601006.SH,601333.SH
2014/1/2,7,5.3876,5.4599,2.4631
2014/1/3,7,5.2355,5.6358,2.3738
2014/1/6,7,5.0265,5.4599,2.2578
2014/1/7,7,5.093,5.3353,2.2757
2014/1/8,7,4.9695,5.3426,2.2846
2014/1/9,7,4.9505,5.3133,2.3024
2014/1/10,7,4.8745,5.306,2.24
2014/1/13,7,4.8935,5.2547,2.231
2014/1/14,7,4.922,5.1741,2.24
2014/1/15,7,4.8935,5.2693,2.231
2014/1/16,7,4.922,5.218,2.2221
2014/1/17,7,4.865,5.1594,2.1686
2014/1/20,7,4.8555,5.1594,2.1775
2014/1/21,7,4.922,5.2034,2.2043
2014/1/22,7,5.0265,5.2987,2.2489
2014/1/23,7,5.074,5.3206,2.2846
2014/1/24,7,5.074,5.3939,2.2846
2014/1/27,7,4.9505,5.2767,2.231
2014/1/28,7,4.979,5.262,2.24
2014/1/29,7,5.0075,5.2693,2.231
2014/1/30,7,4.9315,5.3206,2.2578
2014/2/7,7,4.998,5.35,2.2578
2014/2/10,7,5.093,5.3793,2.3113
2014/2/11,7,5.1215,5.4086,2.3203
2014/2/12,7,5.15,5.4086,2.3292
2014/2/13,7,5.1025,5.4672,2.347
2014/2/14,7,5.3305,5.6944,2.5791
2014/2/17,7,5.3115,5.5478,2.5434
2014/2/18,7,5.321,5.4526,2.472
2014/2/19,7,5.2925,5.4306,2.4809
2014/2/20,7,5.3115,5.3939,2.5701
2014/2/21,7,5.1785,5.2547,2.472
2014/2/24,7,5.036,5.1667,2.3827
2014/2/25,7,4.903,5.1814,2.3292
2014/2/26,7,4.9695,5.1667,2.3827
2014/2/27,7,4.9505,5.1374,2.4363
2014/2/28,7,4.9505,4.9835,2.3917
2014/3/3,7,5.093,5.0055,2.4184
2014/3/4,7,5.055,4.9909,2.3738
2014/3/5,7,5.017,4.9395,2.347
2014/3/6,7,5.036,4.9395,2.3649
2014/3/7,7,5.1025,4.9249,2.356
2014/3/10,7,4.8935,4.7856,2.2667
2014/3/11,7,4.8079,4.7197,2.2489
2014/3/12,7,4.8079,4.705,2.2132
2014/3/13,7,4.865,4.7124,2.24
2014/3/14,7,4.8174,4.6098,2.2132
2014/3/17,7,4.884,4.6757,2.231
2014/3/18,7,4.96,4.683,2.24
2014/3/19,7,4.9505,4.6464,2.2757
2014/3/20,7,4.9695,4.6757,2.3917
2014/3/21,7,5.074,4.8223,2.472
2014/3/24,7,5.0835,4.8736,2.472
2014/3/25,7,5.036,4.9176,2.4363
2014/3/26,7,4.9885,4.8589,2.4006
2014/3/27,7,5.0075,4.9102,2.4095
2014/3/28,7,4.8745,4.8956,2.3827
2014/3/31,7,4.884,4.8956,2.347
2014/4/1,7,4.922,4.9102,2.4184
2014/4/2,7,5.0265,4.9469,2.4809
2014/4/3,7,5.036,4.815,2.4184
2014/4/4,7,4.9885,4.8736,2.4006
2014/4/8,7,5.0455,4.8736,2.4363
2014/4/9,7,5.036,4.9102,2.4541
2014/4/10,7,5.074,5.0422,2.4809
2014/4/11,7,5.112,5.1961,2.4898
2014/4/14,7,5.169,5.1741,2.4541
2014/4/15,7,5.112,5.0861,2.4452
2014/4/16,7,5.093,5.0422,2.4363
2014/4/17,7,5.0645,5.0128,2.4363
2014/4/18,7,5.093,5.0055,2.4184
2014/4/21,7,4.9505,4.9322,2.3738
2014/4/22,7,4.9695,4.9322,2.356
2014/4/23,7,4.9505,4.9762,2.356
2014/4/24,7,4.884,4.9322,2.3203
2014/4/25,7,4.8079,4.9029,2.2757
2014/4/28,7,4.7794,4.8736,2.2489
2014/4/29,7,4.8365,4.8589,2.2489
2014/4/30,7,4.865,4.8809,2.2578
2014/5/5,7,4.8745,4.8589,2.2578
2014/5/6,7,4.865,4.8663,2.2578
2014/5/7,7,4.8555,4.8956,2.2667
2014/5/8,7,4.8365,4.9029,2.2578
2014/5/9,7,4.8269,4.9102,2.2667
2014/5/12,7,4.9315,4.9909,2.3113
2014/5/13,7,4.9315,4.9469,2.2935
2014/5/14,7,4.8935,4.9469,2.2935
2014/5/15,7,4.846,4.9322,2.231
2014/5/16,7,4.8079,4.9395,2.2132
2014/5/19,7,4.8174,4.8809,2.24
2014/5/20,7,4.8365,4.8663,2.2757
2014/5/21,7,4.846,4.9176,2.2757
2014/5/22,7,4.846,4.9176,2.2757
2014/5/23,7,4.846,4.9176,2.2757
2014/5/26,7,4.8555,4.9249,2.3024
2014/5/27,7,4.8079,4.8956,2.2757
2014/5/28,7,4.7699,4.9176,2.2846
2014/5/29,7,4.6844,4.9102,2.2489
2014/5/30,7,4.6749,4.9176,2.2578
2014/6/3,7,4.6654,4.9102,2.2489
2014/6/4,7,4.7129,4.9102,2.231
2014/6/5,7,4.7129,4.9395,2.2489
2014/6/6,7,4.7129,4.8956,2.2221
2014/6/9,7,4.6939,4.8956,2.2221
2014/6/10,7,4.7129,4.9469,2.24
2014/6/11,7,4.7224,4.9542,2.2489
2014/6/12,7,4.7034,4.9322,2.2221
2014/6/13,7,4.7224,4.9835,2.24
2014/6/16,7,4.7224,5.1301,2.2757
2014/6/17,7,4.6749,5.0861,2.2935
2014/6/18,7,4.5989,5.0861,2.2667
2014/6/19,7,4.5039,5.0422,2.2132
2014/6/20,7,4.4849,5.0275,2.24
2014/6/23,7,4.5134,4.9493,2.24
2014/6/24,7,4.5704,4.9884,2.2489
2014/6/25,7,4.5039,4.9024,2.231
2014/6/26,7,4.5324,4.8946,2.2489
2014/6/27,7,4.5609,4.8789,2.2667
2014/6/30,7,4.5799,4.9337,2.2667
2014/7/1,7,4.6464,4.9571,2.2667
2014/7/2,7,4.6939,4.9884,2.2757
2014/7/3,7,4.7794,5.0119,2.3113
2014/7/4,7,4.6844,4.9884,2.2935
2014/7/7,7,4.6559,4.9415,2.2935
2014/7/8,7,4.6939,4.9571,2.2935
2014/7/9,7,4.6274,4.918,2.2757
2014/7/10,7,4.6179,4.918,2.2578
2014/7/11,7,4.6654,4.9806,2.2757
2014/7/14,7,4.7129,5.0979,2.2935
2014/7/15,7,4.7129,5.09,2.2935
2014/7/16,7,4.7414,5.3012,2.3292
2014/7/17,7,4.6844,5.3402,2.3292
2014/7/18,7,4.6844,5.3637,2.3203
2014/7/21,7,4.6844,5.3402,2.3113
2014/7/22,7,4.7319,5.3559,2.3292
2014/7/23,7,4.8079,5.4888,2.347
2014/7/24,7,4.8174,5.5592,2.3649
2014/7/25,7,4.8555,5.6061,2.3649
2014/7/28,7,4.9315,5.5983,2.4109
2014/7/29,7,4.9125,5.5904,2.4201
2014/7/30,7,4.922,5.5123,2.4845
2014/7/31,7,4.9885,5.5826,2.4937
2014/8/1,7,4.903,5.5904,2.4845
2014/8/4,7,4.998,5.6608,2.5305
2014/8/5,7,5.017,5.6374,2.5857
2014/8/6,7,5.036,5.5748,2.6318
2014/8/7,7,5.055,5.4966,2.6133
2014/8/8,7,5.0645,5.5279,2.6502
2014/8/11,7,5.112,5.6452,2.7514
2014/8/12,7,5.074,5.6374,2.7054
2014/8/13,7,5.0835,5.6061,2.6778
2014/8/14,7,5.0455,5.6921,2.641
2014/8/15,7,5.0645,5.7077,2.641
2014/8/18,7,5.188,5.8094,2.6502
2014/8/19,7,5.226,5.739,2.6133
2014/8/20,7,5.283,5.7077,2.6133
2014/8/21,7,5.1785,5.653,2.5857
2014/8/22,7,5.2165,5.6843,2.6041
2014/8/25,7,5.2545,5.6686,2.6041
2014/8/26,7,5.15,5.6765,2.5581
2014/8/27,7,5.131,5.6765,2.5673
2014/8/28,7,4.998,5.6999,2.5397
2014/8/29,7,5.0455,5.7859,2.5581
2014/9/1,7,5.188,5.7781,2.5765
2014/9/2,7,5.2165,5.8407,2.6041
2014/9/3,7,5.207,6.0127,2.6225
2014/9/4,7,5.3876,6.1456,2.641
2014/9/5,7,5.4826,6.2707,2.6502
2014/9/9,7,5.6441,6.216,2.641
2014/9/10,7,5.7011,6.1143,2.641
2014/9/11,7,5.6346,6.0283,2.641
2014/9/12,7,5.7676,6.083,2.6778
2014/9/15,7,5.7961,6.1299,2.6962
2014/9/16,7,5.6916,5.9892,2.6962
2014/9/17,7,5.7391,5.9892,2.7238
2014/9/18,7,5.6631,6.083,2.733
2014/9/19,7,5.7011,6.0439,2.7054
2014/9/22,7,5.5586,5.9032,2.6318
2014/9/23,7,5.6441,6.0048,2.641
2014/9/24,7,5.8436,6.083,2.6962
2014/9/25,7,5.8341,6.1299,2.687
2014/9/26,7,5.8436,6.083,2.6962
2014/9/29,7,5.9197,6.0987,2.6962
2014/9/30,7,5.9577,6.083,2.733
2014/10/8,7,6.5563,6.2003,2.7882
2014/10/9,7,6.4423,6.1925,2.7514
2014/10/10,7,6.4993,6.0987,2.7514
2014/10/13,7,6.4898,5.9032,2.7146
2014/10/14,7,6.5943,5.9032,2.7238
2014/10/15,7,6.8698,5.9188,2.779
2014/10/16,7,6.8984,5.9267,2.8066
2014/10/17,7,6.7558,5.8954,2.7514
2014/10/20,7,6.7843,5.9579,2.7606
2014/10/21,7,6.6703,5.9658,2.7238
2014/10/22,7,6.4423,5.9658,2.6962
2014/10/23,7,6.4423,5.8328,2.6778
2014/10/24,7,6.6798,5.8485,2.6594
2014/10/27,7,7.0599,5.7703,2.6686
2014/10/28,7,7.1454,5.9501,2.7882
2014/10/29,7,7.0884,6.0205,2.8158
2014/10/30,7,7.2784,6.2472,3.101
2014/10/31,7,7.0884,6.2394,3.0458
2014/11/3,7,7.2594,6.3332,3.1747
2014/11/4,7,7.4305,6.2316,3.1195
2014/11/5,7,7.3449,6.2629,2.9998
2014/11/6,7,7.2024,6.255,3.0274
2014/11/7,7,7.3259,6.2238,2.963
2014/11/10,7,7.4685,6.6538,3.0458
2014/11/11,7,7.1264,6.5991,2.9906
2014/11/12,7,7.2404,6.8649,3.0366
2014/11/13,7,7.0124,6.9118,3.1471
2014/11/14,7,6.9079,7.0838,3.1103
2014/11/17,7,6.9934,7.5217,3.1287
2014/11/18,7,6.8889,7.2089,3.0458
2014/11/19,7,6.7843,7.0369,2.9906
2014/11/20,7,6.8889,7.0369,3.0182
2014/11/21,7,6.9364,7.248,3.0458
2014/11/24,7,7.0694,7.3966,3.101
2014/11/25,7,7.1549,7.5921,3.1563
2014/11/26,7,7.1644,7.5373,3.1287
2014/11/27,7,7.2784,7.5217,3.1287
2014/11/28,7,7.2214,7.4904,3.1931
2014/12/1,7,7.649,7.4044,3.2759
2014/12/2,7,7.6015,7.5686,3.3035
2014/12/3,7,7.8105,7.4122,3.3219
2014/12/4,7,7.8295,7.553,3.3863
2014/12/5,7,7.459,7.4122,3.2759
2014/12/8,7,7.6015,7.9752,3.4599
2014/12/9,7,7.6395,7.7875,3.3587
2014/12/10,7,8.0006,8.3036,3.4967
2014/12/11,7,8.3616,8.0299,3.5243
2014/12/12,7,8.4947,7.9908,3.69
2014/12/15,7,8.6467,8.1863,3.9752
2014/12/16,7,8.3711,8.0612,3.8832
2014/12/17,7,8.2001,8.3818,3.9568
2014/12/18,7,8.3616,8.6163,3.9844
2014/12/19,7,8.9888,8.9916,4.3801
2014/12/22,7,8.2666,8.7571,4.2421
2014/12/23,7,7.7155,8.2019,3.9844
2014/12/24,7,7.7535,8.0299,3.8464
2014/12/25,7,8.0386,8.3114,4.1317
2014/12/26,7,8.0386,8.4834,4.1869
2014/12/29,7,8.3141,8.2879,4.2145
2014/12/30,6.65,8.5042,8.1628,4.0673
2014/12/31,6.32,8.4187,8.3349,4.1593
2015/1/5,6,8.6372,8.7571,4.3801
2015/1/6,6,9.0078,9.5233,4.6746
2015/1/7,5.7,8.8177,9.234,4.555
2015/1/8,5.75,8.5612,9.1793,4.3709
2015/1/9,5.69,8.3806,8.8509,4.2605
2015/1/12,5.45,8.0101,8.7414,4.0673
2015/1/13,5.39,8.0956,8.804,4.0949
2015/1/14,5.5,7.9436,8.6711,4.012
2015/1/15,5.5,8.1716,8.8822,4.1685
2015/1/16,5.48,8.2856,8.9604,4.2697
2015/1/19,5.21,7.5635,8.0612,3.8464
2015/1/20,5.3,7.7155,8.155,3.9384
2015/1/21,5.57,7.9626,8.5929,4.0949
2015/1/22,5.67,8.0956,8.46,4.0765
2015/1/23,5.56,7.9341,8.4365,4.0212
2015/1/26,5.61,8.0386,8.4365,4.0488
2015/1/27,5.65,8.1526,8.1941,4.0304
2015/1/28,5.58,8.4852,8.2567,4.1501
2015/1/29,5.66,8.7417,8.6711,4.3617
2015/1/30,5.53,8.4187,8.3036,4.2145
2015/2/2,5.38,7.9911,8.0299,3.9844
2015/2/3,5.45,8.0671,8.1394,4.0396
2015/2/4,5.43,8.1431,8.1237,4.0212
2015/2/5,5.31,7.9626,7.9908,3.9016
2015/2/6,5.17,7.63,7.6233,3.736
2015/2/9,5.15,7.63,7.5921,3.7268
2015/2/10,5.17,7.744,7.9361,3.8096
2015/2/11,5.19,7.6205,8.0925,3.828
2015/2/12,5.25,7.687,8.2019,3.8556
2015/2/13,5.34,7.782,8.1785,3.8924
2015/2/16,5.43,8.0101,8.2097,3.9108
2015/2/17,5.46,7.9531,8.241,3.9384
2015/2/25,5.59,8.0386,8.0143,3.9016
2015/2/26,5.65,8.2951,8.327,3.9844
2015/2/27,5.93,8.2191,8.3427,4.0212
2015/3/2,5.94,8.3141,8.2567,4.0488
2015/3/3,6.06,8.1336,8.0221,3.966
2015/3/4,5.93,8.1241,8.0299,3.9384
2015/3/5,6.05,7.9151,7.9205,3.8924
2015/3/6,6.09,7.9056,7.983,3.9384
2015/3/9,6.04,8.0006,8.0456,3.9568
2015/3/10,5.99,8.0101,7.9595,3.9568
2015/3/11,5.89,8.0576,7.9986,3.9844
2015/3/12,5.94,8.3521,8.1159,4.012
2015/3/13,5.96,9.1883,8.2254,4.1133
2015/3/16,6.09,10.11,8.3818,4.2605
2015/3/17,6.25,11.1172,8.5538,4.3893
2015/3/18,6.31,11.1362,8.7258,4.4445
2015/3/19,6.5,10.9652,8.6241,4.4261
2015/3/20,6.83,10.6991,8.546,4.3617
2015/3/23,7.17,10.8226,8.6476,4.4537
2015/3/24,7.26,11.2597,8.7727,4.6378
2015/3/25,7.08,10.9176,8.5303,4.5365
2015/3/26,6.86,12.0104,8.5538,4.4537
2015/3/27,7.11,11.1457,8.499,4.3985
2015/3/30,6.98,11.2977,8.9134,4.555
2015/3/31,6.89,11.0792,8.6241,4.4353
2015/4/1,6.93,11.1932,8.6867,4.4721
2015/4/2,7.16,11.3642,8.6085,4.4537
2015/4/3,7.18,11.4497,8.7414,4.5642
2015/4/7,7.46,12.2859,8.976,4.8862
2015/4/8,7.21,11.8488,8.8431,4.785
2015/4/9,7.05,11.2882,8.7258,4.7114
2015/4/10,7.15,11.5163,9.0776,4.8126
2015/4/13,7.26,11.9629,9.7579,5.1071
2015/4/14,7.17,12.7895,9.5859,5.1531
2015/4/15,6.99,13.1791,9.8986,5.3371
2015/4/16,7.19,12.856,10.0628,5.3647
2015/4/17,7.23,13.8347,10.4537,5.8984
2015/4/20,7.59,13.5307,10.7821,5.9628
2015/4/21,7.97,12.9891,10.6258,5.8616
2015/4/22,7.97,13.1886,10.8681,5.9813
2015/4/23,7.97,13.0081,10.7039,6.0457
2015/4/24,7.97,12.704,10.4616,5.8524
2015/4/27,8.37,13.3216,11.1965,6.4413
2015/4/28,8.79,13.2076,11.0323,6.791
2015/4/29,8.63,12.9415,10.8056,6.7082
2015/4/30,9.06,13.0461,10.9229,6.6254
2015/5/4,9.51,13.6447,11.0089,6.6438
2015/5/5,9.28,12.8085,10.0784,6.0825
2015/5/6,9.1,12.0294,9.664,5.8432
2015/5/7,9.05,10.9366,9.6797,5.4475
2015/5/8,9.18,11.3737,9.711,5.604
2015/5/11,9.64,11.8203,9.9221,5.8156
2015/5/12,10.12,12.6185,10.1019,5.9536
2015/5/13,10.18,13.0271,9.8439,5.788
2015/5/14,9.94,12.6375,9.7422,5.6868
2015/5/15,9.6,12.9035,9.625,5.5948
2015/5/18,9.93,12.761,9.492,5.512
2015/5/19,9.76,13.0271,9.8048,5.8156
2015/5/20,9.89,13.2266,9.8282,5.7604
2015/5/21,9.88,13.7492,9.8595,5.7788
2015/5/22,10.28,13.5972,10.2817,6.0365
2015/5/25,10.37,14.4808,10.7039,6.2941
2015/5/26,10.69,14.5094,10.7743,6.4506
2015/5/27,10.36,14.3763,10.6805,6.3769
2015/5/28,9.84,13.0581,9.7501,6.561
2015/5/29,9.54,12.8384,9.5233,6.6622
2015/6/1,9.84,13.8509,10.0941,7.3247
2015/6/2,9.78,14.8826,10.1879,7.4628
2015/6/3,10.27,15.408,10.0863,7.2879
2015/6/4,10.37,15.2838,10.2192,7.1683
2015/6/5,10.37,16.3537,10.6258,7.8861
2015/6/8,10.89,17.2134,10.9307,7.9321
2015/6/9,11.43,16.774,10.6101,7.6008
2015/6/10,11.63,16.5065,10.5398,7.748
2015/6/11,11.78,17.4713,10.6727,7.6376
2015/6/12,12.37,17.9394,10.8916,7.7848
2015/6/15,12.15,19.0761,10.7978,8.0701
2015/6/16,11.54,18.1782,10.3834,7.5916
2015/6/17,11.59,17.9871,10.7665,7.656
2015/6/18,11.13,17.8343,11.1574,7.8492
2015/6/19,10.57,16.0575,10.0409,7.1959
2015/6/23,10.12,16.6689,10.4131,7.3339
2015/6/24,10.3,17.5095,11.2303,8.0701
2015/6/25,10.41,17.1943,10.6396,7.8584
2015/6/26,9.89,15.4748,10.0975,7.0855
2015/6/29,9.4,13.9274,10.672,7.1775
2015/6/30,8.93,14.7393,11.3597,7.564
2015/7/1,8.48,13.2682,10.8014,6.9106
2015/7/2,8.06,11.9405,9.7253,6.2205
2015/7/3,7.66,10.7464,8.7544,5.5948
2015/7/6,7.28,9.6766,9.1994,5.0427
2015/7/7,6.92,8.7118,8.9729,4.5365
2015/7/8,6.57,8.7118,8.1557,4.0857
2015/7/9,6.57,8.7118,8.9729,4.4905
2015/7/10,6.57,8.7118,9.8143,4.9414
2015/7/13,6.9,9.581,9.8062,5.4383
2015/7/14,7.25,10.5363,9.159,5.3371
2015/7/15,6.89,9.4855,9.159,4.8034
2015/7/16,6.55,9.6097,9.0133,4.8954
2015/7/17,6.88,10.5267,9.3046,5.2543
2015/7/20,7.08,10.8037,9.1509,5.2727
2015/7/21,7.05,11.7494,9.5069,5.4383
2015/7/22,7.4,11.587,9.1913,5.4475
2015/7/23,7.56,12.5518,9.2561,5.65
2015/7/24,7.38,12.2079,8.892,5.4383
2015/7/27,7.01,10.9852,8.002,4.8908
2015/7/28,6.66,10.0873,7.6864,4.7237
2015/7/29,6.75,10.8037,8.1881,5.0207
2015/7/30,6.66,10.5649,7.9615,5.0022
2015/7/31,6.75,11.6252,8.269,5.2342
2015/8/3,6.43,10.479,8.4955,5.4198
2015/8/4,6.73,11.5297,8.6492,5.5311
2015/8/5,6.58,11.5011,8.3418,5.3084
2015/8/6,6.39,11.3196,8.4793,5.2527
2015/8/7,6.71,11.673,8.5683,5.4383
2015/8/10,6.99,12.5327,8.8353,5.791
2015/8/11,7.03,12.5232,8.7382,5.6889
2015/8/12,7.19,12.6091,8.536,5.559
2015/8/13,7.3,12.8384,8.8839,5.6796
2015/8/14,7.29,12.8002,8.8192,5.6239
2015/8/17,7.26,13.9847,8.9162,5.8281
2015/8/18,6.9,12.59,8.2609,5.2434
2015/8/19,6.82,12.7429,8.447,5.4476
2015/8/20,6.56,11.6539,8.1557,5.1692
2015/8/21,6.23,10.5458,7.7835,4.798
2015/8/24,5.92,9.4951,7.031,4.334
2015/8/25,5.62,8.5494,6.5456,3.8978
2015/8/26,5.34,7.8807,6.7883,3.8235
2015/8/27,5.19,8.3774,7.379,4.0556
2015/8/28,5.45,9.218,7.6217,4.4082
2015/8/31,5.18,8.7118,8.1476,4.4732
2015/9/1,5.44,7.8998,8.2447,4.5753
2015/9/2,5.71,7.8521,7.9049,4.6309
2015/9/7,6,8.024,7.4356,4.4639
2015/9/8,6.3,8.4061,7.7026,4.5474
2015/9/9,6.62,8.8551,7.735,4.6402
2015/9/10,6.95,8.4825,7.6945,4.4546
2015/9/11,7.3,8.6258,7.5246,4.4361
2015/9/14,6.94,7.9476,7.8321,4.1205
2015/9/15,6.59,7.1643,7.6298,3.9071
2015/9/16,6.56,7.8329,7.8887,4.2783
2015/9/17,6.23,7.6228,7.5408,4.1298
2015/9/18,5.92,7.7279,7.4437,4.1391
2015/9/21,6.22,8.2533,7.5165,4.2412
2015/9/22,6.53,8.2437,7.5327,4.2783
2015/9/23,6.34,7.938,7.3304,4.1205
2015/9/24,6.31,8.1577,7.3223,4.1484
2015/9/25,6.63,7.8521,7.3547,4.0184
2015/9/28,6.78,7.9285,7.3385,4.0277
2015/9/29,6.44,7.6515,7.1362,3.9163
2015/9/30,6.54,7.7374,7.1443,3.9256
2015/10/8,6.68,8.11,7.298,4.0556
2015/10/9,6.59,8.4539,7.3466,4.1205
2015/10/12,6.88,8.9697,7.5651,4.2876
2015/10/13,6.85,9.0079,7.5084,4.2783
2015/10/14,6.73,9.2563,7.4032,4.2783
2015/10/15,6.73,9.4091,7.5246,4.3525
2015/10/16,6.73,9.4186,7.5974,4.4082
2015/10/19,6.73,9.1798,7.5084,4.3247
2015/10/20,6.73,9.6001,7.5246,4.3896
2015/10/21,6.73,8.6449,7.5408,4.1948
2015/10/22,7.07,9.0079,7.4599,4.3618
2015/10/23,7.03,9.1703,7.4599,4.3896
2015/10/26,6.84,9.2371,7.5489,4.4453
2015/10/27,6.94,9.9822,7.4841,4.4546
2015/10/28,6.73,9.4473,7.4356,4.3061
2015/10/29,6.9,9.8581,7.4761,4.4361
2015/10/30,6.86,9.6957,7.3871,4.4082
2015/11/2,6.73,9.5333,7.3061,4.3061
2015/11/3,6.77,9.6479,7.1929,4.2783
2015/11/4,6.96,10.2115,7.4275,4.4546
2015/11/5,6.97,10.3261,7.6136,4.6309
2015/11/6,7.06,10.5458,7.6541,4.7052
2015/11/9,6.99,10.4407,7.9777,4.7794
2015/11/10,7.34,10.3166,7.8887,4.7794
2015/11/11,7.71,10.3739,7.7997,4.7887
2015/11/12,7.72,10.0873,7.6702,4.6773
2015/11/13,7.4,9.8294,7.6298,4.5474
2015/11/16,7.77,9.9345,7.6379,4.5845
2015/11/17,7.61,9.8294,7.6621,4.566
2015/11/18,7.56,9.667,7.5651,4.6124
2015/11/19,7.67,9.8294,7.5893,4.6217
2015/11/20,7.69,9.8676,7.5731,4.6124
2015/11/23,8.07,9.7625,7.4922,4.5474
2015/11/24,7.96,9.8294,7.4437,4.5196
2015/11/25,7.93,9.8389,7.4841,4.5381
2015/11/26,8.01,9.7816,7.3709,4.4917
2015/11/27,7.74,8.8455,7.1362,4.1948
2015/11/30,7.49,8.664,7.023,4.1948
2015/12/1,7.48,8.7213,7.1605,4.2412
2015/12/2,7.39,8.8455,7.3951,4.4175
2015/12/3,7.56,8.9028,7.3547,4.4361
2015/12/4,7.68,8.7022,7.1929,4.3525
2015/12/7,7.82,8.8455,7.2414,4.5753
2015/12/8,7.49,8.6067,7.12,4.5289
2015/12/9,7.38,8.473,7.2171,4.4825
2015/12/10,7.27,8.3965,7.0715,4.5289
2015/12/11,7.37,8.2819,6.9501,4.4639
2015/12/14,7.37,8.5685,7.0958,4.5381
2015/12/15,7.39,8.5589,7.023,4.5845
2015/12/16,7.36,8.5589,6.9987,4.6309
2015/12/17,7.53,8.8168,7.1039,4.7609
2015/12/18,7.55,8.7595,7.1039,4.7701
2015/12/21,7.6,8.9219,7.4032,4.8908
2015/12/22,7.76,8.9506,7.4194,4.8722
2015/12/23,7.5,9.027,7.3547,4.7423
2015/12/24,7.4,9.027,7.2819,4.8165
2015/12/25,7.59,8.9888,7.298,4.7701
2015/12/28,7.77,8.7977,7.031,4.6402
2015/12/29,7.75,8.8455,7.0553,4.7145
2015/12/30,7.76,8.8168,7.0715,4.7237
2015/12/31,7.64,8.7786,6.9744,4.6495
2016/1/4,7.26,7.9285,6.756,4.269
2016/1/5,6.9,7.8903,6.6993,4.2597
2016/1/6,6.92,8.0527,6.8692,4.3618
2016/1/7,6.57,7.2789,6.497,4.0092
2016/1/8,6.32,7.3935,6.6508,4.1484
2016/1/11,6,7.0688,6.1815,3.9256
2016/1/12,5.7,7.212,6.1896,3.9071
2016/1/13,5.53,7.0114,6.0682,3.8421
2016/1/14,5.67,7.107,6.1653,3.9071
2016/1/15,5.49,6.7631,5.9469,3.6936
2016/1/18,5.52,6.8108,5.9469,3.7215
2016/1/19,5.8,7.1261,6.1734,3.8421
2016/1/20,5.88,7.0114,6.0197,3.74
2016/1/21,5.59,6.7249,5.9064,3.6101
2016/1/22,5.65,6.8013,5.9792,3.6379
2016/1/25,5.68,6.8586,5.9873,3.6565
2016/1/26,5.4,6.4479,5.6313,3.3038
2016/1/27,5.14,6.209,5.6313,3.1925
2016/1/28,5.03,5.8652,5.429,3.0254
2016/1/29,5.28,6.0849,5.5099,3.1739
2016/2/1,5.27,6.018,5.3805,3.1832
2016/2/2,5.36,6.1899,5.4695,3.2482
2016/2/3,5.37,6.3523,5.4371,3.2667
2016/2/4,5.48,6.381,5.4695,3.3781
2016/2/5,5.62,6.3141,5.4371,3.443
2016/2/15,5.41,6.209,5.3967,3.4338
2016/2/16,5.68,6.4765,5.5504,3.5544
2016/2/17,5.64,6.5338,5.5747,3.7029
2016/2/18,5.55,6.4861,5.5423,3.6472
2016/2/19,5.56,6.5816,5.5261,3.6843
2016/2/22,5.65,6.7058,5.6313,3.74
2016/2/23,5.93,6.7726,5.5666,3.6565
2016/2/24,6.23,7.0688,5.6799,3.7307
2016/2/25,5.92,6.3905,5.3239,3.3688
2016/2/26,5.67,6.3141,5.4129,3.4245
2016/2/29,5.39,5.7696,5.251,3.3502
2016/3/1,5.44,5.9225,5.3158,3.4059
2016/3/2,5.66,6.2281,5.4938,3.5451
2016/3/3,5.65,6.3428,5.5019,3.5451
2016/3/4,5.48,6.1899,5.6313,3.6472
2016/3/7,5.61,6.2855,5.6394,3.6472
2016/3/8,5.66,6.2186,5.5989,3.6287
2016/3/9,5.48,6.0275,5.6151,3.5544
2016/3/10,5.35,5.9798,5.518,3.4616
2016/3/11,5.37,5.9607,5.4452,3.4338
2016/3/14,5.64,6.1517,5.5342,3.5358
2016/3/15,5.66,6.0849,5.5828,3.573
2016/3/16,5.59,6.0084,5.6313,3.6101
2016/3/17,5.68,6.209,5.6313,3.6379
2016/3/18,5.78,6.4479,5.6718,3.6379
2016/3/21,5.83,6.6102,5.7122,3.6658
2016/3/22,5.74,6.7249,5.6556,3.6472
2016/3/23,6.03,6.7344,5.6151,3.6379
2016/3/24,5.91,6.5338,5.5099,3.5637
2016/3/25,5.95,6.5911,5.518,3.5637
2016/3/28,5.88,6.5052,5.4938,3.5637
2016/3/29,5.76,6.3619,5.4371,3.5173
2016/3/30,5.93,6.5911,5.5504,3.5915
2016/3/31,5.83,6.7153,5.5585,3.7122
2016/4/1,5.83,6.7917,5.6313,3.9906
2016/4/5,5.97,6.9732,5.6556,3.9813
2016/4/6,6.05,6.935,5.6475,3.8792
2016/4/7,6.06,6.8108,5.5747,3.7864
2016/4/8,5.99,6.7249,5.5099,3.7864
2016/4/11,6.13,6.8586,5.5828,3.8607
2016/4/12,6.08,6.8204,5.4695,3.8514
2016/4/13,6.15,6.9446,5.5423,3.8885
2016/4/14,6.23,6.9923,5.5504,3.8885
2016/4/15,6.13,6.9255,5.5342,3.8514
2016/4/18,6.28,6.8013,5.4452,3.7957
2016/4/19,6.26,6.8204,5.4533,3.8235
2016/4/20,5.95,6.4479,5.3805,3.7586
2016/4/21,5.94,6.3619,5.2996,3.6843
2016/4/22,6.1,6.3905,5.3077,3.6843
2016/4/25,6.2,6.3046,5.2915,3.7586
2016/4/26,6.18,6.4383,5.3077,3.7493
2016/4/27,6.21,6.3332,5.2996,3.7215
2016/4/28,6.11,6.4383,5.3158,3.8978
2016/4/29,6.18,6.3905,5.2915,3.9071
2016/5/3,6.26,6.5625,5.3481,3.9349
2016/5/4,6.57,6.6962,5.34,3.9627
2016/5/5,6.57,6.6676,5.3319,3.972
2016/5/6,6.18,6.3714,5.2349,3.8235
2016/5/9,5.57,6.1613,5.1216,3.7679
2016/5/10,5.55,6.1613,5.1701,3.7957
2016/5/11,5.65,6.1995,5.2025,3.9349
2016/5/12,5.47,6.1422,5.1863,3.8885
2016/5/13,5.51,6.1326,5.2268,3.8885
2016/5/16,5.57,6.1613,5.2349,3.8699
2016/5/17,5.65,6.0849,5.2025,3.805
2016/5/18,5.39,5.8269,5.1459,3.7307
2016/5/19,5.36,5.8365,5.1378,3.7307
2016/5/20,5.38,5.8652,5.1378,3.74
2016/5/23,5.46,5.8938,5.1459,3.7679
2016/5/24,5.38,5.8174,5.1297,3.7122
2016/5/25,5.43,5.8365,5.1297,3.7215
2016/5/26,5.53,5.8747,5.1216,3.7215
2016/5/27,5.5,5.8174,5.1297,3.6751
2016/5/30,5.43,5.8078,5.1539,3.6658
2016/5/31,5.58,6.0467,5.2591,3.7771
2016/6/1,5.58,5.9989,5.2429,3.7679
2016/6/2,5.6,6.0275,5.2349,3.7586
2016/6/3,5.66,6.0562,5.251,3.7679
2016/6/6,5.59,6.0275,5.2268,3.7586
2016/6/7,5.53,5.9989,5.2187,3.7029
2016/6/8,5.51,5.9511,5.2025,3.6843
2016/6/13,5.21,5.7601,5.1297,3.6194
2016/6/14,5.16,5.7792,5.1378,3.6008
2016/6/15,5.26,5.8843,5.162,3.6008
2016/6/16,5.25,5.8461,5.1378,3.5823
2016/6/17,5.25,5.8652,5.1459,3.6008
2016/6/20,5.33,5.8938,5.1459,3.5915
2016/6/21,5.25,5.8843,5.1378,3.5915
2016/6/22,5.29,6.018,5.1539,3.6008
2016/6/23,5.24,5.9697,5.1378,3.6101
2016/6/24,5.12,5.8538,5.1054,3.5544
2016/6/27,5.16,5.96,5.1378,3.5915
2016/6/28,5.17,6.0566,5.1459,3.6008
2016/6/29,5.22,6.2112,5.1863,3.6287
2016/6/30,5.25,6.1532,5.2106,3.6287
2016/7/1,5.22,6.3464,5.2106,3.6194
2016/7/4,5.3,6.4527,5.2996,3.6843
2016/7/5,5.34,6.4817,5.3481,3.7307
2016/7/6,5.41,6.6845,5.34,3.7029
2016/7/7,5.33,6.6749,5.2879,3.7215
2016/7/8,5.3,6.5879,5.2445,3.6936
2016/7/11,5.28,6.5493,5.2185,3.6936
2016/7/12,5.36,6.8101,5.2879,3.7957
2016/7/13,5.38,6.7908,5.2966,3.805
2016/7/14,5.38,6.7135,5.3053,3.7679
2016/7/15,5.29,6.6749,5.3053,3.7771
2016/7/18,5.48,6.7715,5.2966,3.7864
2016/7/19,5.39,6.7135,5.2879,3.7957
2016/7/20,5.36,6.7328,5.2706,3.7957
2016/7/21,5.35,7.0323,5.2793,3.8328
2016/7/22,5.27,6.8777,5.2272,3.8143
2016/7/25,5.3,6.7521,5.2358,3.8237
2016/7/26,5.33,6.8294,5.2793,3.8427
2016/7/27,5.07,6.5589,5.2706,3.8521
2016/7/28,5.07,6.6459,5.3227,3.9184
2016/7/29,5.08,6.5493,5.34,3.8521
2016/8/1,4.97,6.6749,5.34,3.8143
2016/8/2,5,6.6845,5.3314,3.8427
2016/8/3,5.01,6.7232,5.3227,3.8332
2016/8/4,5.02,6.7232,5.314,3.8427
2016/8/5,4.97,6.7328,5.3053,3.8237
2016/8/8,5.03,6.7811,5.3227,3.8521
2016/8/9,5.07,6.8294,5.4356,3.89
2016/8/10,5.08,6.7618,5.4095,3.9184
2016/8/11,5,6.5589,5.4442,3.8805
2016/8/12,5.09,6.6555,5.5832,3.9373
2016/8/15,5.17,6.8101,5.7047,4.013
2016/8/16,5.15,6.8584,5.67,3.9941
2016/8/17,5.19,6.8874,5.6439,4.0036
2016/8/18,5.17,6.897,5.5918,3.9752
2016/8/19,5.15,6.9357,5.6005,3.9752
2016/8/22,5.1,6.8487,5.5397,3.9468
2016/8/23,5.12,6.8487,5.5571,3.9468
2016/8/24,5.13,6.8487,5.5484,3.9468
2016/8/25,5.06,6.7618,5.5137,4.013
2016/8/26,5.06,6.7232,5.4963,3.9657
2016/8/29,5.1,6.7328,5.4703,3.9846
2016/8/30,5.07,6.8198,5.479,4.0698
2016/8/31,5.06,6.7618,5.4963,4.0414
2016/9/1,5.02,6.7521,5.4616,3.9562
2016/9/2,5.02,6.8004,5.5224,4.013
2016/9/5,5.04,6.8101,5.5137,4.013
2016/9/6,5.08,6.9936,5.5397,4.0225
2016/9/7,5.08,7.0709,5.5224,4.0225
2016/9/8,5.1,7.0419,5.505,4.013
2016/9/9,5.12,6.9453,5.4876,4.0225
2016/9/12,5,6.6845,5.4356,4.032
2016/9/13,5.01,6.6749,5.4095,3.9657
2016/9/14,5.07,6.4527,5.3661,3.8711
2016/9/19,5.12,6.472,5.3748,3.8805
2016/9/20,5.08,6.3754,5.3661,3.8994
2016/9/21,5.2,6.4334,5.3748,3.9184
2016/9/22,5.26,6.443,5.4095,3.9184
2016/9/23,5.43,6.4913,5.4269,3.89
2016/9/26,5.21,6.3947,5.3835,3.8427
2016/9/27,5.34,6.4237,5.4095,3.8616
2016/9/28,5.25,6.4334,5.4008,3.8616
2016/9/29,5.31,6.472,5.5224,3.8711
2016/9/30,5.28,6.4527,5.505,3.8616
2016/10/10,5.38,6.6362,5.6353,4.013
2016/10/11,5.44,6.6652,5.6353,4.0414
2016/10/12,5.63,6.6459,5.5832,4.0603
2016/10/13,5.7,6.6362,5.6092,4.0509
2016/10/14,5.63,6.6072,5.6439,4.032
2016/10/17,5.48,6.5686,5.5918,4.032
2016/10/18,5.55,6.7425,5.696,4.2307
2016/10/19,5.56,6.7908,5.67,4.2023
2016/10/20,5.48,6.8004,5.696,4.2307
2016/10/21,5.5,7.4766,5.8697,4.3254
2016/10/24,5.54,7.7954,6.0173,4.2496
2016/10/25,5.51,7.6601,5.9826,4.2307
2016/10/26,5.52,7.6601,5.9131,4.2023
2016/10/27,5.69,7.5732,5.8784,4.1739
2016/10/28,5.64,7.3124,5.9305,4.1739
2016/10/31,5.67,7.3704,5.8871,4.1834
2016/11/1,5.72,7.4766,5.8697,4.2023
2016/11/2,5.72,7.5829,5.8523,4.1645
2016/11/3,5.72,7.8823,5.9131,4.2023
2016/11/4,5.7,7.6408,5.9565,4.1266
2016/11/7,5.83,7.5249,5.9652,4.1077
2016/11/8,5.82,7.7664,6.0173,4.1645
2016/11/9,5.7,7.5539,5.9392,4.1266
2016/11/10,5.78,7.6505,6.1302,4.1834
2016/11/11,5.82,7.7278,6.1302,4.2307
2016/11/14,5.83,8.0755,6.3125,4.278
2016/11/15,5.93,7.9403,6.217,4.2875
2016/11/16,5.91,7.9016,6.1476,4.2496
2016/11/17,5.87,7.921,6.1823,4.278
2016/11/18,5.79,7.6988,6.1128,4.2402
2016/11/21,5.85,7.6601,6.1476,4.2496
2016/11/22,5.87,7.7181,6.1562,4.2591
2016/11/23,5.76,7.5925,6.1476,4.2307
2016/11/24,5.71,7.6022,6.1215,4.2402
2016/11/25,5.65,7.7471,6.2344,4.2496
2016/11/28,5.69,7.7761,6.191,4.278
2016/11/29,5.61,7.8533,6.3559,4.3254
2016/11/30,5.62,7.5346,6.3646,4.278
2016/12/1,5.64,7.6022,6.3299,4.4295
2016/12/2,5.51,7.5732,6.382,4.7229
2016/12/5,5.48,7.3317,6.2604,4.7229
2016/12/6,5.47,7.351,6.2257,4.5904
2016/12/7,5.56,7.409,6.2691,4.6566
2016/12/8,5.53,7.3607,6.2691,4.6566
2016/12/9,5.53,7.3993,6.382,4.6093
2016/12/12,5.24,6.897,6.2691,4.4673
2016/12/13,5.34,6.9936,6.2083,4.3916
2016/12/14,5.29,6.955,6.1736,4.3632
2016/12/15,5.35,6.9936,5.9999,4.3727
2016/12/16,5.38,7.0129,5.9826,4.4768
2016/12/19,5.63,7.7181,6.0607,4.7986
2016/12/20,5.52,7.9113,5.9739,4.5998
2016/12/21,5.57,8.259,6.1302,4.9879
2016/12/22,5.55,8.1045,6.1476,4.95
2016/12/23,5.46,8.1142,6.1389,5.0163
2016/12/26,5.45,8.2011,6.1302,5.0257
2016/12/27,5.43,8.1431,6.1215,4.9122
2016/12/28,5.42,8.2301,6.1215,4.9216
2016/12/29,5.42,8.0272,6.0868,4.8554
2016/12/30,5.44,7.805,6.1476,4.7986
2017/1/3,5.48,8.2011,6.2604,4.969
2017/1/4,5.55,8.6454,6.3299,5.1109
2017/1/5,5.7,9.5148,6.5122,5.4043
2017/1/6,5.63,9.7563,6.4862,5.3097
2017/1/9,5.7,9.9688,6.5036,5.4611
2017/1/10,5.7,9.6017,6.3994,5.3097
2017/1/11,5.7,9.6887,6.3299,5.1866
2017/1/12,5.7,9.2637,6.2604,5.1772
2017/1/13,5.7,9.0125,6.3125,5.234
2017/1/16,5.7,9.0415,6.3907,5.3097
2017/1/17,5.7,9.4375,6.3646,5.357
2017/1/18,5.7,9.2733,6.3733,5.2908
2017/1/19,5.7,9.0705,6.3038,5.1866
2017/1/20,5.7,9.2347,6.3125,5.2056
2017/1/23,5.7,9.3313,6.1562,5.1582
2017/1/24,6.27,9.1767,6.1562,5.1488
2017/1/25,6.18,9.3216,6.1736,5.1677
2017/1/26,6.06,9.3023,6.1997,5.234
2017/2/3,5.99,9.4858,6.0607,5.1772
2017/2/6,6.02,9.4762,6.0694,4.9973
2017/2/7,6.09,9.1091,6.0607,4.9973
2017/2/8,6.11,9.1284,6.1302,5.0352
2017/2/9,6.29,9.0994,6.1476,5.0163
2017/2/10,6.5,9.0801,6.1649,5.0163
2017/2/13,6.32,9.2443,6.1736,5.0447
2017/2/14,6.34,9.5438,6.1997,5.215
2017/2/15,6.12,9.4375,6.1128,5.1204
2017/2/16,6.2,9.8432,6.1128,5.1582
2017/2/17,6.38,9.8626,6.0694,5.1109
2017/2/20,6.39,9.9205,6.1302,5.1299
2017/2/21,6.36,9.8143,6.1476,5.1488
2017/2/22,6.42,9.737,6.1302,5.1204
2017/2/23,6.27,10.133,6.0955,5.0636
2017/2/24,6.19,10.0171,6.0955,5.092
2017/2/27,6.09,9.6983,6.0434,5.0257
2017/2/28,6.12,9.7949,6.0434,5.0352
2017/3/1,6.24,9.737,6.0434,5.0731
2017/3/2,6.13,9.3699,6.0086,5.0257
2017/3/3,6.12,9.4086,6.0173,4.9879
2017/3/6,6.21,9.4375,6.0086,5.0163
2017/3/7,6.23,9.3989,6.0347,5.0068
2017/3/8,6.19,9.5245,6.026,5.0636
2017/3/9,6.05,9.3796,6.026,5.0731
2017/3/10,6.05,9.2926,5.9913,5.1015
2017/3/13,6.1,9.4086,6.026,5.1393
2017/3/14,6.15,9.4569,6.0173,5.0447
2017/3/15,6.09,9.312,6.0086,4.9122
2017/3/16,6.15,9.4762,6.0173,4.969
2017/3/17,6.14,9.283,5.9478,4.9216
2017/3/20,6.32,9.225,6.1302,4.9027
2017/3/21,6.26,9.0801,6.1562,4.9122
2017/3/22,6.23,9.0994,6.1823,4.9406
2017/3/23,6.3,9.0222,6.1562,4.8932
2017/3/24,6.6,9.2733,6.2083,4.9973
2017/3/27,6.46,9.4182,6.4254,5.0731
2017/3/28,6.57,9.2443,6.4167,4.9879
2017/3/29,6.7,9.5245,6.3994,5.0163
2017/3/30,7.37,9.6983,6.4167,4.9406
2017/3/31,7.63,9.4762,6.573,4.9216
2017/4/5,7.23,9.7273,6.6599,4.9879
2017/4/6,7.14,10.2103,6.7033,5.1582
2017/4/7,6.91,10.0847,6.6946,5.1393
2017/4/10,6.69,10.2393,6.8075,5.1961
2017/4/11,6.91,10.674,6.8075,5.2624
2017/4/12,6.46,10.3166,6.8509,5.2908
2017/4/13,6.53,10.22,6.7814,5.2434
2017/4/14,6.59,9.8722,6.764,5.1204
2017/4/17,6.32,9.9302,6.7554,5.1015
2017/4/18,6.37,9.4858,6.764,5.0636
2017/4/19,6.1,9.2926,6.764,4.9595
2017/4/20,6.18,9.3506,6.9203,5.0257
2017/4/21,6.11,9.3892,6.9464,4.9122
2017/4/24,5.56,8.9062,6.9985,4.7607
2017/4/25,5.65,8.8869,6.8161,4.7513
2017/4/26,5.6,8.3556,6.7814,4.7323
2017/4/27,5.68,8.5005,6.7554,4.5241
2017/4/28,5.83,8.3943,6.7727,4.4484
2017/5/2,5.83,8.5585,6.8769,4.42
2017/5/3,5.83,8.4909,6.9117,4.3727
2017/5/4,5.83,8.2301,6.8943,4.3727
2017/5/5,5.83,8.0079,6.9203,4.3916
2017/5/8,5.83,7.5925,7.0072,4.1739
2017/5/9,5.83,7.921,6.9203,4.2118
2017/5/10,5.83,7.7278,6.9203,4.0982
2017/5/11,5.83,8.1625,7.0159,3.9941
2017/5/12,5.83,8.2494,7.0245,4.0225
2017/5/15,5.83,8.0755,7.2069,4.032
2017/5/16,5.83,8.2494,7.3284,4.1361
2017/5/17,5.83,8.5005,7.2156,4.1739
2017/5/18,5.83,8.288,7.285,4.1739
2017/5/19,5.83,8.288,7.2937,4.1834
2017/5/22,5.83,7.921,7.3632,4.0603
2017/5/23,5.83,7.7181,7.4587,4.013
2017/5/24,5.83,7.834,7.3979,4.013
2017/5/25,5.83,8.0079,7.3458,4.1361
2017/5/26,5.83,7.9596,7.3458,4.1266
2017/5/31,5.83,7.9886,7.424,4.1171
2017/6/1,5.83,7.8437,7.3024,4.0793
2017/6/2,5.83,8.1625,7.3111,4.0698
2017/6/5,5.83,8.2397,7.1461,4.1171
2017/6/6,5.83,8.2011,6.9811,4.0887
2017/6/7,5.83,8.3363,7.0159,4.1645
2017/6/8,5.83,8.2784,7.1287,4.1645
2017/6/9,5.83,8.2494,7.2677,4.1834
2017/6/12,5.83,7.9306,7.3024,4.2023
2017/6/13,5.83,8.0272,7.259,4.2118
2017/6/14,5.83,8.1045,7.1461,4.1834
2017/6/15,5.83,8.0852,7.0072,4.2023
2017/6/16,5.83,8.0659,7.0332,4.1928
2017/6/19,5.83,8.4619,7.0506,4.2307
2017/6/20,5.83,8.4522,7.0506,4.2402
2017/6/21,5.83,8.4233,7.1287,4.2402
2017/6/22,5.83,8.2687,7.1548,4.2212
2017/6/23,5.83,8.2979,7.1808,4.1928
2017/6/26,5.83,8.4633,7.1982,4.2496
2017/6/27,5.83,8.5216,7.2937,4.3254
2017/6/28,5.83,8.4244,7.259,4.2686
2017/6/29,5.83,8.5022,7.429,4.297
2017/6/30,5.83,8.7162,7.5096,4.278
2017/7/3,5.83,8.7551,7.5096,4.2686
2017/7/4,5.83,8.6481,7.3753,4.2307
2017/7/5,5.83,8.8524,7.4559,4.2686
2017/7/6,5.83,8.8427,7.4827,4.2686
2017/7/7,5.83,8.8524,7.9303,4.3064
2017/7/10,5.83,8.7648,7.9661,4.3064
2017/7/11,5.83,8.5022,7.9034,4.2686
2017/7/12,5.83,8.3952,7.8855,4.2402
2017/7/13,5.83,8.4633,8.0556,4.2875
2017/7/14,5.83,8.7648,8.0914,4.3064
2017/7/17,5.83,9.1248,8.1182,4.4295
2017/7/18,5.83,9.4944,8.0377,4.5336
2017/7/19,5.83,9.5528,8.1003,4.6188
2017/7/20,5.83,9.4652,8.1361,4.6377
2017/7/21,5.83,9.9224,8.1093,4.6755
2017/7/24,5.83,9.8057,8.1003,4.7229
2017/7/25,5.83,9.689,7.984,4.6566
2017/7/26,5.83,10.1073,7.984,4.7039
2017/7/27,5.83,9.7279,7.9929,4.6377
2017/7/28,5.83,9.6306,7.8676,4.6472
2017/7/31,5.83,10.438,7.8318,4.7039
2017/8/1,5.83,10.1073,7.9124,4.7229
2017/8/2,5.83,10.0781,7.8139,4.6472
2017/8/3,5.83,10.4769,7.8229,4.6945
2017/8/4,5.83,11.2357,7.8676,4.9122
2017/8/7,5.83,11.3719,7.7065,4.9027
2017/8/8,5.83,11.5276,7.7065,4.8743
2017/8/9,5.83,11.2746,7.6707,4.7891
2017/8/10,5.83,11.3719,7.8318,4.9784
2017/8/11,5.83,10.2337,7.7692,4.8081
2017/8/14,5.83,10.1365,7.7155,4.8754
2017/8/15,5.83,10.1656,7.8318,4.9427
2017/8/16,5.83,10.6618,7.8587,5.0581
2017/8/17,5.83,11.0509,8.0914,5.0773
2017/8/18,5.83,12.1599,8.2435,5.3369
2017/8/21,5.83,13.2494,8.1182,5.2696
2017/8/22,5.83,12.6073,8.0019,5.0677
2017/8/23,5.83,12.2474,8.0019,4.9138
2017/8/24,5.83,12.5782,8.0108,4.9331
2017/8/25,5.83,12.3933,8.1003,4.9523
2017/8/28,5.83,13.0548,8.0914,5.1062
2017/8/29,5.83,14.0763,8.1451,5.1446
2017/8/30,5.83,14.407,8.1898,5.1158
2017/8/31,5.83,14.0082,8.1809,5.0196
2017/9/1,5.83,14.0763,8.1451,5.0196
2017/9/4,5.83,13.5315,8.163,4.9811
2017/9/5,5.83,13.551,8.0645,4.8946
2017/9/6,5.83,13.2202,8.0108,4.8946
2017/9/7,5.83,13.2202,7.9392,4.9331
2017/9/8,5.83,13.512,7.9124,4.9619
2017/9/11,6.04,13.3661,7.9661,5.0965
2017/9/12,5.87,13.7942,8.0198,5.1254
2017/9/13,5.98,13.551,8.0198,5.0581
2017/9/14,5.87,13.6677,8.0287,5.1927
2017/9/15,5.82,13.4148,7.9213,5.1542
2017/9/18,5.78,12.0723,7.9213,5.0292
2017/9/19,5.7,12.0042,7.9392,5.0485
2017/9/20,5.73,11.8875,7.9303,5.0581
2017/9/21,5.73,12.228,7.9034,5.0581
2017/9/22,5.77,11.7707,7.9213,4.9523
2017/9/25,5.89,11.6054,8.0108,4.8561
2017/9/26,5.93,11.8388,7.975,4.885
2017/9/27,5.84,11.9167,7.9124,4.8754
2017/9/28,5.66,11.7221,7.9213,4.8465
2017/9/29,5.67,11.5665,7.8318,4.8658
2017/10/9,5.7,11.9945,7.9392,4.9331
2017/10/10,5.82,12.1599,8.0735,4.9427
2017/10/11,5.89,12.2863,8.0735,4.8946
2017/10/12,5.82,12.1015,8.1093,4.8658
2017/10/13,5.81,11.9848,8.0287,4.8369
2017/10/16,5.8,12.0529,8.0198,4.7215
2017/10/17,5.71,11.5956,8.0377,4.6446
2017/10/18,5.65,10.798,8.1988,4.6446
2017/10/19,5.43,10.6423,8.2615,4.6157
2017/10/20,5.47,10.9439,8.2077,4.635
2017/10/23,5.47,11.0509,8.2435,4.6638
2017/10/24,5.59,10.8758,8.3957,4.6157
2017/10/25,5.6,10.9925,8.4136,4.6157
2017/10/26,5.71,11.0703,8.163,4.7792
2017/10/27,5.64,10.9633,8.2077,4.7696
2017/10/30,5.46,10.3894,8.1898,4.7504
2017/10/31,5.52,10.8174,8.1451,4.8465
2017/11/1,5.46,10.8855,7.975,4.7792
2017/11/2,5.35,10.9731,8.0019,4.7023
2017/11/3,5.29,10.7007,7.9124,4.635
2017/11/6,5.29,10.9633,7.9034,4.683
2017/11/7,5.35,11.0314,7.9303,4.7023
2017/11/8,5.36,10.9731,7.9482,4.7888
2017/11/9,5.39,10.9536,7.984,4.8561
2017/11/10,5.33,10.7493,7.9124,4.8465
2017/11/13,5.21,10.4964,8.0466,4.8946
2017/11/14,5.1,10.3699,8.0108,4.7984
2017/11/15,5.1,10.3116,7.975,4.7407
2017/11/16,5.08,10.2824,7.8676,4.76
2017/11/17,4.79,9.5528,8.0824,4.6253
2017/11/20,4.82,9.7571,8.0824,4.6638
2017/11/21,4.87,9.582,8.3152,4.683
2017/11/22,5.03,9.7571,8.3957,4.7984
2017/11/23,4.88,9.7473,8.154,4.7023
2017/11/24,4.89,9.7279,8.0735,4.6734
2017/11/27,4.78,9.5431,8.0735,4.7407
2017/11/28,4.78,9.6403,7.9661,4.8465
2017/11/29,4.78,9.8933,7.9482,4.8465
2017/11/30,4.78,9.7765,7.9213,4.8369
2017/12/1,4.78,9.7668,7.9303,4.885
2017/12/4,4.78,9.4847,7.9392,4.9138
2017/12/5,4.78,8.9205,8.1182,4.8369
2017/12/6,4.78,8.9594,8.1003,4.8273
2017/12/7,4.78,8.8913,8.0287,4.7696
2017/12/8,4.78,8.9594,8.0287,4.8081
2017/12/11,4.78,9.0275,7.984,4.9427
2017/12/12,4.78,8.9107,7.9392,5.0196
2017/12/13,4.78,8.9594,7.9482,5.0869
2017/12/14,4.78,9.8544,7.9303,5.1254
2017/12/15,4.78,9.9127,7.8587,5.0388
2017/12/18,4.78,10.224,7.8676,5.0292
2017/12/19,4.78,10.2824,7.8676,5.0965
2017/12/20,4.78,10.117,7.8855,5.0196
2017/12/21,4.78,10.1656,7.8945,5.2215
2017/12/22,4.78,10.3116,7.9661,5.2215
2017/12/25,4.78,10.01,7.9571,5.0196
2017/12/26,4.78,10.798,8.0377,5.1446
2017/12/27,4.78,10.4867,8.0735,5.1254
2017/12/28,4.78,10.5839,8.0824,5.3562
2017/12/29,4.78,10.5256,8.1182,5.3562
2018/1/2,4.78,10.7007,8.1719,5.3562
2018/1/3,4.78,10.6715,8.3152,5.3946
2018/1/4,4.78,10.8758,8.2883,5.3946
2018/1/5,4.78,11.2844,8.4226,5.4043
2018/1/8,4.78,11.2552,8.7448,5.5581
2018/1/9,4.78,11.0995,8.8253,5.4427
2018/1/10,4.78,10.6229,8.8343,5.3562
2018/1/11,4.78,10.7882,8.7537,5.2985
2018/1/12,4.78,10.331,8.7269,5.2696
2018/1/15,4.78,9.8154,8.6374,4.9908
2018/1/16,4.78,9.7571,8.6463,5.0677
2018/1/17,4.78,9.8835,8.6553,5.0869
2018/1/18,4.78,9.9419,8.6374,5.1158
2018/1/19,4.78,9.796,8.8701,5.1158
2018/1/22,5.26,9.8349,9.0581,5.1254
2018/1/23,5.23,10.01,9.0581,5.1158
2018/1/24,5.05,10.117,9.0581,5.0004
2018/1/25,4.91,10.1462,8.9596,5.1542
2018/1/26,4.88,10.2046,9.1476,5.1254
2018/1/29,4.78,9.8154,9.0133,5.0292
2018/1/30,4.71,9.7668,9.0044,5.0485
2018/1/31,4.74,9.5041,8.6374,4.8754
2018/2/1,4.48,9.0956,8.7269,4.7311
2018/2/2,4.33,9.1831,8.7179,4.7888
2018/2/5,4.3,9.1539,8.879,4.7792
2018/2/6,3.94,8.2687,8.8343,4.4811
2018/2/7,3.95,8.045,8.7537,4.3946
2018/2/8,4.35,8.1131,8.3868,4.4523
2018/2/9,4.13,7.6948,8.1809,4.2022
2018/2/12,4.32,7.8699,8.1182,4.2503
2018/2/13,4.19,8.1617,8.2435,4.2888
2018/2/14,4.24,8.1714,8.1451,4.3272
2018/2/22,4.26,8.4633,8.342,4.3849
2018/2/23,4.26,8.5216,8.3957,4.5773
2018/2/26,4.31,8.7843,8.4852,4.6446
2018/2/27,4.33,8.7162,8.4584,4.5677
2018/2/28,4.33,8.6481,8.342,4.558
2018/3/1,4.42,8.6676,8.2256,4.5484
2018/3/2,4.37,8.7648,8.163,4.5292
2018/3/5,4.33,9.2026,8.1988,4.6542
2018/3/6,4.38,9.1637,8.2256,4.6927
2018/3/7,4.33,8.9594,8.1272,4.6446
2018/3/8,4.35,8.8621,8.0466,4.635
2018/3/9,4.5,9.0469,8.0556,4.683
2018/3/12,4.63,9.0664,8.1182,4.6927
2018/3/13,4.56,9.0372,8.0914,4.7023
2018/3/14,4.54,8.7746,8.0556,4.6061
2018/3/15,4.53,9.3582,8.1003,4.6734
2018/3/16,4.53,9.0664,8.0198,4.6253
2018/3/19,4.57,8.9788,7.8945,4.51
2018/3/20,4.63,9.115,7.9124,4.5292
2018/3/21,4.65,9.2123,7.9213,4.6542
2018/3/22,4.78,9.368,7.8139,4.635
2018/3/23,4.45,8.4438,7.7602,4.4042
2018/3/26,4.38,8.3854,7.7244,4.4426
2018/3/27,4.48,8.5605,7.6439,4.4907
2018/3/28,4.59,8.3563,7.4201,4.3849
2018/3/29,4.58,8.5314,7.429,4.4042
2018/3/30,4.55,8.5605,7.4111,4.4138
2018/4/2,4.54,8.4924,7.3395,4.4042
2018/4/3,4.4,8.6578,7.25,4.3753
2018/4/4,4.4,8.5022,7.2321,4.3176
2018/4/9,4.39,8.3854,7.2411,4.3272
2018/4/10,4.4,8.4924,7.3306,4.4234
2018/4/11,4.39,8.4827,7.3753,4.4138
2018/4/12,4.31,8.2979,7.25,4.3176
2018/4/13,4.3,8.2882,7.2232,4.2792
2018/4/16,4.16,8.0547,7.0979,4.183
2018/4/17,4.15,7.9282,7.0442,4.1349
2018/4/18,4.22,8.0158,7.0531,4.1638
2018/4/19,4.17,8.0839,7.1605,4.183
2018/4/20,4.05,7.9866,7.1068,4.1253
2018/4/23,4.06,8.0644,7.2232,4.1349
2018/4/24,4.12,8.1714,7.3843,4.2022
2018/4/25,4.33,8.1422,7.3664,4.1542
2018/4/26,4.2,7.8407,7.3395,4.2311
2018/4/27,4.24,7.8504,7.4201,4.308
2018/5/2,4.19,7.9963,7.5902,4.2792
2018/5/3,4.14,8.1714,7.6618,4.3561
2018/5/4,4.09,8.1325,7.805,4.3753
2018/5/7,4.13,8.3854,7.8497,4.4234
2018/5/8,4.16,8.3757,7.8229,4.4619
2018/5/9,4.12,8.2784,7.7423,4.4715
2018/5/10,4.14,8.3076,7.8676,4.51
2018/5/11,4.11,8.3271,7.8945,4.4234
2018/5/14,4.05,8.2882,7.7871,4.433
2018/5/15,4.11,8.3465,7.7781,4.4715
2018/5/16,4.05,8.1812,7.6976,4.3753
2018/5/17,4.02,8.1812,7.6439,4.4042
2018/5/18,4.04,8.2298,7.7334,4.4523
2018/5/21,4.09,8.3757,7.7871,4.4811
2018/5/22,4.1,8.8232,7.796,4.51
2018/5/23,4.02,8.8427,7.5723,4.4523
2018/5/24,4.02,8.7065,7.5543,4.4234
2018/5/25,3.99,8.5605,7.5006,4.3946
2018/5/28,3.95,8.9302,7.5454,4.4715
2018/5/29,3.88,9.0567,7.5185,4.4042
2018/5/30,3.68,8.8037,7.4201,4.2311
2018/5/31,3.72,8.9302,7.5185,4.2696
2018/6/1,3.71,8.7551,7.5543,4.2696
2018/6/4,3.9,9.2804,7.6976,4.3176
2018/6/5,3.82,9.2999,7.7602,4.3849
2018/6/6,3.75,9.1929,7.7602,4.3657
2018/6/7,3.74,9.2999,7.8229,4.3369
2018/6/8,3.7,9.2026,7.7334,4.2984
2018/6/11,3.73,9.0469,7.9124,4.2888
2018/6/12,3.71,9.3388,8.1093,4.3753
2018/6/13,3.64,9.2318,8.1093,4.3369
2018/6/14,3.59,9.0372,8.1719,4.3272
2018/6/15,3.47,8.8913,8.1809,4.2696
2018/6/19,3.12,8.2687,8.0108,4.0003
2018/6/20,3.15,8.366,8.0108,4.058
2018/6/21,3.19,8.1033,8.2256,4.0676
2018/6/22,3.23,8.1033,8.2525,4.0965
2018/6/25,3.26,7.956,8.2794,4.0676
2018/6/26,3.2,7.9364,8.0556,4.058
2018/6/27,3.25,8.2507,7.9303,4.0195
2018/6/28,3.15,7.9462,7.6467,3.9907
2018/6/29,3.22,8.2212,7.7601,4.0868
2018/7/2,3.24,7.9855,7.4293,4.0291
2018/7/3,3.3,8.1721,7.5333,4.0291
2018/7/4,3.23,8.2408,7.6373,4.0195
2018/7/5,3.16,7.9855,7.7696,3.9618
2018/7/6,3.17,7.9855,7.779,3.9811
2018/7/9,3.2,8.2605,7.9114,4.0388
2018/7/10,3.25,8.3096,8.0626,4.058
2018/7/11,3.12,8.1623,7.9681,3.9715
2018/7/12,3.19,8.3292,8.176,4.058
2018/7/13,3.37,8.3784,8.2233,4.0484
2018/7/16,3.3,8.3096,8.2611,4.0388
2018/7/17,3.29,8.4078,8.2895,4.058
2018/7/18,3.28,8.29,8.1571,4.0676
2018/7/19,3.23,8.064,8.2516,4.0484
2018/7/20,3.25,8.1819,8.3178,4.0676
2018/7/23,3.29,8.6141,8.4879,4.1445
2018/7/24,3.42,8.7418,8.4029,4.2119
2018/7/25,3.38,8.8596,8.4029,4.183
2018/7/26,3.49,8.7221,8.3273,4.2119
2018/7/27,3.84,8.7614,8.2611,4.183
2018/7/30,4.22,9.0168,8.4596,4.183
2018/7/31,4.64,9.007,8.4596,4.1542
2018/8/1,5.1,8.6632,8.28,4.1638
2018/8/2,4.94,8.6141,8.1571,4.0291
2018/8/3,4.45,8.3882,8.2138,4.0193
2018/8/6,4.01,8.1132,8.176,3.9997
2018/8/7,4.08,8.4962,8.3651,4.0782
2018/8/8,3.94,8.3685,8.384,4.0291
2018/8/9,3.96,8.6436,8.4974,4.0684
2018/8/10,3.96,8.6632,8.4785,4.0586
2018/8/13,4.01,8.6337,8.3556,4.0193
2018/8/14,4.07,8.5846,8.4596,4.0978
2018/8/15,4.03,8.5748,8.3367,4.0095
2018/8/16,3.81,8.2408,8.4312,3.9409
2018/8/17,3.66,8.1033,8.2516,3.8821
2018/8/20,3.72,8.1917,8.3178,3.8625
2018/8/21,3.89,8.29,8.4596,3.9115
2018/8/22,3.77,8.0739,8.4029,3.8821
2018/8/23,3.8,8.1132,8.4879,3.8625
2018/8/24,4.18,8.0444,8.5163,3.8331
2018/8/27,4.34,8.2016,8.6203,3.8723
2018/8/28,4.2,8.2507,8.6108,3.8429
2018/8/29,4.24,8.2801,8.1666,3.7449
2018/8/30,4.1,8.398,8.2138,3.7252
2018/8/31,4,8.3194,8.1571,3.7252
2018/9/3,4.11,8.2212,7.883,3.6468
2018/9/4,4.1,8.398,7.9114,3.6468
2018/9/5,3.93,8.2016,7.779,3.588
2018/9/6,3.9,8.1426,7.779,3.5096
2018/9/7,4,8.1033,7.779,3.49
2018/9/10,4,8.0542,7.7601,3.3919
2018/9/11,3.9,8.1426,7.779,3.3919
2018/9/12,3.9,8.1328,7.5805,3.3919
2018/9/13,3.94,8.2212,7.4577,3.4311
2018/9/14,4.07,8.1819,7.4955,3.4311
2018/9/17,4.02,8.1524,7.5427,3.3135
2018/9/18,4.42,8.4275,7.7979,3.4017
2018/9/19,4.44,8.4864,7.7318,3.5096
2018/9/20,4.41,8.4962,7.6373,3.5096
2018/9/21,4.26,8.5944,7.6089,3.5586
2018/9/25,4.25,8.6632,7.6089,3.5194
2018/9/26,4.2,8.5748,7.6562,3.5292
2018/9/27,4.12,8.5453,7.6656,3.49
2018/9/28,4.14,8.6141,7.779,3.539
2018/10/8,3.97,8.4078,7.5427,3.4017
2018/10/9,4.06,8.5159,7.4955,3.3429
2018/10/10,4.2,8.5944,7.5238,3.3135
2018/10/11,4.26,7.9462,7.1741,3.1076
2018/10/12,4.05,7.8971,7.2214,3.0684
2018/10/15,3.74,7.681,7.2025,2.9998
2018/10/16,3.53,7.3274,7.193,2.9998
2018/10/17,3.6,7.4649,7.4199,2.9802
2018/10/18,3.36,7.0622,7.1836,2.9214
2018/10/19,3.38,7.3077,7.3821,2.99
2018/10/22,3.61,7.6515,7.6184,3.1272
2018/10/23,3.58,7.5042,7.4577,3.039
2018/10/24,3.67,7.5828,7.486,3.039
2018/10/25,3.57,7.6417,7.486,3.0096
2018/10/26,3.57,7.5435,7.6184,3.0292
2018/10/29,3.52,7.2684,7.5427,2.892
2018/10/30,3.55,7.2979,7.4766,2.9508
2018/10/31,3.64,7.4256,7.6184,3.039
2018/11/1,3.62,7.4354,7.6467,3.039
2018/11/2,3.66,7.6613,7.7507,3.0978
2018/11/5,3.79,7.6319,7.7318,3.0684
2018/11/6,3.83,7.6613,7.6845,3.0684
2018/11/7,3.72,7.5926,7.6089,3.088
2018/11/8,3.7,7.4845,7.6467,3.0488
2018/11/9,3.67,7.4944,7.6184,2.99
2018/11/12,3.8,7.6417,7.6562,3.1076
2018/11/13,3.89,7.7203,7.6562,3.1665
2018/11/14,3.85,7.6515,7.59,3.1567
2018/11/15,3.89,7.7792,7.6184,3.1861
2018/11/16,3.96,7.7792,7.5616,3.2253
2018/11/19,3.98,7.8971,7.6089,3.2253
2018/11/20,3.94,7.6122,7.4955,3.1469
2018/11/21,4.01,7.7596,7.5049,3.137
2018/11/22,3.93,7.5631,7.4577,3.1469
2018/11/23,3.65,7.2488,7.3253,3.0292
2018/11/26,3.66,7.1506,7.2403,3.0292
2018/11/27,3.79,7.2095,7.2025,3.039
2018/11/28,3.79,7.2684,7.2781,3.1665
2018/11/29,3.78,7.0524,7.2214,3.0978
2018/11/30,3.78,7.1604,7.2875,3.1665
2018/12/3,3.92,7.3176,7.4388,3.2057
2018/12/4,3.91,7.3176,7.4671,3.1959
2018/12/5,3.82,7.2292,7.5049,3.1861
2018/12/6,3.74,7.1113,7.401,3.137
2018/12/7,3.73,7.1506,7.486,3.1959
2018/12/10,3.63,7.1113,7.5427,3.1567
2018/12/11,3.68,7.1309,7.5333,3.1567
2018/12/12,3.71,7.1408,7.5427,3.1469
2018/12/13,3.84,7.2292,7.5522,3.1959
2018/12/14,3.7,7.072,7.5238,3.137
2018/12/17,3.69,7.0622,7.5427,3.1567
2018/12/18,3.7,6.9934,7.6089,3.088
2018/12/19,3.68,6.9443,7.6467,3.088
2018/12/20,3.68,6.9836,7.5333,3.0586
2018/12/21,3.66,6.8756,7.5427,3.0292
2018/12/24,3.67,7.1113,7.5995,3.1272
2018/12/25,3.53,7.1506,7.6467,3.0782
2018/12/26,3.54,7.072,7.6751,3.0782
2018/12/27,3.43,6.8756,7.7129,3.0978
2018/12/28,3.43,6.8756,7.779,3.0978
2019/1/2,3.44,6.8068,7.7412,3.1076
2019/1/3,3.39,6.8363,7.6467,3.137
2019/1/4,3.46,6.9443,7.6845,3.2057
2019/1/7,3.56,7.0524,7.7885,3.3135
2019/1/8,3.57,7.0032,7.7318,3.3233
2019/1/9,3.93,7.0131,7.7412,3.3037
2019/1/10,3.82,6.9443,7.5805,3.2939
2019/1/11,3.74,6.9934,7.7129,3.3135
2019/1/14,3.67,7.0524,7.6373,3.3037
2019/1/15,3.7,7.1113,7.6751,3.3429
2019/1/16,3.64,7.0524,7.7507,3.4213
2019/1/17,3.74,6.9738,7.8547,3.3723
2019/1/18,3.76,7.0524,7.9114,3.4311
2019/1/21,3.74,7.1309,7.9019,3.441
2019/1/22,3.68,6.9934,7.8074,3.3821
2019/1/23,3.7,7.0032,7.9397,3.4115
2019/1/24,3.71,7.0524,7.987,3.4115
2019/1/25,3.65,7.0032,8.0153,3.3821
2019/1/28,3.6,7.0425,8.0153,3.4017
2019/1/29,3.52,7.0524,8.2516,3.4508
2019/1/30,3.55,6.9738,8.0721,3.4311
2019/1/31,3.52,6.9247,8.0815,3.4311
2019/2/1,3.6,7.0425,8.2233,3.4115
2019/2/11,3.67,7.2586,8.1666,3.4606
2019/2/12,3.71,7.3176,8.1288,3.5586
2019/2/13,3.76,7.3765,8.2233,3.5684
2019/2/14,3.78,7.3765,8.1571,3.5782
2019/2/15,3.81,7.3765,7.9964,3.5096
2019/2/18,3.88,7.5435,8.091,3.5586
2019/2/19,3.88,7.4845,8.2611,3.686
2019/2/20,3.93,7.4649,8.2611,3.5586
2019/2/21,3.85,7.3765,8.1949,3.5194
2019/2/22,3.88,7.5042,8.2327,3.5684
2019/2/25,4.1,7.848,8.469,3.6762
2019/2/26,4.07,7.8971,8.3651,3.7056
2019/2/27,4.05,7.7792,8.3651,3.7645
2019/2/28,4.09,7.8872,8.4407,3.7743
2019/3/1,4.17,7.8971,8.3934,3.7449
2019/3/4,4.18,8.0149,8.384,3.7645
2019/3/5,4.24,8.0739,8.3462,3.7841
2019/3/6,4.32,8.1328,8.4123,3.8135
2019/3/7,4.51,8.1426,8.3084,3.9213
2019/3/8,4.12,7.7006,7.987,3.6958
2019/3/11,4.4,8.0346,8.0248,3.7841
2019/3/12,4.4,8.0935,8.0342,3.7841
2019/3/13,4.32,7.9069,7.9964,3.6664
2019/3/14,4.18,7.9069,7.9492,3.5684
2019/3/15,4.23,8.0051,7.9775,3.6076
2019/3/18,4.65,8.2998,8.1193,3.7154
2019/3/19,4.73,8.29,8.1004,3.735
2019/3/20,5.07,8.3194,8.0626,3.7056
2019/3/21,4.93,8.3685,8.0342,3.7547
2019/3/22,4.76,8.5159,8.0437,3.8135
2019/3/25,4.65,8.6337,7.9019,3.7939
2019/3/26,4.61,8.3587,7.7885,3.7056
2019/3/27,4.57,8.5944,7.7979,3.6762
2019/3/28,4.62,8.4766,7.7223,3.4606
2019/3/29,4.72,8.4864,7.883,3.49
2019/4/1,4.81,8.7221,8.0153,3.5488
2019/4/2,4.77,8.7418,7.9964,3.5292
2019/4/3,4.87,9.0168,8.0532,3.5782
2019/4/4,5.13,8.9284,8.0626,3.6272
2019/4/8,4.99,8.8302,8.1193,3.6076
2019/4/9,5.07,8.9382,8.0059,3.5684
2019/4/10,4.9,8.7811,8.0342,3.5586
2019/4/11,5.06,8.6337,7.9114,3.5194
2019/4/12,5,8.9284,7.9586,3.5194
2019/4/15,4.83,8.7418,7.987,3.5096
2019/4/16,4.9,8.8204,8.0815,3.5488
2019/4/17,4.93,8.7123,8.0342,3.5488
2019/4/18,5.06,8.5552,8.0059,3.5194
2019/4/19,5.17,8.6043,8.0153,3.539
2019/4/22,5.1,8.565,7.9964,3.5096
2019/4/23,4.94,8.3194,7.9019,3.4508
2019/4/24,4.96,8.2507,7.9114,3.4508
2019/4/25,4.46,7.9756,7.9208,3.3625
2019/4/26,4.51,7.9462,7.7979,3.3429
2019/4/29,4.14,7.9462,7.9208,3.3233
2019/4/30,4.32,7.8578,8.0532,3.3527
2019/5/6,3.99,7.072,7.8169,3.1861
2019/5/7,4.09,7.1211,7.7979,3.1959
2019/5/8,4.02,7.072,7.7129,3.1763
2019/5/9,3.98,6.9934,7.6562,3.1469
2019/5/10,4.08,7.1506,7.7601,3.2057
2019/5/13,4.25,7.0916,7.7034,3.1763
2019/5/14,4.08,6.9934,7.7223,3.1469
2019/5/15,4.17,7.0916,7.7412,3.1763
2019/5/16,4.2,7.1604,7.8169,3.1959
2019/5/17,4,6.9738,7.7507,3.1174
2019/5/20,3.99,6.9836,7.7318,3.0978
2019/5/21,4.31,7.0622,7.7412,3.1272
2019/5/22,4.1,6.9541,7.7601,3.1076
2019/5/23,4,6.8657,7.7223,3.0684
2019/5/24,4.06,6.8559,7.7601,3.0782
2019/5/27,4.14,6.9934,7.7885,3.137
2019/5/28,4.06,6.9443,7.9681,3.137
2019/5/29,4.07,6.9247,7.9019,3.1174
2019/5/30,4.02,6.9247,7.987,3.0978
2019/5/31,4,6.8952,7.9019,3.088
2019/6/3,3.93,6.8756,7.9775,3.088
2019/6/4,3.88,6.7479,7.9586,3.088
2019/6/5,3.88,6.7086,7.9775,3.1174
2019/6/6,3.71,6.2175,7.9208,3.1174
2019/6/10,3.77,6.2568,7.9964,3.1567
2019/6/11,3.9,6.4925,8.0437,3.2253
2019/6/12,3.88,6.463,8.0059,3.1959
2019/6/13,3.93,6.4728,7.9397,3.2057
2019/6/14,3.88,6.3746,8.0153,3.1272
2019/6/17,3.86,6.463,7.9303,3.1665
2019/6/18,3.83,6.5023,7.9964,3.1861
2019/6/19,3.88,6.5514,8.1477,3.2057
2019/6/20,3.95,6.63,8.28,3.2449
2019/6/21,4,6.69,8.28,3.2547
2019/6/24,4.03,6.68,8.3273,3.2351
2019/6/25,3.96,6.6,8.2705,3.2057
2019/6/26,3.96,6.58,8.28,3.1959
2019/6/27,3.96,6.59,8.15,3.2057
2019/6/28,3.9,6.45,8.09,3.1665
2019/7/1,4,6.63,8.2,3.2253
2019/7/2,4.04,6.7,8.27,3.2253
2019/7/3,3.95,6.59,8.2,3.2155
2019/7/4,3.95,6.66,8.1,3.2253
2019/7/5,3.72,6.69,8.11,3.2253
2019/7/8,3.38,6.43,7.99,3.1076
2019/7/9,3.42,6.47,7.94,3.1076
2019/7/10,3.4,6.38,7.87,3.088
2019/7/11,3.38,6.35,7.87,3.1076
2019/7/12,3.39,6.37,7.85,3.1076
2019/7/15,3.51,6.47,7.88,3.1272
2019/7/16,3.51,6.47,7.84,3.137
2019/7/17,3.47,6.47,7.88,3.1272
2019/7/18,3.4,6.35,7.79,3.0978
2019/7/19,3.42,6.43,7.79,3.1174
2019/7/22,3.35,6.31,7.78,3.0782
2019/7/23,3.39,6.32,7.82,3.0978
2019/7/24,3.43,6.34,7.88,3.1076
2019/7/25,3.4,6.3,7.87,3.1076
2019/7/26,3.5,6.3,7.85,3.1174
2019/7/29,3.85,6.28,7.89,3.1272
2019/7/30,3.67,6.34,7.92,3.1469
2019/7/31,3.65,6.53,7.9,3.137
2019/8/1,3.61,6.4,7.89,3.1174
2019/8/2,3.59,6.23,7.83,3.0782
2019/8/5,3.54,6.17,7.61,3.0684
2019/8/6,3.35,5.92,7.48,2.99
2019/8/7,3.2,5.9,7.49,2.99
2019/8/8,3.19,5.92,7.6,3.0096
2019/8/9,3.19,5.93,7.6,2.99
2019/8/12,3.22,6.01,7.66,3.01
2019/8/13,3.19,5.94,7.54,3.04
2019/8/14,3.21,5.93,7.52,3.03
2019/8/15,3.24,5.89,7.45,3.07
2019/8/16,3.26,5.9,7.51,3.06
2019/8/19,3.33,6.04,7.66,3.17
2019/8/20,3.33,6.01,7.69,3.13
2019/8/21,3.3,6.05,7.66,3.1
2019/8/22,3.35,6.05,7.75,3.09
2019/8/23,3.35,6,7.77,3.1
2019/8/26,3.29,5.92,7.68,3.08
2019/8/27,3.35,6.02,7.65,3.11
2019/8/28,3.37,6.07,7.72,3.13
2019/8/29,3.37,6.03,7.74,3.1
2019/8/30,3.29,5.95,7.74,3.1
2019/9/2,3.36,6.05,7.82,3.16
2019/9/3,3.4,6.05,7.8,3.17
2019/9/4,3.74,6.18,7.86,3.2
2019/9/5,3.64,6.2,7.87,3.21
2019/9/6,3.58,6.21,7.88,3.2
2019/9/9,3.6,6.27,7.88,3.22
2019/9/10,3.58,6.27,7.79,3.2
2019/9/11,3.58,6.24,7.78,3.23
2019/9/12,3.65,6.25,7.82,3.23
2019/9/16,3.62,6.28,7.78,3.2
2019/9/17,3.52,6.09,7.69,3.16
2019/9/18,3.62,6.15,7.65,3.19
2019/9/19,3.59,6.11,7.71,3.19
2019/9/20,3.59,6.26,7.69,3.2
2019/9/23,3.49,6.13,7.6,3.14
2019/9/24,3.48,6.07,7.65,3.15
2019/9/25,3.39,5.97,7.67,3.11
2019/9/26,3.32,5.9,7.66,3.11
2019/9/27,3.37,5.91,7.61,3.08
2019/9/30,3.34,5.89,7.59,3.08
