ÈÕÆÚ,000428.SZ,000610.SZ,000613.SZ,200613.SZ,600258.SH,600754.SH,601007.SH,900934.SH
2014/1/2,6.1569,6.6557,4.74,3.9,9.6035,14.441,7.8442,1.2999
2014/1/3,6.1968,6.6557,4.7,3.78,9.6035,14.0281,7.6104,1.3007
2014/1/6,5.7784,6.4375,4.55,3.56,10.5625,13.4358,7.3112,1.2631
2014/1/7,5.9776,6.5962,4.52,3.54,10.5625,13.5076,7.3954,1.2746
2014/1/8,6.1271,6.6458,4.49,3.48,10.5625,12.9332,7.3112,1.2738
2014/1/9,6.3064,6.5962,4.58,3.52,10.5625,13.0229,7.3019,1.2689
2014/1/10,6.2466,6.626,4.52,3.46,10.5625,12.7806,7.143,1.2623
2014/1/13,6.0972,6.4573,4.53,3.44,10.5625,12.7716,7.171,1.2615
2014/1/14,6.1868,6.5268,4.76,3.78,10.5625,13.2652,7.3019,1.2721
2014/1/15,6.5654,6.5069,4.95,4.12,10.5625,13.2293,7.3954,1.2803
2014/1/16,6.4558,6.4474,4.86,4.06,10.5625,13.337,7.3206,1.2819
2014/1/17,6.5056,6.1598,4.87,4.35,10.5625,13.3819,7.3206,1.2901
2014/1/20,6.416,6.1102,4.84,4.35,10.5625,13.1037,7.2832,1.2844
2014/1/21,6.3662,6.1796,5,4.35,10.5625,13.2383,7.3206,1.2974
2014/1/22,6.4658,6.3086,5.08,4.36,10.5625,13.705,7.4515,1.3137
2014/1/23,6.6949,6.2887,5.04,4.35,10.5625,13.6871,7.4608,1.3178
2014/1/24,7.3624,6.4077,4.96,4.3,10.5625,13.6422,7.545,1.3023
2014/1/27,7.2429,6.4077,5.08,4.29,10.5625,13.3281,7.4982,1.2827
2014/1/28,7.2628,6.3482,5.1,4.29,10.5625,13.1306,7.5917,1.2917
2014/1/29,7.203,6.3582,5.07,4.47,10.5625,12.7357,7.5637,1.2729
2014/1/30,7.203,6.3383,4.98,4.43,10.5625,12.8165,7.4608,1.2689
2014/2/7,7.203,6.3978,5.02,4.56,10.5625,13.0409,7.5637,1.2721
2014/2/10,7.203,6.497,5.07,4.54,10.5625,13.5524,7.7507,1.2884
2014/2/11,7.203,6.6458,5.16,4.6,10.5625,14.3692,7.9844,1.3023
2014/2/12,7.203,6.6656,5.29,4.57,10.5625,14.4769,8.0498,1.3113
2014/2/13,7.203,6.5665,5.11,4.48,10.5625,14.0371,7.9937,1.2982
2014/2/14,7.203,6.7748,5.19,4.53,10.5625,14.091,8.1994,1.3007
2014/2/17,7.203,6.8442,5.24,4.34,10.5625,14.2435,8.2368,1.2893
2014/2/18,7.203,6.7748,5.32,4.32,10.5625,14.091,8.1807,1.2656
2014/2/19,7.203,6.8243,5.62,4.55,10.5625,14.1089,8.162,1.2542
2014/2/20,7.203,6.6954,5.5,4.54,10.5625,14.2705,7.9564,1.2436
2014/2/21,7.203,6.5764,5.38,4.47,10.5625,14.1269,7.975,1.2232
2014/2/24,7.203,6.6061,5.24,4.41,10.5625,13.5255,7.8348,1.2183
2014/2/25,7.203,6.4077,4.95,4.4,10.5625,12.9332,7.4702,1.2142
2014/2/26,7.203,6.4772,5.03,4.37,10.5625,13.0947,7.5543,1.2281
2014/2/27,7.203,6.4871,4.94,4.32,10.5625,12.8344,7.4608,1.237
2014/2/28,7.203,6.5367,5.23,4.47,10.5625,12.996,7.5637,1.2452
2014/3/3,7.203,6.616,5.24,4.41,10.5625,13.5704,7.76,1.246
2014/3/4,7.203,6.6557,5.25,4.42,10.5625,13.355,7.9564,1.2256
2014/3/5,7.203,6.6359,5.22,4.34,10.5625,13.355,7.8816,1.224
2014/3/6,7.203,6.6557,5.15,4.39,10.5625,13.1575,7.9283,1.2436
2014/3/7,7.203,6.6061,5.05,4.36,10.5625,12.9152,7.9003,1.2281
2014/3/10,7.203,6.3284,4.86,4.26,10.5625,12.4306,7.6291,1.2036
2014/3/11,7.203,6.3383,4.88,4.22,10.5625,12.5652,7.6011,1.2077
2014/3/12,7.203,6.3681,4.88,4.18,10.5625,12.5652,7.8722,1.193
2014/3/13,7.203,6.4177,4.92,4.24,10.5625,12.6549,7.919,1.2003
2014/3/14,7.203,6.4177,4.95,4.24,9.5036,12.4575,7.919,1.1897
2014/3/17,7.203,6.5169,5.17,4.31,9.124,12.6908,8.1153,1.175
2014/3/18,7.203,6.6061,5.23,4.32,9.3504,12.8255,8.0779,1.1816
2014/3/19,7.203,6.7351,5.22,4.32,9.2039,12.7985,8.0966,1.1718
2014/3/20,7.203,6.616,5,4.21,8.8643,12.5293,7.8068,1.1514
2014/3/21,7.203,6.8541,5.09,4.28,8.9775,12.9062,7.975,1.144
2014/3/24,7.203,6.8045,5.1,4.17,9.0508,12.8524,8.1901,1.1587
2014/3/25,7.203,6.7252,5.17,4.16,9.164,13.1845,8.134,1.1856
2014/3/26,7.203,6.7152,5.18,4.23,9.1706,12.996,8.2368,1.1742
2014/3/27,7.203,6.626,5.03,4.13,9.4104,13.0857,7.9937,1.1742
2014/3/28,7.203,6.4772,5,4.15,9.2039,13.1486,7.8535,1.1718
2014/3/31,7.203,6.6756,5.2,4.1,9.2506,13.0947,7.7039,1.1701
2014/4/1,7.203,6.6756,5.18,4.08,9.2905,13.0229,7.9003,1.1669
2014/4/2,7.203,6.7053,5.17,4.08,9.5502,13.0229,7.9844,1.1669
2014/4/3,7.203,6.7152,5.12,4.02,9.4903,12.9152,7.9844,1.1669
2014/4/4,7.203,6.8243,5.15,4.12,9.5303,13.0229,8.1527,1.1709
2014/4/8,7.203,6.9831,5.17,4.19,9.6302,13.2293,8.1714,1.175
2014/4/9,7.203,6.8938,5.15,4.2,9.5636,13.3999,8.2088,1.1807
2014/4/10,7.203,6.8243,5.15,4.21,9.5835,13.4268,8.134,1.1816
2014/4/11,7.203,6.6954,5.15,4.18,9.6968,13.5345,8.3584,1.1742
2014/4/14,7.203,6.8938,5.21,4.14,9.7634,13.5076,8.4612,1.1669
2014/4/15,7.203,7.0227,5.17,4.18,9.5702,13.3909,8.3771,1.1636
2014/4/16,7.203,7.1616,5.22,4.19,9.5902,13.5165,8.3771,1.1612
2014/4/17,7.203,7.0624,5.4,4.42,9.6834,13.9563,8.6763,1.1669
2014/4/18,7.203,7.1418,5.4,4.42,9.8366,13.723,8.6669,1.1652
2014/4/21,7.203,7.0029,5.4,4.42,9.9565,13.2024,8.4051,1.1587
2014/4/22,7.203,6.9434,5.4,4.42,10.1163,13.3999,8.2275,1.1579
2014/4/23,7.203,6.9235,5.4,4.42,10.1829,13.2563,8.1527,1.1571
2014/4/24,7.203,6.8144,5.4,4.42,9.83,12.9421,8.162,1.1505
2014/4/25,7.203,6.5565,5.25,4.32,10.1963,12.7267,8.0779,1.1375
2014/4/28,7.203,6.3086,5.19,4.27,10.4826,12.5293,7.9096,1.0991
2014/4/29,7.203,6.4276,5.38,4.32,11.2285,12.8344,8.2742,1.1122
2014/4/30,7.203,6.4973,5.41,4.75,11.2618,13.1755,8.4238,1.1424
2014/5/5,7.203,6.5073,5.53,4.72,11.455,13.1755,8.4425,1.1375
2014/5/6,7.203,6.5771,5.52,4.7,11.3684,13.1575,8.6015,1.1334
2014/5/7,7.203,6.3678,5.88,4.87,11.0021,12.9691,8.4612,1.1261
2014/5/8,7.203,6.3977,5.7,4.82,10.9555,13.0139,8.3958,1.1195
2014/5/9,7.203,6.4376,5.86,4.86,10.0231,12.9062,8.1059,1.1171
2014/5/12,7.203,6.5571,5.78,4.82,10.2096,13.1755,8.2649,1.1163
2014/5/13,7.203,6.6169,5.76,4.74,10.0764,13.0139,8.1527,1.1155
2014/5/14,7.203,6.5671,5.52,4.75,10.1696,12.978,8.6015,1.1179
2014/5/15,7.203,6.4077,5.29,4.75,10.0631,12.7537,8.4706,1.1122
2014/5/16,7.203,6.4575,5.34,4.74,9.8699,12.9062,8.3771,1.1073
2014/5/19,7.203,6.4874,5.13,4.72,9.9365,13.2563,8.321,1.0991
2014/5/20,7.203,6.5372,5.18,4.7,10.0564,13.2563,8.3677,1.0885
2014/5/21,7.203,6.5771,5.21,4.72,10.1097,13.2563,8.4986,1.0902
2014/5/22,7.203,6.5372,5.06,4.66,10.0631,13.2473,8.4706,1.0991
2014/5/23,7.203,6.597,5.08,4.66,10.0364,13.6063,8.7324,1.1032
2014/5/26,7.203,6.6169,5.13,4.7,10.1097,13.5973,8.7511,1.1195
2014/5/27,7.203,6.5771,5.26,4.72,9.9898,13.705,8.723,1.1195
2014/5/28,7.203,6.6568,5.22,4.71,9.9898,13.7589,8.9754,1.1212
2014/5/29,7.203,6.5472,5.05,4.7,9.9232,13.8486,8.8819,1.122
2014/5/30,7.203,6.597,5.13,4.62,10.0897,14.3871,8.8445,1.1416
2014/6/3,6.4857,6.5472,5.23,4.64,10.103,14.3871,8.8352,1.1416
2014/6/4,5.8381,6.4376,5.26,4.74,10.1097,14.3871,8.9287,1.1416
2014/6/5,5.34,6.5073,5.27,4.74,10.1097,14.3871,9.125,1.1416
2014/6/6,5.22,6.4575,5.28,4.74,10.1563,14.3871,9.1811,1.1416
2014/6/9,5.06,6.4376,5.37,4.87,10.5093,14.3871,9.0876,1.1416
2014/6/10,5.05,6.4973,5.45,4.87,10.5559,14.3871,9.1718,1.1416
2014/6/11,5.07,6.4973,5.42,5.07,10.4027,14.3871,8.8819,1.1416
2014/6/12,5.06,6.4475,5.4,5.03,10.2429,14.3871,8.7604,1.1416
2014/6/13,5.05,6.5671,5.41,5.07,10.2362,14.3871,8.8819,1.1416
2014/6/16,5.08,6.5771,5.38,5.08,10.1829,14.3243,8.8445,1.1832
2014/6/17,5,6.5571,5.4,4.95,9.9831,14.4679,8.8539,1.224
2014/6/18,4.96,6.4774,5.3,5.05,9.77,14.3243,8.5454,1.215
2014/6/19,4.75,6.3379,5.14,4.96,9.5835,14.0371,8.6108,1.2158
2014/6/20,4.78,6.3778,5.18,4.95,9.6368,14.064,8.6295,1.2207
2014/6/23,4.81,6.4475,5.35,5,9.6368,14.5577,8.6108,1.2232
2014/6/24,4.8,6.4874,5.29,5.02,9.6368,14.6955,8.7884,1.2325
2014/6/25,4.76,6.5073,5.41,5.05,9.81,14.622,8.6763,1.2351
2014/6/26,4.8,6.7066,5.37,5.01,9.83,14.6312,8.7043,1.2444
2014/6/27,4.8,6.8162,5.43,5.04,9.8977,15.0631,8.6576,1.2768
2014/6/30,4.88,6.9856,5.53,5.01,9.9316,15.0815,8.723,1.2649
2014/7/1,4.89,6.9458,5.53,5,10.0061,15.5227,8.8539,1.2768
2014/7/2,5.07,6.9557,5.76,5.01,9.9858,15.7616,8.8352,1.2793
2014/7/3,5.02,6.8461,5.75,5,9.9113,15.6697,9.0222,1.2657
2014/7/4,4.97,6.9956,5.68,4.95,9.6606,15.3572,8.9661,1.2691
2014/7/7,4.9,6.896,5.68,4.96,9.5183,15.0356,8.9941,1.2734
2014/7/8,4.92,6.9258,5.73,4.96,9.498,15.9914,8.8352,1.2904
2014/7/9,4.8,6.7764,5.56,4.96,9.5454,16.2211,8.6202,1.287
2014/7/10,4.77,6.876,5.43,4.94,9.5793,15.8168,8.6389,1.2793
2014/7/11,4.87,6.886,5.47,4.95,9.4845,15.9638,8.6856,1.2802
2014/7/14,5.36,6.9358,5.54,4.94,9.5725,16.12,8.8352,1.2802
2014/7/15,5.36,6.886,5.57,4.96,9.5115,16.4049,8.8632,1.2751
2014/7/16,5.1,6.9458,5.53,4.97,9.3761,15.8719,8.6482,1.2598
2014/7/17,4.96,6.8561,5.47,4.95,9.288,15.8076,8.7237,1.2615
2014/7/18,4.95,6.886,5.49,4.93,9.3761,16.1017,8.3464,1.2785
2014/7/21,4.88,6.896,5.45,4.88,9.3693,16.1752,8.2521,1.2802
2014/7/22,4.92,6.9856,5.51,4.92,9.4099,16.0465,8.2804,1.2734
2014/7/23,4.84,6.9059,5.56,4.91,9.3151,15.7708,8.2804,1.27
2014/7/24,4.86,6.9059,5.59,4.9,9.1593,15.6789,8.1295,1.2725
2014/7/25,4.97,6.9856,5.59,4.85,9.3422,15.5778,8.1578,1.2768
2014/7/28,5.08,7.0753,5.61,4.89,9.5861,16.0006,8.3087,1.2827
2014/7/29,5.07,7.2447,5.67,4.85,9.6064,16.3682,8.3087,1.2896
2014/7/30,5.16,7.3344,5.67,4.89,9.6199,16.3314,8.3464,1.2887
2014/7/31,5.21,7.3145,5.66,4.89,9.7554,16.3498,8.5067,1.3049
2014/8/1,5.11,7.2447,5.57,4.86,9.5861,15.9546,8.7142,1.3134
2014/8/4,5.28,7.2946,5.62,4.83,9.708,16.2579,8.9406,1.3194
2014/8/5,5.32,7.2746,5.67,4.9,9.7351,16.2487,8.9028,1.3347
2014/8/6,5.29,7.3245,5.66,4.88,9.7554,16.0649,8.9406,1.3355
2014/8/7,5.23,7.2746,5.6,4.87,9.7283,16.2671,9.0254,1.3415
2014/8/8,5.24,7.3245,5.73,4.89,9.8435,16.1752,9.0915,1.3457
2014/8/11,5.6,7.4341,5.79,4.96,10.0196,17.2045,8.9689,1.3577
2014/8/12,5.55,7.454,5.84,5.02,10.0061,17.1861,9.4876,1.3849
2014/8/13,5.67,7.4739,5.78,4.99,9.8503,17.5905,9.4876,1.3926
2014/8/14,5.78,7.4241,5.84,5,9.8232,17.278,9.0632,1.396
2014/8/15,5.77,7.464,5.9,4.99,9.9383,17.664,8.95,1.4257
2014/8/18,6.09,7.5636,5.96,5,10.1619,18.2982,8.9594,1.4504
2014/8/19,6.03,7.7231,6.38,5.07,10.128,18.1603,8.9217,1.4581
2014/8/20,6.16,7.7031,6.48,5.13,10.2432,17.9214,9.0726,1.4564
2014/8/21,6.26,7.8227,6.7,5.18,10.2161,17.6824,8.9972,1.4326
2014/8/22,6.16,7.8725,6.71,5.15,10.311,18.2063,8.9689,1.4658
2014/8/25,5.96,7.6633,6.52,5.05,10.2703,18.4636,9.0066,1.4649
2014/8/26,5.83,7.4939,6.36,4.99,9.8706,18.0133,8.6576,1.4479
2014/8/27,5.78,7.5537,6.58,5.11,9.918,17.9765,8.6482,1.4513
2014/8/28,5.74,7.4939,6.45,5.08,10.1551,17.9673,8.5728,1.4479
2014/8/29,5.82,7.6832,6.39,5.07,10.1551,18.5555,8.5445,1.4453
2014/9/1,6.01,7.8825,6.44,5.08,10.3245,19.0334,8.7048,1.5083
2014/9/2,6.12,7.9523,6.63,5.13,10.3245,19.0426,8.818,1.5092
2014/9/3,6.06,8.0021,6.66,5.12,10.3245,19.061,8.9877,1.5151
2014/9/4,6.08,8.1815,6.8,5.18,10.3245,19.1529,9.0254,1.5126
2014/9/5,6.04,8.1715,6.82,5.2,10.3245,19.061,8.9123,1.5262
2014/9/9,6.07,8.1316,6.75,5.2,10.3245,18.8404,8.8463,1.516
2014/9/10,6.19,8.2413,6.86,5.23,10.3245,19.4562,9.1763,1.5194
2014/9/11,6.29,8.2712,7.02,5.37,10.3245,19.0426,9.1292,1.5202
2014/9/12,6.61,8.5502,7.44,5.53,10.3245,19.0885,9.1575,1.51
2014/9/15,6.56,8.6,7.44,5.53,10.3245,19.5756,9.2707,1.5041
2014/9/16,6.13,8.2313,7.08,5.43,10.3245,18.9415,8.9594,1.4845
2014/9/17,6.23,8.4505,7.28,5.5,10.3245,19.1161,9.082,1.4913
2014/9/18,6.22,8.5801,7.2,5.46,10.3245,19.015,9.0443,1.5058
2014/9/19,6.24,8.8192,7.26,5.53,10.3245,19.2724,9.1386,1.5134
2014/9/22,6.29,8.8093,6.98,5.49,10.3245,18.9691,8.9594,1.5168
2014/9/23,6.4,8.8392,7.08,5.53,10.3245,18.9323,9.2424,1.5568
2014/9/24,6.42,8.9986,7.25,5.65,10.3245,19.015,9.2612,1.5943
2014/9/25,6.41,8.879,7.16,5.59,10.3245,18.7117,9.1952,1.5934
2014/9/26,6.34,8.8491,7.21,5.63,10.3245,18.1971,9.2989,1.5688
2014/9/29,6.42,8.9289,7.36,5.69,10.3245,18.4544,9.5064,1.5653
2014/9/30,6.4,9.0584,7.4,5.75,10.3245,18.9323,9.8837,1.5636
2014/10/8,6.39,9.0385,7.39,5.75,10.3245,18.8036,9.9214,1.5747
2014/10/9,6.26,8.899,7.46,5.75,10.3245,18.289,9.8459,1.5339
2014/10/10,6.09,8.7694,7.38,5.61,10.3245,17.9765,9.6196,1.5066
2014/10/13,6.15,8.8591,7.21,5.55,10.3245,17.857,10.1572,1.4819
2014/10/14,6.33,8.9588,7.2,5.51,10.3245,17.9581,9.9874,1.4845
2014/10/15,6.2,8.9289,7.16,5.51,10.3245,18.1144,10.2326,1.4921
2014/10/16,6.05,8.8691,7.04,5.56,10.3245,17.7467,10.11,1.4768
2014/10/17,5.98,8.4804,6.87,5.56,10.3245,18.3166,9.8271,1.4964
2014/10/20,6.1,8.6698,6.99,5.56,10.3245,18.3901,10.0723,1.5219
2014/10/21,6.06,8.5701,7.14,5.58,10.3245,18.3166,10.1477,1.5075
2014/10/22,5.99,8.5601,7.15,5.6,10.3245,18.5279,10.4024,1.5168
2014/10/23,5.81,8.3907,7.3,5.62,10.3245,18.3809,9.912,1.4666
2014/10/24,5.74,8.3907,7.36,5.68,10.3245,18.4636,10.3175,1.4921
2014/10/27,5.77,8.3907,7.48,5.76,10.3245,19.7503,10.5155,1.5356
2014/10/28,5.9,8.6199,7.56,5.77,10.3245,21.2115,10.6476,1.5968
2014/10/29,6.02,8.7694,7.56,5.78,10.3245,21.331,10.8079,1.5917
2014/10/30,6.04,8.8691,7.94,5.81,10.3245,21.0369,10.6947,1.5926
2014/10/31,6.11,9.1182,7.83,5.77,10.3245,20.8164,11.0342,1.573
2014/11/3,6.13,9.5666,7.95,5.78,10.3245,21.2759,11.138,1.5815
2014/11/4,6.04,9.3972,7.74,5.66,10.3245,21.5424,10.9211,1.59
2014/11/5,6.05,9.3374,7.81,5.68,10.3245,21.5332,11.138,1.59
2014/11/6,6.05,9.4172,7.66,5.48,10.3245,22.1765,11.2606,1.6317
2014/11/7,6.1,9.2577,7.58,5.57,10.3245,23.0772,11.2417,1.6377
2014/11/10,6.16,9.467,7.7,5.78,10.3245,23.0772,11.2417,1.6377
2014/11/11,5.92,9.168,7.69,5.84,10.3245,23.0772,10.7702,1.6377
2014/11/12,5.92,9.2876,7.7,5.81,10.3245,23.0772,10.8739,1.6377
2014/11/13,5.81,9.6165,7.76,6,10.3245,23.0772,11.2134,1.6377
2014/11/14,5.8,9.5068,7.48,6.02,10.3245,23.0772,11.3926,1.6377
2014/11/17,5.84,9.4371,7.55,6.03,10.3245,23.0772,11.4021,1.6377
2014/11/18,5.88,9.457,7.63,6.01,10.3245,23.0772,11.4021,1.6377
2014/11/19,5.94,9.4471,7.87,6,10.3245,23.0772,11.6944,1.6377
2014/11/20,6.02,9.4172,7.99,6.01,10.3245,23.0772,11.6284,1.6377
2014/11/21,6.01,9.3972,8.03,6.14,10.3245,23.0772,11.6284,1.6377
2014/11/24,6.03,9.6663,7.97,6.33,10.3245,23.0772,11.9113,1.6377
2014/11/25,6.26,9.6364,8.06,6.52,10.3245,23.0772,11.9679,1.6377
2014/11/26,6.26,10.1347,8.02,6.8,10.3245,23.0772,11.883,1.6377
2014/11/27,6.27,10.1446,7.83,6.61,10.3245,23.0772,11.619,1.6377
2014/11/28,6.21,10.4237,7.83,6.58,10.3245,23.0772,11.6284,1.6377
2014/12/1,6.07,10.1247,7.59,6.26,10.3245,23.0772,11.2889,1.6377
2014/12/2,6.17,10.0749,7.66,6.44,10.3245,23.0772,11.1757,1.6377
2014/12/3,6.25,10.1646,7.71,6.45,10.3245,23.0772,11.0814,1.6377
2014/12/4,6.28,10.0848,7.69,6.42,10.3245,23.0772,11.138,1.6377
2014/12/5,6.03,9.6663,7.23,6.2,10.3245,23.0772,10.6759,1.6377
2014/12/8,5.91,9.6763,7.16,6.14,10.3245,23.0772,10.9211,1.6377
2014/12/9,5.66,9.6862,6.66,5.73,10.3245,23.0772,10.3552,1.6377
2014/12/10,6.17,9.8756,7.14,5.94,10.3245,23.0772,10.6759,1.6377
2014/12/11,6.23,10.8621,7.35,5.89,10.3245,23.0772,10.8173,1.6377
2014/12/12,6.35,10.5931,7.44,5.9,10.3245,23.0772,11.0248,1.6377
2014/12/15,6.35,11.2607,7.46,5.9,10.3245,23.0772,11.1003,1.6377
2014/12/16,6.35,11.0415,7.46,6.02,11.3542,23.0772,11.2795,1.6377
2014/12/17,6.35,10.7126,7.43,6.01,11.6388,23.0772,10.9022,1.6377
2014/12/18,6.35,10.623,7.2,5.87,11.212,23.0772,10.8362,1.6377
2014/12/19,6.35,10.2343,7.28,5.81,10.7784,23.0772,10.6664,1.6377
2014/12/22,6.35,9.7161,6.71,5.58,10.6632,23.0772,9.9403,1.6377
2014/12/23,6.35,9.6862,6.55,5.58,10.9071,23.0772,9.9497,1.6377
2014/12/24,6.35,9.9553,6.78,5.69,10.9816,23.0772,10.11,1.6377
2014/12/25,6.35,10.3439,6.86,5.72,11.1713,23.0772,10.2043,1.6377
2014/12/26,6.35,11.0814,7.16,5.76,11.2933,23.0772,10.2986,1.6377
2014/12/29,6.35,11.181,7.02,5.79,11.4965,23.0772,9.9685,1.6377
2014/12/30,5.72,10.5731,6.92,5.87,11.3204,23.0772,9.7705,1.6377
2014/12/31,5.82,10.5532,6.83,6.05,11.1442,23.0772,9.9025,1.6377
2015/1/5,6.03,10.5233,6.84,5.99,11.4626,23.0772,10.1855,1.6377
2015/1/6,6.05,10.6529,6.99,5.99,11.5033,23.0772,10.7607,1.6377
2015/1/7,6.02,10.9518,6.85,5.97,11.4152,23.0772,10.8456,1.6377
2015/1/8,5.96,10.7724,6.85,5.99,11.1442,23.0772,10.8362,1.6377
2015/1/9,5.86,10.5731,6.82,5.94,11.151,23.0772,10.8079,1.6377
2015/1/12,5.78,10.0749,6.73,5.93,11.3678,23.0772,11.3549,1.6377
2015/1/13,5.9,10.2044,6.85,5.96,11.3949,23.0772,11.9868,1.6377
2015/1/14,5.82,10.1247,6.94,5.97,11.4423,23.0772,11.9585,1.6377
2015/1/15,5.86,10.4436,6.91,5.99,11.4559,23.0772,12.0245,1.6377
2015/1/16,5.9,10.4137,7,6.02,11.4694,23.0772,11.9962,1.6377
2015/1/19,5.66,9.8656,6.75,5.75,10.7378,24.0146,11.6378,1.7075
2015/1/20,5.76,10.1944,7.01,5.87,10.9139,24.4558,12.0811,1.7313
2015/1/21,5.87,10.3439,7.08,5.99,11.1646,24.7223,12.232,1.7271
2015/1/22,5.94,10.5432,7.17,6,11.1917,25.8895,11.9962,1.7705
2015/1/23,6.13,10.7126,7.25,6.01,11.4491,25.4759,11.7038,1.7449
2015/1/26,6.19,10.7425,7.6,6.38,11.9978,26.6155,12.6092,1.7577
2015/1/27,6.25,10.6529,7.71,6.64,12.1875,25.577,12.3074,1.7713
2015/1/28,6.15,10.7625,7.51,6.45,11.9843,25.1175,12.2508,1.7662
2015/1/29,6.17,10.9418,7.75,6.48,11.7675,24.8418,12.1848,1.7475
2015/1/30,6.35,10.5632,7.9,6.48,11.8285,23.9135,12.1848,1.7407
2015/2/2,6.1,10.4635,7.54,6.35,11.3881,24.1984,11.883,1.739
2015/2/3,6.23,10.5532,7.6,6.43,11.4355,24.1617,11.8736,1.7356
2015/2/4,6.16,10.6529,7.63,6.45,11.2323,23.2151,11.8359,1.7109
2015/2/5,6.12,10.9319,7.53,6.49,11.0629,22.8199,11.685,1.7135
2015/2/6,6.01,10.8621,7.4,6.36,10.9274,22.1673,11.4492,1.6828
2015/2/9,6.01,10.4934,7.51,6.41,11.0697,22.2501,11.5907,1.6871
2015/2/10,6.09,10.4535,7.71,6.47,11.09,22.4155,11.7416,1.7118
2015/2/11,6.7,10.8821,7.65,6.42,11.1104,22.3236,11.751,1.7398
2015/2/12,6.71,10.8522,7.69,6.31,11.2933,23.4448,11.8547,1.7918
2015/2/13,7.08,11.4899,7.77,6.47,11.4152,23.4264,11.9491,1.7798
2015/2/16,7.06,11.5198,8.08,6.48,11.4694,24.2811,12.3546,1.785
2015/2/17,7.13,11.5597,8.03,6.64,11.4626,25.43,12.3169,1.8233
2015/2/25,7.26,11.191,7.97,6.68,11.2594,24.9612,12.2131,1.8096
2015/2/26,7.2,11.5099,7.89,6.61,11.4423,24.6488,13.4391,1.796
2015/2/27,7.16,11.4999,7.87,6.62,11.5778,24.6304,13.6655,1.796
2015/3/2,7.67,12.0878,8.15,6.67,11.6117,24.5569,13.7692,1.813
2015/3/3,7.61,13.1242,8,6.65,11.5439,23.6654,13.6372,1.7807
2015/3/4,7.85,13.3235,8.14,6.63,11.7946,24.2628,13.6372,1.8028
2015/3/5,8.01,13.4431,8.48,6.76,11.903,23.7113,13.7598,1.7909
2015/3/6,7.85,12.8552,8.46,6.75,11.6862,24.1709,13.6372,1.8011
2015/3/9,7.89,12.8651,8.39,6.76,12.1333,23.8952,13.9673,1.796
2015/3/10,7.88,12.9349,8.48,6.75,12.1198,24.226,14.3351,1.8088
2015/3/11,7.68,12.7555,8.45,6.81,11.9233,24.0606,14.4766,1.8003
2015/3/12,7.57,13.1442,8.43,6.76,12.1672,24.5569,14.4294,1.8071
2015/3/13,7.86,13.1043,8.69,6.86,12.3095,24.7591,14.3917,1.8045
2015/3/16,8.1,13.2339,9.03,7,12.6685,25.1818,14.7406,1.8241
2015/3/17,8.12,13.3136,9.02,7.02,12.6685,25.623,15.0896,1.8122
2015/3/18,8.15,13.8118,9.18,6.96,12.6685,25.6321,15.3536,1.8045
2015/3/19,8.16,13.6823,9.58,6.99,12.6685,24.8142,15.3631,1.7722
2015/3/20,8.17,13.6823,9.99,7.15,12.6685,24.7958,15.5988,1.7858
2015/3/23,8.46,14.1108,10.4,7.17,12.6685,25.0164,16.0327,1.8045
2015/3/24,8.26,13.7022,10.26,6.99,12.6685,25.4483,15.7875,1.7875
2015/3/25,8.23,13.4332,10.26,7.22,12.6685,24.9061,16.0138,1.7739
2015/3/26,8.13,13.5228,9.92,7.29,12.6685,24.7499,15.5045,1.7705
2015/3/27,8.3,13.5228,10.01,7.26,12.6685,25.0256,15.7592,1.7781
2015/3/30,8.28,14.0012,9.92,7.21,12.6685,26.3122,16.5136,1.7679
2015/3/31,8.15,14.3201,10.02,7.15,12.6685,26.4317,17.4567,1.7705
2015/4/1,8.25,14.5991,10.16,7.18,12.6685,27.268,18.2301,1.7986
2015/4/2,9.08,14.5293,10.63,7.26,12.6685,27.1669,18.2772,1.802
2015/4/3,9.78,14.5493,11.06,7.69,12.6685,27.4243,18.579,1.8071
2015/4/7,9.91,14.4596,10.89,7.75,12.6685,27.4978,18.9091,1.8054
2015/4/8,9.7,13.9015,10.56,7.48,12.6685,26.4409,17.9472,1.8071
2015/4/9,9.39,13.6524,10.55,7.42,12.6685,25.577,17.2681,1.8386
2015/4/10,10.02,13.8517,10.86,8.16,12.6685,26.156,17.6171,2.0224
2015/4/13,10.08,14.1507,10.86,8.85,12.6685,26.6431,17.9,2.225
2015/4/14,10.13,13.8816,10.62,7.97,12.6685,28.5363,19.6919,2.4216
2015/4/15,10,14.898,10.14,7.77,12.6685,26.6707,18.3338,2.5417
2015/4/16,9.93,14.5493,10.07,7.72,12.6685,26.6707,19.2392,2.6574
2015/4/17,9.99,14.8084,10.13,7.6,12.6685,27.3232,21.0405,2.6821
2015/4/20,9.28,14.9877,9.91,7.14,12.6685,27.5805,22.8513,2.6676
2015/4/21,9.49,15.5956,10.23,7.29,12.6685,28.6007,23.4454,2.6787
2015/4/22,9.6,15.8547,10.55,7.45,12.6685,28.858,23.1342,2.6991
2015/4/23,9.5,15.4162,11.57,7.75,12.6685,29.97,23.634,2.6923
2015/4/24,10.45,15.1771,12.73,7.9,12.6685,31.4313,23.0022,2.6472
2015/4/27,10.45,15.2568,12.42,7.66,12.6685,31.4221,22.3986,2.6481
2015/4/28,9.88,14.5493,13.42,7.76,12.6685,30.3836,21.7007,2.54
2015/4/29,9.96,14.898,12.26,7.45,12.6685,32.1574,22.1156,2.6464
2015/4/30,10.02,14.7486,11.53,7.36,12.6685,31.3486,22.1628,2.7519
2015/5/4,9.99,15.197,11.42,7.48,12.6685,30.5858,23.2851,2.7902
2015/5/5,10.38,14.1008,10.9,7.34,12.6685,29.0418,21.993,2.7391
2015/5/6,10,13.5527,10.39,7.26,12.6685,28.4628,20.7482,2.7213
2015/5/7,9.3,13.5727,9.95,7.28,12.6685,28.4812,19.8522,2.6574
2015/5/8,9.54,14.1307,10.28,7.5,12.6685,29.198,21.7007,2.6923
2015/5/11,10.09,15.2568,11.05,7.85,12.6685,30.402,22.0591,2.8013
2015/5/12,11.1,15.4063,11.17,7.86,12.6685,33.444,21.8327,3.0124
2015/5/13,11.6,16.9409,11.1,7.87,12.6685,34.2068,21.314,3.0064
2015/5/14,11.61,16.0839,11.39,8.08,12.6685,33.3337,22.3514,2.9647
2015/5/15,12.41,15.6953,11.57,8.16,12.6685,34.023,23.021,3.2609
2015/5/18,12.68,15.7052,12.07,8.35,12.6685,33.6186,23.4266,3.375
2015/5/19,12.6,16.064,12.16,8.2,12.6685,33.7933,23.7189,3.4141
2015/5/20,12.93,16.6918,12.69,8.28,12.6685,34.1241,24.4828,3.4431
2015/5/21,13,16.6918,12.99,8.32,12.6685,35.034,24.53,3.4363
2015/5/22,13.25,17.2997,12.8,7.99,12.6685,35.7233,23.9736,3.4209
2015/5/25,14.18,17.4691,12.98,8.06,12.6685,36.7526,24.0584,3.4133
2015/5/26,14.12,17.9972,13.49,8.22,12.6685,37.2764,24.4168,3.4133
2015/5/27,14.27,18.3261,13.12,8.02,12.6685,36.4493,25.69,3.352
2015/5/28,12.84,18.5553,11.9,7.81,12.6685,33.0856,23.436,3.1503
2015/5/29,12.85,20.3092,12.05,7.89,12.6685,33.4073,23.5492,2.9681
2015/6/1,13.15,21.3854,12.5,8.1,12.6685,34.6388,24.9732,3.1664
2015/6/2,14.46,22.1029,13.49,8.32,12.6685,35.953,27.3593,3.2873
2015/6/3,15.91,21.5748,14.1,8.45,12.6685,36.2931,30.0943,3.2831
2015/6/4,16.69,21.216,13.61,8.36,12.6685,35.1443,28.9814,3.3077
2015/6/5,17,23.0895,14.97,8.53,12.6685,34.6663,29.3209,3.2567
2015/6/8,16.2,24.6042,15.23,8.3,12.6685,35.1626,28.972,3.1409
2015/6/9,15.6,23.8668,15.87,8.33,12.6685,36.0265,28.2552,3.0941
2015/6/10,15.97,24.9629,15.64,8.07,12.6685,37.2305,29.236,3.1818
2015/6/11,17.21,25.1523,15.61,8.01,12.6685,37.3775,31.3014,3.1613
2015/6/12,17.04,24.4647,16.86,8.26,12.6685,36.6239,33.9421,3.2099
2015/6/15,16.37,23.6675,16.71,8.04,12.6685,34.9972,32.1691,3.1026
2015/6/16,15.4,22.073,15.97,7.85,12.6685,34.6204,29.6887,2.9468
2015/6/17,15.99,22.9998,16.83,8.15,12.6685,34.4825,31.5183,2.8932
2015/6/18,15.58,21.7242,16.84,8.25,12.6685,32.5985,30.0471,2.8149
2015/6/19,14.02,19.6415,15.54,7.92,12.6685,30.5307,29.1512,2.7749
2015/6/23,13.83,18.8144,14.59,7.71,12.6685,31.1005,30.0094,2.7289
2015/6/24,13.79,19.1831,15.25,7.74,12.6685,31.6978,30.1603,2.6676
2015/6/25,13.04,19.2329,14.9,7.54,12.6685,29.5565,27.8497,2.5212
2015/6/26,11.74,17.3096,13.41,7.33,12.6685,26.5971,25.0675,2.2693
2015/6/29,10.57,15.5757,12.07,7.46,12.6685,24.8969,22.5589,2.1986
2015/6/30,11.04,16.1935,12.22,7.58,12.6685,27.3875,21.3234,2.4182
2015/7/1,10.07,14.6091,11,7.15,12.6685,27.9389,19.192,2.4634
2015/7/2,9.06,13.1442,9.9,6.52,12.6685,28.1136,17.2776,2.4642
2015/7/3,8.15,11.8288,8.91,5.98,12.6685,28.858,16.1647,2.4651
2015/7/6,7.34,10.6429,8.02,5.9,12.6685,29.4094,14.552,2.4029
2015/7/7,6.61,9.5766,7.22,5.31,12.6685,26.4777,13.0996,2.1629
2015/7/8,5.95,9.5766,6.5,4.78,12.6685,26.4777,13.0996,2.1629
2015/7/9,6.55,9.5766,7.15,5.26,12.6685,26.4777,14.4105,2.1629
2015/7/10,7.21,9.5766,7.87,5.79,12.6685,26.4777,15.8535,2.1629
2015/7/13,7.93,9.5766,8.66,6.15,12.6685,26.4777,17.4379,2.1629
2015/7/14,8.72,9.5766,9.23,5.88,12.6685,26.4777,16.0232,2.1629
2015/7/15,7.85,9.5766,9.19,5.29,12.6685,26.4777,14.42,2.1629
2015/7/16,7.84,10.5333,10.11,5.53,12.6685,26.4777,13.6655,2.1629
2015/7/17,8.31,11.5896,10.38,5.65,12.6685,26.4777,14.6275,2.1629
2015/7/20,8.42,12.7456,10.78,5.76,12.6685,26.4777,15.1556,2.1629
2015/7/21,8.66,13.9414,10.69,5.73,12.6685,26.4777,16.2496,2.1629
2015/7/22,8.68,13.6624,11.3,5.9,12.6685,26.4777,16.0232,2.1629
2015/7/23,9.23,14.2304,11.32,5.89,12.6685,26.4777,16.872,2.1629
2015/7/24,8.95,14.4895,10.94,5.71,12.6685,26.4777,18.564,2.1629
2015/7/27,8.06,13.473,9.85,5.14,12.6685,26.4777,17.7605,2.1629
2015/7/28,7.57,12.5462,9.15,5.19,12.6685,26.4777,18.0063,2.1629
2015/7/29,8.07,13.752,10.01,5.33,12.6685,26.4777,18.5829,2.1629
2015/7/30,7.8,14.1706,10.05,5.33,12.6685,26.4777,18.063,2.1629
2015/7/31,7.57,13.1143,10.18,5.66,12.6685,26.4777,17.9212,2.1629
2015/8/3,6.86,11.7989,9.81,5.45,12.6685,26.4777,16.1253,2.1629
2015/8/4,7.41,12.7655,10.79,5.73,12.6685,26.4777,17.2879,2.1629
2015/8/5,7.43,12.4067,11.21,5.73,12.6685,26.4777,17.0516,2.1629
2015/8/6,7.44,12.2473,12.33,5.99,12.6685,26.4777,17.0894,2.1629
2015/8/7,7.74,12.9349,12.78,6,12.6685,26.4777,17.3446,2.1629
2015/8/10,8.51,13.9314,13.19,6.2,12.6685,26.4777,18.2804,2.1629
2015/8/11,8.9,15.3266,12.87,6.16,12.6685,26.4777,18.9893,2.1629
2015/8/12,8.33,15.4461,12.96,6.01,12.6685,26.4777,18.7152,2.1629
2015/8/13,8.77,15.6953,12.94,6.05,12.6685,26.4777,18.857,2.1629
2015/8/14,8.93,15.4063,13.2,6.5,12.6685,26.4777,19.2067,2.1629
2015/8/17,9.8,15.4162,13.13,6.36,12.6685,26.4777,19.8872,2.1629
2015/8/18,8.82,13.8716,11.82,5.87,12.6685,26.4777,18.7814,2.1629
2015/8/19,9.01,13.8517,12.3,6.05,12.6685,26.4777,18.9515,2.1629
2015/8/20,8.69,13.2538,12.15,6.03,12.6685,26.4777,18.9893,2.1629
2015/8/21,7.98,12.8851,11.35,5.75,12.6685,26.4777,18.4033,2.1629
2015/8/24,7.18,11.5995,10.22,5.18,12.6685,26.4777,16.5601,2.1629
2015/8/25,6.46,10.4436,9.2,4.66,12.6685,26.4777,14.906,2.1629
2015/8/26,6,10.334,8.28,4.6,12.6685,26.4777,13.4126,2.1629
2015/8/27,6.36,11.171,8.54,4.78,12.6685,26.4777,12.1743,2.1629
2015/8/28,7,11.8387,9.22,5.1,12.6685,26.4777,13.318,2.1629
2015/8/31,7.03,11.6294,10.14,5.29,12.6685,26.4777,11.9853,2.1629
2015/9/1,6.33,10.6529,10.89,5.1,12.6685,26.4777,10.7849,2.1629
2015/9/2,5.88,9.9652,10.88,5.08,12.6685,26.4777,9.7073,2.1629
2015/9/7,6.17,10.2542,10.7,5.05,12.6685,26.4777,10.0003,2.1629
2015/9/8,6.65,11.2807,10.45,5.15,12.6685,26.4777,10.5769,2.1629
2015/9/9,6.96,11.8188,11.37,5.41,12.6685,26.4777,11.248,2.1629
2015/9/10,6.7,11.3006,10.57,5.23,12.6685,26.4777,10.8132,2.1629
2015/9/11,6.77,11.6294,10.65,5.37,12.6685,26.4777,11.1535,2.1629
2015/9/14,6.1,10.4635,9.6,5.08,12.6685,26.4777,10.0381,2.1629
2015/9/15,6.07,9.6165,8.64,4.96,12.6685,26.4777,9.5844,2.1629
2015/9/16,6.67,10.5632,9.3,5.21,12.6685,26.4777,10.5297,2.1629
2015/9/17,6.8,10.3639,9.2,5.27,12.6685,26.4777,10.0476,2.1629
2015/9/18,6.88,10.8821,9.65,5.35,12.6685,26.4777,10.1327,2.1629
2015/9/21,7.22,11.7391,9.81,5.37,12.6685,26.4777,10.6998,2.1629
2015/9/22,7.11,11.3903,9.6,5.35,12.6685,26.4777,10.8321,2.1629
2015/9/23,6.96,11.48,9.35,5.3,12.6685,26.4777,10.5486,2.1629
2015/9/24,7.2,11.46,9.34,5.24,12.6685,26.4777,10.8699,2.1629
2015/9/25,7,10.7226,9.1,5.2,12.6685,26.4777,10.2839,2.1629
2015/9/28,7.11,11.2308,9.31,5.3,12.6685,26.4777,10.5486,2.1629
2015/9/29,7.11,10.6927,9.15,5.28,12.6685,26.4777,10.3879,2.1629
2015/9/30,7.2,10.6429,9.39,5.4,12.6685,26.4777,10.6431,2.1629
2015/10/8,7.54,10.9817,9.8,5.56,12.6685,26.4777,11.3803,2.1629
2015/10/9,7.48,11.0515,9.79,5.52,12.6685,26.4777,11.3236,2.1629
2015/10/12,7.86,11.7989,10.49,5.75,12.6685,26.4777,11.8908,2.1629
2015/10/13,7.83,12.1277,10.8,5.85,12.6685,26.4777,12.2783,2.1629
2015/10/14,7.51,11.6593,11.35,5.82,12.6685,26.4777,12.1743,2.1629
2015/10/15,7.78,12.0779,11.58,5.88,12.6685,26.4777,12.5808,2.1629
2015/10/16,7.85,12.2174,11.95,6.02,12.6685,26.4777,12.628,2.1629
2015/10/19,8.03,12.5363,11.77,6.29,12.6685,29.1245,13.2897,2.3795
2015/10/20,8.07,12.4167,11.82,6.48,12.6685,32.0416,13.318,2.6171
2015/10/21,7.47,11.8387,11.15,6.18,12.6685,35.2476,12.2027,2.7901
2015/10/22,7.66,12.0779,12.27,6.49,12.6685,35.2476,13.422,2.7901
2015/10/23,7.88,12.606,12.42,6.49,12.6685,35.2476,14.32,2.7901
2015/10/26,7.97,12.4665,12.66,6.36,12.6685,35.2476,13.8001,2.7901
2015/10/27,7.8,12.3071,12.93,6.35,12.6685,35.2476,13.8379,2.7901
2015/10/28,8.41,12.1875,13.08,6.25,12.6685,35.2476,13.0061,2.7901
2015/10/29,8.85,12.317,13.7,6.36,12.6685,35.2476,13.129,2.7901
2015/10/30,8.89,13.1541,13.5,6.26,12.6685,35.2476,13.129,2.7901
2015/11/2,8.78,12.4566,13.01,6.22,12.6685,38.7705,12.3634,2.7045
2015/11/3,8.46,12.5064,13.1,6.24,12.6685,38.0902,12.2027,2.5769
2015/11/4,8.92,13.0545,14.02,6.4,12.6685,41.902,12.9399,2.7805
2015/11/5,8.78,12.9349,14.19,6.46,12.6685,44.5116,13.6299,2.7962
2015/11/6,8.99,13.1641,15.25,6.74,12.6685,44.1108,14.3578,2.7953
2015/11/9,9.09,13.6026,14.79,6.93,12.6685,44.0176,15.7945,2.7901
2015/11/10,9.17,13.5727,14.5,6.94,12.6685,42.8619,15.8417,2.7543
2015/11/11,9.16,14.9279,14.69,6.91,12.6685,43.5143,16.0213,2.7709
2015/11/12,9.56,15.0475,14.24,6.86,12.6685,43.9337,15.2274,2.7595
2015/11/13,9.25,14.4596,14,6.83,12.6685,48.3234,14.7358,2.8661
2015/11/16,9.1,14.7984,13.93,6.91,12.6685,47.8574,15.2085,2.8189
2015/11/17,8.97,14.35,14.26,6.93,12.6685,51.8276,14.8587,2.8547
2015/11/18,9,13.8019,14.3,6.9,12.6685,50.2339,14.5184,2.8006
2015/11/19,9.12,14.2204,14.44,6.99,12.6685,50.7465,15.1517,2.818
2015/11/20,9.05,14.4994,14.34,6.96,12.6685,49.4324,15.0194,2.8259
2015/11/23,9.28,14.0909,14.93,6.97,12.6685,48.4445,15.0761,2.8346
2015/11/24,10.05,14.8183,14.78,6.93,12.6685,48.9198,15.2463,2.8233
2015/11/25,10.1,15.486,15.18,7,12.6685,49.74,15.4826,2.8215
2015/11/26,10.7,15.207,14.91,6.99,12.6685,51.1566,15.4826,2.8818
2015/11/27,9.63,14.051,13.72,6.83,12.6685,48.5284,13.9324,2.7796
2015/11/30,9.41,13.7421,13.74,6.76,12.6685,46.4967,15.2274,2.8853
2015/12/1,9.39,13.762,14.12,6.85,12.6685,47.3168,15.5393,2.9299
2015/12/2,9.18,13.5826,14.12,6.83,12.6685,46.9254,15.6811,2.9386
2015/12/3,9.41,13.8517,15.4,7.05,12.6685,47.8481,16.3616,2.9596
2015/12/4,9.28,14.0311,15.62,6.99,12.6685,47.4846,16.5128,2.9202
2015/12/7,9.38,14.34,15.8,6.95,12.6685,47.6989,16.2671,2.9063
2015/12/8,8.98,14.0211,15.81,6.92,12.6685,45.4995,14.9249,2.8399
2015/12/9,8.74,14.2902,16.45,7.05,12.6685,43.9058,14.5468,2.8268
2015/12/10,8.82,14.0709,17.23,7.32,12.6685,46.3755,14.4334,2.8984
2015/12/11,9.2,13.6424,16.73,7.34,12.6685,44.7352,14.1215,2.8687
2015/12/14,9.3,13.9414,16.36,7.32,12.6685,44.7259,14.4617,2.894
2015/12/15,9.54,14.3998,17.34,7.53,12.6685,44.9869,14.5752,2.9089
2015/12/16,9.53,14.2603,17.28,7.5,12.6685,44.8657,14.4806,2.9351
2015/12/17,9.71,14.6489,17.51,7.52,12.6685,46.8415,14.9911,2.9849
2015/12/18,10.03,14.5493,18.09,7.49,12.6685,46.5153,15.1234,3.0163
2015/12/21,10.28,15.1472,18.09,7.5,12.6685,46.0866,15.0478,3.0827
2015/12/22,10.11,14.9379,17.96,7.49,12.6685,46.3289,15.2085,3.1474
2015/12/23,9.85,15.197,17.91,7.71,12.6685,45.9002,14.7264,3.1666
2015/12/24,9.89,14.8283,17.57,7.62,12.6685,45.7511,14.6224,3.1229
2015/12/25,10.3,15.2568,17.53,7.63,13.9388,45.5927,14.5563,3.1788
2015/12/28,9.96,15.0475,16.7,6.88,15.332,46.7017,14.2538,2.9718
2015/12/29,9.79,15.3266,16.94,7.18,16.8686,46.4967,14.509,3.0277
2015/12/30,9.88,15.6753,17.01,7.46,18.5555,47.4566,14.8871,3.1203
2015/12/31,10.25,15.6753,17.17,7.46,20.413,47.8294,14.5752,3.1404
2016/1/4,9.24,14.1108,15.46,6.89,22.455,44.0083,13.129,2.991
2016/1/5,8.7,13.7221,14.99,6.89,21.7448,45.0521,13.0817,3.0058
2016/1/6,9.07,14.0709,16.19,7.06,20.9799,44.7445,13.2424,3.0338
2016/1/7,8.16,12.6658,14.6,6.6,18.8833,40.3456,11.9191,2.7875
2016/1/8,8.43,12.5363,15.33,6.83,17.5925,38.7985,11.9664,2.8556
2016/1/11,7.61,11.2807,14.05,6.25,16.9642,34.9214,11.0023,2.57
2016/1/12,7.82,11.3006,13.79,6.3,17.1827,34.3902,11.144,2.6468
2016/1/13,7.3,10.7525,12.5,6.1,16.3154,35.0799,10.8321,2.7202
2016/1/14,7.64,11.1312,13,6.3,16.6364,35.5552,11.1251,2.8093
2016/1/15,7.09,10.6429,12,6.05,17.0052,33.4582,10.6809,2.7945
2016/1/18,7.2,10.892,12.21,6.13,17.1145,34.1293,10.9645,2.8041
2016/1/19,7.6,11.3205,13.01,6.4,17.2374,36.0585,11.3425,2.901
2016/1/20,7.36,11.3405,13.08,6.3,16.6227,35.201,11.248,2.8556
2016/1/21,6.98,10.8522,12.7,6,14.9632,32.9363,11.0117,2.6503
2016/1/22,7.09,11.0614,13,6.13,14.8744,33.4769,11.2386,2.6826
2016/1/25,7.16,11.7291,13.8,6.35,15.2705,34.297,11.8719,2.7193
2016/1/26,6.63,10.7924,12.51,6.03,15.7622,30.8673,10.6998,2.6093
2016/1/27,6.65,10.8522,11.8,6.07,15.3525,30.4479,10.4824,2.6232
2016/1/28,6.46,10.8422,12.08,6,14.3964,29.5159,9.8775,2.5848
2016/1/29,6.68,11.3305,13.29,6.21,15.2432,30.597,10.2461,2.6529
2016/2/1,6.5,11.1611,12.79,5.93,14.772,31.1655,10.0003,2.6197
2016/2/2,6.68,11.5796,13.36,6.09,16.2471,32.6194,10.4162,2.6538
2016/2/3,6.74,11.6593,13.79,6.14,15.9739,32.433,10.4446,2.6285
2016/2/4,6.98,11.8985,14.35,6.19,16.2061,33.393,10.766,2.6765
2016/2/5,6.89,11.6494,14.3,6.23,15.8237,34.6978,10.6242,2.7246
2016/2/15,6.83,11.7291,14.12,6.12,15.3388,34.8655,10.4446,2.6556
2016/2/16,7.13,12.3569,14.83,6.28,16.0832,35.7975,10.8699,2.6905
2016/2/17,7.26,12.2672,14.9,6.35,16.5544,35.8255,11.2197,2.6949
2016/2/18,7.37,12.2074,14.93,6.36,16.4179,35.0985,11.0779,2.6957
2016/2/19,7.48,12.1975,14.94,6.32,16.131,34.735,11.3331,2.6818
2016/2/22,7.56,12.5562,15.7,6.46,16.1993,35.3129,11.7962,2.7097
2016/2/23,7.35,12.8751,15.42,6.41,15.5164,35.3874,11.4843,2.7027
2016/2/24,7.55,12.8851,15.72,6.47,15.3934,37.6615,11.7584,2.7219
2016/2/25,6.8,11.5995,14.15,6.17,13.8568,33.9615,10.5864,2.5874
2016/2/26,6.89,11.3205,14.25,6.36,13.3856,34.8003,10.454,2.6093
2016/2/29,6.51,10.2742,13.06,6.48,12.4227,31.324,9.8869,2.5009
2016/3/1,7.04,10.7425,12.9,6.42,12.8461,30.9698,10.161,2.5298
2016/3/2,7.31,11.2906,13.91,6.59,13.6451,32.7872,10.851,2.6058
2016/3/3,7.28,11.3006,13.96,6.6,13.6793,34.6418,10.9172,2.6066
2016/3/4,7.1,10.9319,13.5,6.55,12.9075,33.2811,10.3973,2.5175
2016/3/7,7.3,11.2209,14.48,6.84,13.2149,34.0267,10.5958,2.5376
2016/3/8,7.39,11.9284,15,6.93,13.1056,34.4834,10.5864,2.5376
2016/3/9,7.17,11.4102,15.07,6.84,13.3856,34.0361,10.5013,2.5175
2016/3/10,7.11,11.4002,14.63,6.77,12.8802,33.6912,10.2083,2.5044
2016/3/11,7.06,11.6494,14.55,6.77,13.1671,33.5514,10.1988,2.494
2016/3/14,7.28,11.8387,14.77,6.82,13.5905,34.8842,10.6053,2.5341
2016/3/15,7.26,11.5298,14.7,6.85,13.6041,35.6111,10.662,2.5472
2016/3/16,7.19,11.5298,14.77,6.73,13.1193,35.0985,10.5108,2.5158
2016/3/17,7.3,11.8288,15.05,6.78,13.57,36.6083,10.8416,2.5542
2016/3/18,7.56,12.1576,15.5,6.98,14.212,37.7267,11.3425,2.6206
2016/3/21,7.75,12.2573,15.46,7.09,14.7037,40.0753,11.5883,2.7071
2016/3/22,7.64,12.2473,15.95,7.19,14.5193,41.0819,11.6828,2.7036
2016/3/23,7.78,12.2074,16.31,7.34,14.4647,40.9887,11.6734,2.7045
2016/3/24,7.48,12.058,16.57,7.25,14.369,40.1965,11.3614,2.6853
2016/3/25,7.49,12.1975,17.44,7.31,14.9427,44.1481,11.4843,2.742
2016/3/28,7.41,12.317,17.8,7.34,14.7651,41.2776,11.6261,2.7123
2016/3/29,7.43,11.9284,16.7,7.16,14.3281,37.969,11.2669,2.6529
2016/3/30,7.6,12.2573,17.21,7.35,14.7447,38.9476,11.6166,2.6896
2016/3/31,7.77,12.2074,17.13,7.31,15.0383,38.202,11.7679,2.6704
2016/4/1,7.8,12.3569,16.55,7.29,15.0383,38.1461,11.5977,2.6634
2016/4/5,7.93,12.6559,16.72,7.2,15.0383,38.5562,11.9191,2.6757
2016/4/6,7.99,12.9847,16.49,7.16,15.0383,38.4816,11.938,2.6503
2016/4/7,7.75,12.7256,16.43,7.15,15.0383,37.0091,11.9286,2.6302
2016/4/8,7.88,12.8053,16.26,7.16,15.0383,37.3539,11.7395,2.6206
2016/4/11,8,12.8053,16.9,7.24,15.1339,37.6615,12.0136,2.6477
2016/4/12,7.9,12.8053,16.98,7.25,14.2803,37.2141,12.8832,2.6477
2016/4/13,8.06,12.8053,17.86,7.44,14.3212,37.4285,12.7604,2.6739
2016/4/14,8.05,12.8053,17.88,7.44,14.5603,38.0715,12.8549,2.6826
2016/4/15,7.94,12.8053,17.75,7.42,14.3895,38.4071,12.7604,2.6835
2016/4/18,7.95,12.8053,17.74,7.41,14.0481,37.4937,12.3067,2.666
2016/4/19,7.84,12.8053,17.45,7.4,14.089,37.7733,12.4012,2.666
2016/4/20,7.5,12.8053,16.22,7.27,13.1261,35.1544,11.6828,2.6101
2016/4/21,7.39,12.8053,16.12,7.26,12.8802,35.1358,11.7206,2.5874
2016/4/22,7.35,12.8053,16.53,7.27,13.01,35.1917,11.9097,2.604
2016/4/25,7.29,12.8053,16.58,7.2,13.2149,36.3753,11.7773,2.6189
2016/4/26,7.4,12.8053,16.4,7.25,13.2968,36.2728,11.9097,2.6101
2016/4/27,7.41,12.8053,16.24,7.27,13.3446,36.571,11.9569,2.6101
2016/4/28,7.28,12.8053,15.95,7.06,13.2217,37.2794,12.231,2.6433
2016/4/29,7.3,12.8053,16.05,7.22,13.1944,37.5776,12.1082,2.6486
2016/5/3,7.48,12.8053,16.33,7.22,13.6929,38.1647,12.5146,2.6678
2016/5/4,7.48,12.8053,16.34,7.13,13.6724,39.162,12.5713,2.6739
2016/5/5,7.53,12.8053,16.2,7.14,13.6998,39.2458,12.6658,2.673
2016/5/6,7.15,12.8053,14.8,6.92,13.0305,38.0014,12.1932,2.6533
2016/5/9,6.73,12.8053,13.32,6.27,13.0988,37.5961,11.4465,2.5853
2016/5/10,6.71,12.8053,12.7,6.2,13.01,36.0311,11.645,2.5701
2016/5/11,6.64,12.8053,12.75,6.2,13.0168,35.5786,11.6545,2.5629
2016/5/12,6.57,12.8053,12.31,6.07,13.01,36.1254,11.6734,2.5584
2016/5/13,6.54,12.8053,12.13,6.15,13.3515,36.116,11.6356,2.5638
2016/5/16,6.65,12.8053,12.6,6.26,13.7202,36.4931,11.8151,2.5647
2016/5/17,6.55,12.8053,13.42,6.47,13.5563,35.8897,11.749,2.5755
2016/5/18,6.29,12.8053,12.47,6.16,13.0988,34.6925,11.5127,2.4976
2016/5/19,6.28,12.8053,12.48,6.19,13.5973,34.8716,11.5221,2.409
2016/5/20,6.36,12.8053,12.44,6.17,13.5427,35.1638,11.5599,2.3964
2016/5/23,6.35,12.8053,12.86,6.14,13.7339,35.3807,11.6923,2.4036
2016/5/24,6.25,12.8053,12.66,6.22,13.4334,34.2117,11.5883,2.3803
2016/5/25,6.34,12.8053,12.62,6.23,13.29,33.9477,11.5883,2.3722
2016/5/26,6.24,12.8053,12.52,6.25,13.3037,33.58,11.6166,2.3257
2016/5/27,6.23,12.8053,12.73,6.36,13.4061,33.8252,11.6166,2.3481
2016/5/30,6.1,12.8053,12.56,6.36,13.1944,33.4009,11.7584,2.323
2016/5/31,6.35,12.8053,13.22,6.49,13.6724,34.815,12.1176,2.4385
2016/6/1,6.35,12.8053,13.26,6.64,13.8295,35.1827,12.0325,2.4403
2016/6/2,6.43,12.8053,13.26,6.71,13.7954,35.211,11.9947,2.4403
2016/6/3,6.49,12.8053,13.25,6.73,13.8978,35.2015,12.0609,2.4448
2016/6/6,6.47,12.8053,13.5,6.77,13.891,36.182,12.0136,2.4958
2016/6/7,6.45,12.8053,14.11,6.92,13.7681,35.4372,12.0987,2.4868
2016/6/8,6.45,12.8053,14.18,6.87,13.7885,36.1254,11.9569,2.5029
2016/6/13,6.15,12.8053,13.5,6.74,12.9622,35.079,11.144,2.4716
2016/6/14,6.16,12.8053,13.75,6.65,12.9622,35.0978,11.1724,2.4349
2016/6/15,6.3,12.8053,14.5,6.77,13.1329,36.4742,11.5127,2.4725
2016/6/16,6.26,12.8053,14.2,6.78,13.0441,34.4945,11.352,2.4081
2016/6/17,6.29,12.8053,13.98,6.78,13.1056,33.7592,11.5316,2.4161
2016/6/20,6.26,12.8053,13.03,6.52,13.0168,32.6373,11.5032,2.3687
2016/6/21,6.32,12.8053,13.32,6.63,12.9758,32.6279,11.4087,2.3642
2016/6/22,6.39,12.8053,13.42,6.6,13.0988,32.6939,11.6166,2.3669
2016/6/23,6.39,12.8053,13.3,6.63,13.01,32.4299,11.5032,2.3624
2016/6/24,6.41,12.8053,13.33,6.5,13.1821,31.2798,11.3142,2.306
2016/6/27,6.5,12.8053,13.5,6.56,13.2991,31.44,11.5694,2.3096
2016/6/28,6.54,12.8053,13.52,6.59,13.4918,31.836,11.8151,2.2908
2016/6/29,6.52,12.8053,13.48,6.66,13.7396,31.9491,11.8057,2.2917
2016/6/30,6.56,12.8053,13.89,6.69,13.5882,31.5437,11.8435,2.2809
2016/7/1,6.47,12.8053,14.29,6.7,13.485,31.3835,11.8151,2.2809
2016/7/4,6.53,12.8053,14.31,6.68,13.6089,31.7606,12.1743,2.3024
2016/7/5,6.6,12.8053,14.48,6.69,13.6157,31.8266,12.4295,2.3338
2016/7/6,6.6,12.8053,14.37,6.71,13.8429,31.6003,12.8927,2.3373
2016/7/7,6.63,12.8053,14.37,6.7,13.6433,31.063,12.7225,2.3257
2016/7/8,6.51,12.8053,14.54,6.66,13.8291,30.6576,12.6375,2.3141
2016/7/11,6.5,12.8053,14.33,6.56,13.8498,30.8273,12.4295,2.315
2016/7/12,6.58,12.8053,14.39,6.64,13.9255,31.2232,12.6564,2.315
2016/7/13,6.63,12.8053,14.16,6.61,14.132,31.5626,12.5335,2.3284
2016/7/14,6.68,12.8053,13.99,6.61,14.6414,31.2986,12.5997,2.315
2016/7/15,6.62,12.8053,14.05,6.59,14.2835,31.3646,12.4579,2.3167
2016/7/18,6.58,12.8053,13.91,6.57,14.249,31.1195,12.4957,2.3078
2016/7/19,6.63,12.8053,13.81,6.41,14.2697,31.1478,12.4295,2.3024
2016/7/20,6.58,12.8053,13.85,6.45,14.132,31.2232,12.628,2.3042
2016/7/21,6.59,12.8053,13.96,6.48,13.9462,32.5902,12.6847,2.3355
2016/7/22,6.54,12.8053,13.99,6.47,13.7052,32.1565,12.5808,2.315
2016/7/25,6.53,14.0909,14.19,6.62,13.9943,32.0434,12.5902,2.315
2016/7/26,6.6,13.9215,13.7,6.58,14.1045,32.1377,12.6375,2.3185
2016/7/27,6.37,13.3036,12.79,6.46,13.5056,31.44,12.2877,2.2756
2016/7/28,6.39,13.2837,12.48,6.47,13.6157,30.7141,12.5808,2.2756
2016/7/29,6.48,12.915,12.68,6.45,14.2284,30.8461,12.732,2.2756
2016/8/1,6.38,12.2772,12.41,6.28,12.9962,29.9882,12.0136,2.2326
2016/8/2,6.47,12.4566,12.49,6.28,13.0857,30.8461,12.0609,2.2353
2016/8/3,6.58,12.5562,12.69,6.34,13.0444,31.1384,12.4957,2.2371
2016/8/4,6.81,12.5662,13.06,6.46,13.1614,31.1478,12.4579,2.238
2016/8/5,7.13,12.4566,12.9,6.46,13.0238,31.1855,12.2871,2.2416
2016/8/8,7.12,12.626,13,6.45,13.2371,31.5343,12.3345,2.2568
2016/8/9,7.77,12.6658,13,6.47,13.3266,31.5815,12.6477,2.2684
2016/8/10,7.67,12.4366,13.01,6.48,13.2578,31.0818,12.5338,2.2541
2016/8/11,7.68,12.3768,12.95,6.44,13.2784,30.8556,12.2966,2.2505
2016/8/12,7.69,12.5662,13.19,6.49,13.4643,30.9027,12.4484,2.2621
2016/8/15,7.84,13.184,13.32,6.51,13.7672,31.8548,12.6477,2.3132
2016/8/16,7.92,13.9015,13.45,6.51,13.7328,32.0622,12.9133,2.3159
2016/8/17,7.55,14.0211,13.46,6.47,13.7396,31.9303,13.3023,2.3167
2016/8/18,7.38,15.4063,13.53,6.5,13.7052,31.9397,13.2264,2.323
2016/8/19,7.35,15.0774,13.99,6.59,13.9186,32.1377,13.2074,2.3329
2016/8/22,7.23,14.7486,13.82,6.57,13.8085,32.7599,13.141,2.3284
2016/8/23,7.29,14.6589,14.05,6.67,13.6777,34.2682,13.3972,2.3534
2016/8/24,7.25,14.0111,14.3,6.7,13.7121,33.5329,13.2264,2.3454
2016/8/25,7.1,13.3235,14.35,6.66,13.4987,33.6837,12.9418,2.3418
2016/8/26,7.07,13.2837,13.94,6.67,13.5331,33.6837,13.1695,2.3391
2016/8/29,7.1,13.4531,13.8,6.64,13.7259,33.0333,12.8564,2.3346
2016/8/30,7.09,13.473,13.72,6.62,13.6915,32.3922,13.0367,2.3275
2016/8/31,7.09,13.4631,13.61,6.62,13.8498,32.7127,12.9987,2.3284
2016/9/1,7.07,13.4531,13.5,6.62,14.5106,32.3262,13.1126,2.3221
2016/9/2,6.91,13.2837,13.42,6.6,14.5106,31.9208,13.1885,2.3167
2016/9/5,6.92,13.4033,13.55,6.63,15.3917,32.4488,13.1126,2.3167
2016/9/6,7.05,13.8716,13.77,6.7,15.8254,32.2791,13.3498,2.3185
2016/9/7,6.98,14.0012,13.63,6.71,16.6239,31.9963,13.1695,2.3078
2016/9/8,6.99,14.051,13.74,6.7,16.2315,31.5909,13.0272,2.3015
2016/9/9,6.88,14.5493,13.64,6.7,15.5913,30.733,12.8943,2.2702
2016/9/12,6.56,13.8517,13,6.6,15.6808,30.1014,12.3156,2.2272
2016/9/13,6.59,14.0809,13.34,6.66,15.729,29.96,12.3251,2.229
2016/9/14,6.54,13.9912,13.08,6.66,15.0957,29.9128,12.2776,2.2236
2016/9/19,6.74,14.4396,13.15,6.68,16.4862,30.9593,12.4958,2.2362
2016/9/20,6.69,14.2902,13.06,6.73,16.2728,30.3748,12.4579,2.2219
2016/9/21,6.68,14.7884,13.69,6.76,16.0457,30.3371,12.4864,2.2138
2016/9/22,6.74,16.2633,13.62,6.72,17.6495,30.4125,12.5148,2.2245
2016/9/23,6.66,16.7914,13.64,6.71,17.801,30.4502,12.6382,2.2084
2016/9/26,6.55,15.7351,13.74,6.66,16.6239,29.2906,12.2492,2.178
2016/9/27,6.64,15.3963,14,6.69,17.1195,29.1775,12.3535,2.161
2016/9/28,6.85,15.5259,13.92,6.67,16.5482,28.5553,12.4484,2.1529
2016/9/29,6.86,15.5358,14.34,6.73,16.5688,28.4516,12.4579,2.1547
2016/9/30,6.83,15.4162,14.69,6.78,16.5895,28.8004,12.6002,2.1288
2016/10/10,6.86,15.2668,14.72,6.8,16.4518,28.9701,12.771,2.1538
2016/10/11,6.92,16.1437,14.73,6.79,16.6789,29.0549,12.8469,2.1744
2016/10/12,6.91,16.4626,14.75,6.8,16.3692,29.5452,13.16,2.1807
2016/10/13,6.89,16.1537,14.72,6.82,16.1351,29.3189,13.1505,2.1762
2016/10/14,6.83,16.2733,14.62,6.79,16.0388,29.1869,12.9892,2.1619
2016/10/17,6.67,15.7252,14.24,6.74,17.2847,28.725,12.8469,1.9649
2016/10/18,6.77,15.785,14.31,6.72,17.326,28.9889,13.0367,2.0169
2016/10/19,6.77,16.2733,14.1,6.71,17.2709,29.0361,13.0272,2.0052
2016/10/20,6.82,15.8746,14.01,6.76,17.3398,28.923,13.3118,2.016
2016/10/21,7.03,15.6654,14.06,6.76,17.1264,28.8193,13.2169,1.9945
2016/10/24,7.09,15.5059,14.33,6.83,17.7734,29.3,13.3782,2.0016
2016/10/25,7.16,15.5458,14.4,6.79,18.6821,29.96,13.2928,2.0142
2016/10/26,7.2,15.5956,14.29,6.82,18.3585,29.4226,13.587,1.9703
2016/10/27,7.15,15.4461,14.18,6.84,18.4343,29.1775,13.2359,1.9247
2016/10/28,7.13,15.0675,14.16,6.84,17.7046,28.9418,12.9797,1.9238
2016/10/31,7.08,15.3266,14.37,6.93,17.6013,28.9701,12.9323,1.9103
2016/11/1,7.15,15.4162,14.5,7.03,17.6495,28.9135,13.0462,1.9121
2016/11/2,7.13,14.918,14.44,7.14,17.7528,28.9607,12.8184,1.9282
2016/11/3,7.09,15.1472,14.32,7.13,17.505,28.7815,12.9513,1.9381
2016/11/4,7.1,15.1073,14.45,7.12,17.5532,28.6496,12.9133,1.9345
2016/11/7,7.08,15.2568,14.06,6.97,17.8216,28.5553,12.9892,1.9309
2016/11/8,7.19,15.3465,14.17,7,17.6426,28.6024,13.0367,1.9515
2016/11/9,7.11,15.4063,13.85,6.97,17.2365,28.3856,12.8754,1.9426
2016/11/10,7.23,15.7451,14.07,7,17.4499,28.6307,13.0556,1.9864
2016/11/11,7.21,15.6056,14.28,7.05,17.6702,29.1963,13.2264,2.0267
2016/11/14,7.19,15.6155,14.09,7.01,17.3604,29.2058,13.3023,2.0258
2016/11/15,7.17,15.8049,13.96,7.02,17.4499,29.2718,13.4352,2.0195
2016/11/16,7.22,15.6155,14.09,7,17.0851,29.2246,13.2834,2.0312
2016/11/17,7.27,15.486,13.88,6.98,16.7134,29.0361,13.3593,2.033
2016/11/18,7.18,15.476,13.8,7,16.8717,29.1963,13.4162,2.0357
2016/11/21,7.15,15.496,13.96,7,17.1883,29.1021,13.3687,2.0034
2016/11/22,7.18,15.5059,14.37,7.03,17.1814,29.5074,13.5111,2.0151
2016/11/23,7.22,15.5259,14.67,7.1,17.0094,29.1963,13.4921,2.0034
2016/11/24,7.13,15.2169,15.09,7.17,17.1333,29.0832,13.3782,1.9981
2016/11/25,7.11,14.898,15.12,7.2,17.5119,29.5734,13.4447,2.0097
2016/11/28,7.2,14.908,14.72,7.2,17.092,29.2623,13.568,2.0016
2016/11/29,7.09,14.3799,14.84,7.18,17.3467,28.9984,13.4162,1.973
2016/11/30,7.04,14.4097,14.9,7.22,17.739,28.7627,13.1885,1.9578
2016/12/1,7.13,14.4795,14.81,7.12,17.388,28.791,13.3023,1.9533
2016/12/2,6.98,14.1706,14.39,7.05,16.7202,28.5647,13.0651,1.9452
2016/12/5,6.97,13.9713,14.42,7.08,16.3072,28.4422,13.0462,1.9372
2016/12/6,7.06,14.3101,14.5,7.07,16.2315,28.5459,12.9892,1.9426
2016/12/7,7.13,14.6589,14.7,7.14,16.3967,28.8098,13.1505,1.9623
2016/12/8,7.14,14.33,14.72,7.12,16.3898,28.7438,13.1221,1.9587
2016/12/9,7.2,14.35,14.6,7.06,16.204,29.0078,13.2644,1.9408
2016/12/12,7.15,13.3534,14.07,6.93,15.3642,27.49,12.8089,1.9085
2016/12/13,6.9,13.4033,14.21,6.94,15.1646,27.5937,12.7141,1.9202
2016/12/14,6.72,13.473,14.27,6.97,15.5294,27.622,12.6761,1.9148
2016/12/15,6.87,13.6125,14.32,7.02,15.3091,27.82,12.7425,1.9247
2016/12/16,6.88,13.8816,15.45,7.18,15.2885,28.1688,12.9418,1.9417
2016/12/19,6.94,14.1905,15.28,7.08,15.2609,27.9897,12.9513,1.9282
2016/12/20,6.92,14.1507,15.28,7.1,14.9374,27.6597,12.9228,1.9229
2016/12/21,7.18,14.2603,15.31,7.16,15.1233,27.7823,13.0177,1.9327
2016/12/22,7.22,14.1805,15.2,7.16,15.0751,28.8193,13.0272,1.9569
2016/12/23,7.17,13.7221,15.24,7.16,15.0131,29.0361,13.0556,1.9399
2016/12/26,7.23,13.9215,15.6,7.16,15.5638,28.2159,12.9513,1.9336
2016/12/27,7.26,14.8084,15.56,7.13,15.4261,28.1122,13.0367,1.9229
2016/12/28,7.17,14.5493,15.46,7.19,15.3229,27.9519,13.198,1.9112
2016/12/29,7.15,15.2369,15.2,7.18,15.4399,27.7163,13.2834,1.913
2016/12/30,7.26,14.8383,15.18,7.19,15.7359,27.7728,13.3687,1.9059
2017/1/3,7.29,15.0675,15.42,7.2,16.2866,27.7163,13.3593,1.9103
2017/1/4,7.39,15.0675,15.52,7.21,16.7202,27.8671,13.6059,1.9175
2017/1/5,7.34,15.0575,15.54,7.19,16.7065,28.3856,14.0045,1.9229
2017/1/6,7.41,14.7884,15.35,7.16,16.3416,27.9897,14.0614,1.9193
2017/1/9,7.46,14.8881,14.98,7.01,17.0507,27.9991,14.0993,1.9175
2017/1/10,7.52,14.9578,14.91,7,16.7202,27.9802,13.8337,1.913
2017/1/11,7.4,14.6788,14.85,7.06,16.6996,27.7068,13.6344,1.9094
2017/1/12,7.41,14.7685,14.8,7.05,16.6996,27.6597,13.5206,1.9112
2017/1/13,7.19,14.2503,14.71,6.92,16.4587,27.7917,13.4541,1.9059
2017/1/16,7.14,13.3036,13.95,6.85,16.2866,28.2913,13.0462,1.8799
2017/1/17,7.28,13.3235,13.7,6.93,17.2296,28.395,13.1505,1.8817
2017/1/18,7.42,13.3036,13.81,6.96,17.1814,28.5459,13.3023,1.879
2017/1/19,7.45,13.2538,13.85,6.92,16.9061,28.4987,13.2739,1.8888
2017/1/20,7.44,13.5029,14.61,6.94,16.8992,28.5364,13.4162,1.8996
2017/1/23,7.65,13.8118,14.88,6.87,17.3398,28.527,13.5395,1.9041
2017/1/24,7.51,13.6923,14.95,7.04,17.1401,28.3667,13.4636,1.9032
2017/1/25,7.47,13.8118,14.97,7,17.1883,28.4516,13.568,1.9139
2017/1/26,7.43,14.1108,15.2,7.02,17.3948,28.5741,13.6154,1.9229
2017/2/3,7.48,13.9314,15.1,7.05,16.9887,28.263,13.5111,1.9032
2017/2/6,7.64,14.0012,15.12,7.01,17.147,28.4139,13.568,1.9094
2017/2/7,7.7,13.9215,15.09,6.92,17.0851,28.1593,13.4541,1.9121
2017/2/8,7.81,14.0211,15.09,6.9,17.0025,28.1028,13.587,1.9139
2017/2/9,7.85,14.1108,15.08,6.9,17.2572,28.2253,13.8906,1.9229
2017/2/10,7.8,14.3898,15.04,6.85,16.9956,28.1216,13.957,1.9175
2017/2/13,8.35,14.3599,15.08,6.9,17.1883,29.0455,14.1752,1.9461
2017/2/14,8.02,14.1208,15.04,6.9,16.6376,29.1869,13.9855,1.9363
2017/2/15,7.9,13.9812,15.04,6.9,16.5,29.1775,13.7767,1.9515
2017/2/16,7.94,14.1307,15.04,6.9,16.4174,29.1209,14.5073,1.9614
2017/2/17,7.74,14.0111,15.04,6.9,16.5482,28.4704,14.5168,1.9596
2017/2/20,7.82,14.041,15.04,6.9,16.8854,28.6401,14.6496,2.0097
2017/2/21,7.77,14.1307,15.04,6.9,16.8304,28.7533,16.1108,2.0204
2017/2/22,7.74,14.061,15.04,6.9,17.0713,28.9135,15.997,2.0043
2017/2/23,7.67,14.2702,15.04,6.9,17.1952,28.8287,15.5225,1.9998
2017/2/24,7.54,14.4596,15.04,6.9,17.2021,28.9889,15.2094,2.0133
2017/2/27,7.51,14.3998,15.04,6.9,17.3535,29.2623,15.2759,2.0285
2017/2/28,7.52,14.33,15.04,6.9,17.3742,29.2906,15.3233,2.0348
2017/3/1,7.53,14.4097,15.04,6.9,18.0075,29.2058,15.1051,2.0231
2017/3/2,7.44,14.2403,15.04,6.9,17.8216,28.8193,14.8109,2.0034
2017/3/3,7.25,14.051,15.04,6.9,18.0419,28.8098,14.8584,1.9927
2017/3/6,7.35,14.1407,15.04,6.9,18.3241,28.7533,15.181,1.9855
2017/3/7,7.31,14.0111,15.04,6.9,18.6476,28.9795,15.0387,1.9882
2017/3/8,7.24,14.0211,15.04,6.9,18.2622,28.8193,14.6971,2.0007
2017/3/9,7.28,13.6026,15.04,6.9,18.2415,28.4422,14.6402,1.99
2017/3/10,7.26,13.7421,15.04,6.9,17.8836,28.1122,14.7255,1.9936
2017/3/13,7.3,13.6723,15.04,6.9,18.0419,28.1311,14.7825,1.9891
2017/3/14,7.23,13.7919,15.04,6.9,18.3104,28.2725,14.5927,1.9784
2017/3/15,7.25,13.6424,15.04,6.9,17.9249,28.263,14.3081,1.9614
2017/3/16,7.32,13.9812,15.04,6.9,18.4274,28.3479,14.4694,1.9721
2017/3/17,7.32,13.9713,15.04,6.9,18.6752,28.1688,14.2132,1.9855
2017/3/20,7.28,14.2104,15.04,6.9,18.9505,28.1688,14.5073,1.9802
2017/3/21,7.34,14.1407,15.04,6.9,18.8748,28.1216,14.4599,2.0079
2017/3/22,7.17,14.35,15.04,6.9,19.1777,27.8105,14.3081,2.0052
2017/3/23,7.06,14.3998,15.04,6.9,18.6958,27.6597,14.4314,1.9667
2017/3/24,7.06,14.3001,15.04,6.9,19.0125,27.7163,14.6117,1.9676
2017/3/27,6.87,14.5792,15.04,6.9,18.9918,27.9897,14.6781,1.9703
2017/3/28,6.8,14.639,15.04,6.9,18.8473,27.8765,14.9153,1.9667
2017/3/29,6.78,14.9678,15.04,6.9,18.5237,27.7068,14.5737,1.9676
2017/3/30,6.52,14.8482,15.04,6.9,18.6683,27.226,13.8052,1.9515
2017/3/31,6.37,14.3001,15.04,6.9,18.4136,27.226,13.7008,1.9614
2017/4/5,6.49,14.918,15.04,6.9,19.1708,27.8011,13.7293,1.9918
2017/4/6,6.51,14.7187,15.04,6.9,19.1295,27.7917,13.6819,1.999
2017/4/7,6.52,14.4496,15.04,6.9,20.1001,28.1876,13.6154,1.9927
2017/4/10,6.66,14.0111,15.04,6.9,20.162,27.49,13.2834,1.9918
2017/4/11,6.4,14.1905,15.04,6.9,19.1915,27.4712,13.4921,1.9945
2017/4/12,6.4,14.1905,15.04,6.9,19.0194,27.7634,13.5206,1.9873
2017/4/13,6.4,14.041,15.04,6.9,18.8197,27.3863,13.6249,1.9945
2017/4/14,6.31,13.6524,15.04,6.9,18.923,27.3392,13.3023,1.9891
2017/4/17,6.05,13.772,15.04,6.9,18.5237,27.5749,12.9513,1.9927
2017/4/18,5.96,13.4531,15.04,6.9,18.806,26.6038,12.6571,1.9793
2017/4/19,5.88,12.9648,15.04,6.9,19.5494,26.2927,12.401,1.9524
2017/4/20,5.91,12.9847,15.04,6.9,19.6527,26.2079,12.344,1.9524
2017/4/21,5.87,12.8053,15.04,6.9,19.453,26.453,12.3345,1.956
2017/4/24,5.64,12.317,15.04,6.9,18.8129,26.4907,11.7463,1.9426
2017/4/25,5.63,12.5363,15.04,6.9,18.8335,26.0476,11.8506,1.9488
2017/4/26,5.54,12.5064,15.04,6.9,18.565,25.8119,11.9266,1.9524
2017/4/27,5.67,12.3868,15.04,6.9,18.5857,25.0955,12.0119,1.9479
2017/4/28,5.71,12.3669,15.04,6.9,18.7578,25.0955,12.0879,1.9417
2017/5/2,5.69,12.3968,15.04,6.9,18.51,24.0396,11.9076,1.93
2017/5/3,5.69,12.1775,15.04,6.9,17.8492,23.7757,11.955,1.9336
2017/5/4,5.58,12.058,15.04,6.9,18.035,23.54,11.993,1.9309
2017/5/5,5.5,11.9583,15.04,6.9,17.4843,23.6531,11.8791,1.9247
2017/5/8,5.35,11.5796,15.04,6.9,17.6289,23.7474,11.6514,1.9175
2017/5/9,5.4,11.5995,15.04,6.9,18.0625,23.4645,11.7368,1.9211
2017/5/10,5.36,11.3106,15.04,6.9,18.1658,23.4645,11.4047,1.9121
2017/5/11,5.36,10.902,15.04,6.9,18.0006,23.5494,11.0821,1.9184
2017/5/12,5.38,10.7226,15.04,6.9,18.4756,23.54,11.0062,1.8933
2017/5/15,5.4,11.2807,15.04,6.9,18.5788,23.9359,11.0347,1.9005
2017/5/16,5.52,11.7291,15.04,6.9,18.7509,24.0868,11.3288,1.9112
2017/5/17,5.53,11.6494,15.04,6.9,18.4274,23.9265,11.3668,1.9166
2017/5/18,5.52,11.4202,15.04,6.9,18.2415,23.8228,11.3478,1.9103
2017/5/19,5.57,11.4102,15.04,6.9,17.8147,23.6908,11.3383,1.9157
2017/5/22,5.39,11.4102,15.04,6.9,17.8285,23.8605,10.9208,1.9067
2017/5/23,5.12,11.4102,15.04,6.9,17.4293,24.181,10.4749,1.9014
2017/5/24,5.03,11.4102,15.04,6.9,17.2916,24.313,10.5033,1.8942
2017/5/25,5.06,11.4102,15.04,6.9,17.8368,24.2376,10.6457,1.9005
2017/5/26,5.06,11.4102,15.04,6.9,17.9443,24.3319,10.6646,1.9094
2017/5/31,4.99,11.4102,15.04,6.9,17.3081,24.7844,10.6077,1.9229
2017/6/1,4.8,11.4102,15.04,6.9,16.515,25.1615,10.3136,1.922
2017/6/2,4.84,11.4102,15.04,6.9,16.9198,25.0578,10.6172,1.9229
2017/6/5,4.89,11.4102,15.04,6.9,17.6386,25.0106,10.6931,1.9309
2017/6/6,4.99,11.4102,15.04,6.9,17.3081,24.7322,10.7311,1.9383
2017/6/7,5.11,11.4102,15.04,6.9,17.5807,24.8378,10.9588,1.9707
2017/6/8,5.08,11.4102,15.04,6.9,18.316,25.2026,11.0157,1.9726
2017/6/9,5.09,11.4102,15.04,6.9,18.4813,25.9515,10.9588,1.9957
2017/6/12,5.15,11.4102,15.04,6.9,19.5222,25.7691,10.8734,1.9892
2017/6/13,5.15,11.4102,15.04,6.9,19.5305,25.5867,11.0347,1.9892
2017/6/14,5.13,11.4102,15.04,6.9,19.4561,25.1258,11.1106,1.9753
2017/6/15,5.2,11.4102,15.04,6.9,19.3735,25.4523,11.2244,1.9864
2017/6/16,5.19,11.4102,15.04,6.9,18.9935,25.193,11.0631,1.9883
2017/6/19,5.21,11.4102,15.04,6.9,19.3074,25.2506,11.1485,1.9874
2017/6/20,5.18,11.4102,15.04,6.9,19.1835,25.193,11.0252,1.9846
2017/6/21,5.1,11.4102,15.04,6.9,19.3653,25.4235,11.0252,1.98
2017/6/22,5.07,11.4102,15.04,6.9,18.8117,24.8762,10.7785,1.9679
2017/6/23,5.03,11.4102,15.04,6.9,19.1174,24.8378,10.7026,1.9642
2017/6/26,5.09,11.4102,15.04,6.9,19.5553,25.1642,10.8734,1.9818
2017/6/27,5.12,11.4102,15.04,6.9,19.1009,25.5291,10.8734,1.9827
2017/6/28,5.03,11.4102,15.04,6.9,18.9356,25.241,10.7785,1.967
2017/6/29,5.05,11.4102,15.04,6.9,19.4231,25.2795,10.8829,1.9698
2017/6/30,5.1,11.4102,15.04,6.9,19.2992,26.0187,11.0726,1.9827
2017/7/3,5.15,11.4102,15.04,6.9,19.0596,25.9803,11.0631,1.979
2017/7/4,5.17,11.4102,15.04,6.9,19.1174,25.8363,11.0252,1.979
2017/7/5,5.18,11.4102,15.04,6.9,19.5387,25.7883,11.0536,1.9818
2017/7/6,5.19,11.4102,15.04,6.9,19.5057,25.6155,10.9398,1.9809
2017/7/7,5.18,11.4102,15.04,6.9,19.7866,25.6443,11.0062,1.9781
2017/7/10,5.18,11.4102,15.04,6.9,20.0097,25.8267,10.9777,1.9818
2017/7/11,5.12,11.4102,15.04,6.9,20.5797,25.8555,10.788,1.9735
2017/7/12,5.04,11.4102,15.04,6.9,20.3649,26.0283,10.6646,1.979
2017/7/13,5.03,11.4102,15.04,6.9,20.2327,25.5867,10.75,1.9809
2017/7/14,5.01,11.4102,15.04,6.9,19.737,24.8378,10.6457,1.9753
2017/7/17,4.7,11.4102,15.04,6.9,19.2496,23.6089,9.8012,1.9392
2017/7/18,4.72,11.4102,15.04,6.9,19.3322,23.9161,10.0005,1.9429
2017/7/19,4.77,11.4102,15.04,6.9,19.3487,24.6554,10.0953,1.9633
2017/7/20,4.79,11.4102,15.04,6.9,19.9766,25.1546,10.1618,1.9707
2017/7/21,4.86,11.4102,15.04,6.9,20.2823,26.0475,10.2187,1.98
2017/7/24,4.87,10.6715,15.04,6.9,20.5632,27.094,10.2946,2.0059
2017/7/25,4.86,10.402,15.04,6.9,22.3064,27.6413,10.1902,2.0077
2017/7/26,4.84,10.5317,15.04,6.9,21.7033,27.4877,10.2282,2.0003
2017/7/27,4.9,10.5816,15.04,6.9,22.579,27.6221,10.4085,2.0049
2017/7/28,4.84,10.7813,15.04,6.9,21.9924,27.5837,10.3317,2.0086
2017/7/31,4.89,10.7813,15.04,6.9,21.6868,28.707,10.4564,2.029
2017/8/1,4.94,10.8212,15.04,6.9,22.1412,28.9662,10.4852,2.029
2017/8/2,4.86,10.7314,15.04,6.9,21.315,29.0526,10.3125,2.0151
2017/8/3,4.85,10.6815,15.04,6.9,21.1993,28.3038,10.3797,2.0234
2017/8/4,4.86,10.5617,15.04,6.9,21.1745,28.1309,10.255,2.0188
2017/8/7,4.87,10.5617,15.04,6.9,21.2489,28.0541,10.3317,2.016
2017/8/8,4.94,10.7114,15.04,6.9,22.1907,29.0526,10.3893,2.016
2017/8/9,4.95,10.7713,15.04,6.9,22.3725,29.3311,10.418,2.0179
2017/8/10,4.89,10.5916,15.04,6.9,22.9673,28.5534,10.2933,2.0077
2017/8/11,4.79,10.6515,15.04,6.9,22.7277,27.6989,10.159,1.9948
2017/8/14,4.87,10.8612,15.04,6.9,22.5212,28.0253,10.3221,2.0151
2017/8/15,4.87,10.8013,15.04,6.9,22.0585,27.8717,10.3797,2.0133
2017/8/16,4.93,11.1806,15.04,6.9,22.2403,28.0349,10.4564,2.0151
2017/8/17,5.03,11.1606,14.29,6.56,22.7443,27.8525,10.6483,2.0151
2017/8/18,5.03,11.5599,13.58,6.23,23.6035,27.9005,10.5715,2.0142
2017/8/21,5.13,11.7596,12.9,5.92,23.3226,28.0733,10.8785,2.0244
2017/8/22,5.13,11.6099,12.26,5.62,23.0169,27.9293,10.7634,2.0244
2017/8/23,5.25,11.3303,11.65,5.34,23.8431,27.9005,10.7634,2.0244
2017/8/24,5.21,11.1007,11.07,5.07,22.8764,27.6893,10.6962,2.0096
2017/8/25,5.21,11.2804,10.52,4.82,22.9921,28.1309,10.7154,2.017
2017/8/28,5.11,11.51,9.99,4.58,23.2482,27.7853,10.7442,2.0262
2017/8/29,5.08,11.5799,10.08,4.66,23.1243,28.6494,10.9936,2.0318
2017/8/30,5.04,11.5001,9.74,4.57,24.0331,28.5726,10.9361,2.0484
2017/8/31,5.06,11.51,9.87,4.62,23.9752,28.7166,11.0512,2.0734
2017/9/1,5.03,11.55,9.76,4.63,23.8844,28.5534,11.0608,2.0706
2017/9/4,5.06,12.2188,9.72,4.66,24.3305,29.5423,11.2526,2.1002
2017/9/5,5.04,12.0092,9.64,4.63,24.8758,29.4079,11.243,2.1002
2017/9/6,5.03,12.0591,9.41,4.63,25.0492,29.4175,11.1279,2.1021
2017/9/7,5.01,11.9692,9.55,4.69,24.0661,28.7454,11.3198,2.079
2017/9/8,5.01,12.089,9.72,4.72,24.3883,29.5039,11.3965,2.1391
2017/9/11,5.03,12.2188,9.73,4.81,24.2809,30.3104,11.3774,2.2076
2017/9/12,5.08,12.5682,9.8,4.87,24.9253,30.512,11.1567,2.1918
2017/9/13,5.05,12.668,10.02,5.02,24.851,30.0896,11.1759,2.202
2017/9/14,5.02,13.277,10.05,5.06,25.2558,30.0031,11.5117,2.1678
2017/9/15,5.01,13.1272,9.97,4.98,25.1484,30.4928,11.7515,2.1557
2017/9/18,5,13.1572,9.97,4.97,25.5863,30.1088,11.6843,2.1659
2017/9/19,4.98,13.0973,10.15,5.03,25.0079,30.4064,11.6747,2.1955
2017/9/20,4.99,13.0174,10.06,5.04,25.3219,30.368,11.6939,2.2316
2017/9/21,4.95,12.8677,10.05,4.98,24.7188,29.4943,11.6076,2.2177
2017/9/22,4.9,13.0474,10.55,5.23,24.7931,29.8591,11.5404,2.214
2017/9/25,4.8,12.9775,10.46,5.26,23.8017,28.9854,11.4349,2.1631
2017/9/26,4.82,13.247,10.3,5.18,23.8678,29.0814,11.4349,2.1761
2017/9/27,4.84,13.4567,10.24,5.19,23.7191,28.8894,11.4733,2.1891
2017/9/28,4.85,13.5066,10.04,5.15,24.9418,30.5696,11.6651,2.2362
2017/9/29,4.86,13.3369,10.09,5.12,24.5618,30.1472,11.6364,2.2399
2017/10/9,4.87,13.247,9.96,5.11,24.1653,29.4943,11.4925,2.2501
2017/10/10,4.91,13.2071,10.07,5.2,24.6196,29.2255,11.598,2.2418
2017/10/11,4.93,13.3768,10.34,5.4,24.0331,29.6863,11.4829,2.2492
2017/10/12,4.96,13.5565,10.15,5.34,23.116,28.8894,11.5212,2.2113
2017/10/13,4.95,13.2969,10.31,5.48,23.0004,28.851,11.6268,2.227
2017/10/16,4.83,13.2271,10,5.51,21.9842,27.8909,11.2143,2.1863
2017/10/17,4.83,13.267,10.07,5.47,22.4881,27.6797,11.2526,2.1576
2017/10/18,4.8,13.3269,9.81,5.29,23.43,28.1502,11.4253,2.1668
2017/10/19,4.68,12.9775,9.32,5.03,23.1326,27.4877,11.3869,2.1715
2017/10/20,4.72,12.8178,9.45,5.03,23.6448,28.1213,11.4445,2.2002
2017/10/23,4.74,13.1971,9.32,5.01,23.5043,28.9374,11.5212,2.2002
2017/10/24,4.7,13.257,9.12,4.98,24.1983,28.5726,11.3198,2.1974
2017/10/25,4.71,13.3069,9.32,4.97,24.0826,28.3518,11.4253,2.2039
2017/10/26,4.73,13.3369,9.33,4.99,23.7439,28.4094,11.4829,2.2048
2017/10/27,4.71,13.3468,9.34,4.8,23.6282,28.7358,11.3774,2.2159
2017/10/30,4.61,13.4766,8.87,4.57,22.9756,28.0541,11.1471,2.165
2017/10/31,4.64,13.4866,8.93,4.63,23.9587,29.8015,11.2526,2.2076
2017/11/1,4.62,13.5265,8.83,4.64,24.5205,29.6863,11.3102,2.2372
2017/11/2,4.52,13.5465,8.43,4.56,23.9752,29.6095,11.08,2.2261
2017/11/3,4.49,13.7761,8.19,4.59,24.0248,28.9662,10.8785,2.2529
2017/11/6,4.48,13.7462,8.13,4.67,25.0988,30.1952,10.8497,2.314
2017/11/7,4.5,13.5265,8.28,4.74,25.421,30.2432,10.8593,2.3112
2017/11/8,4.51,13.5765,8.29,4.73,25.735,30.3008,10.8881,2.3056
2017/11/9,4.51,13.5665,8.7,4.97,25.8589,31.6737,11.0512,2.3426
2017/11/10,4.5,13.5964,9.14,4.99,26.0985,32.0482,11.0704,2.3908
2017/11/13,4.43,13.4666,9.04,4.88,26.2307,31.7025,11.032,2.4148
2017/11/14,4.44,13.5765,8.64,4.71,25.3054,31.6641,10.773,2.3861
2017/11/15,4.36,13.6164,8.64,4.75,25.1071,32.4706,10.6962,2.3815
2017/11/16,4.3,13.5864,8.5,4.69,24.6196,32.2402,10.6003,2.3713
2017/11/17,4.14,13.1572,8.18,4.63,23.9752,31.6545,10.255,2.3186
2017/11/20,4.11,13.3668,7.98,4.6,23.9752,32.3074,10.2262,2.3325
2017/11/21,4.11,13.0973,7.92,4.63,25.0327,32.3266,10.159,2.3852
2017/11/22,4.13,12.9276,7.87,4.55,23.9587,31.7313,10.1207,2.3991
2017/11/23,4.05,12.678,7.89,4.48,23.2482,30.2528,9.9672,2.3288
2017/11/24,4.01,12.698,8.28,4.59,23.5126,30.752,9.9096,2.2853
2017/11/27,3.99,12.698,8.13,4.36,22.8682,29.9935,9.7849,2.251
2017/11/28,4.02,12.7179,8.13,4.25,22.9838,29.7631,9.9288,2.2834
2017/11/29,4.02,12.6481,8.23,4.37,22.2816,30.2336,9.9384,2.2945
2017/11/30,4,12.8876,8.19,4.2,21.6289,28.659,10.207,2.2372
2017/12/1,4.07,12.9675,8.18,4.23,21.6289,27.9293,10.2646,2.2409
2017/12/4,4.06,12.9875,7.91,4.26,20.6458,27.3821,10.255,2.2066
2017/12/5,4.1,12.9276,7.51,4.05,20.9184,26.662,9.9192,2.1826
2017/12/6,4,13.257,7.13,3.85,20.431,27.4397,10.0727,2.2214
2017/12/7,4,13.0673,6.8,3.7,20.3732,27.8525,10.1878,2.2242
2017/12/8,4,13.2171,6.84,3.73,21.0011,27.9101,10.3029,2.252
2017/12/11,4.09,13.0873,6.93,3.74,21.5628,29.0814,10.3029,2.2927
2017/12/12,4.08,13.0074,6.58,3.6,21.2572,28.8894,10.2166,2.2695
2017/12/13,4.08,12.9176,6.67,3.58,21.1911,28.947,10.3029,2.2955
2017/12/14,4.15,12.678,7,3.66,20.464,28.7838,10.2646,2.2964
2017/12/15,4.13,12.5782,7.06,3.6,21.4637,28.8414,10.3797,2.3269
2017/12/18,4.11,12.5482,6.83,3.52,21.5959,29.2543,10.3989,2.3232
2017/12/19,4.11,12.5482,6.86,3.51,21.158,29.0334,10.3893,2.3149
2017/12/20,4.06,12.6081,7.2,3.64,21.8107,29.7151,10.2262,2.314
2017/12/21,4.03,12.7179,7.09,3.57,22.3725,29.8495,10.1111,2.338
2017/12/22,4.01,12.6381,6.96,3.55,22.0751,30.1568,10.1782,2.3362
2017/12/25,4,12.0691,6.75,3.58,21.5133,29.6671,10.0631,2.3315
2017/12/26,4.04,12.0192,7.09,3.76,22.0172,29.7151,10.1974,2.3399
2017/12/27,4.03,11.8794,7.44,3.74,21.6868,29.6863,10.0823,2.3491
2017/12/28,4.04,11.6797,7.31,3.63,21.7529,29.0622,10.1398,2.3343
2017/12/29,4.18,11.6997,7.68,3.7,22.2981,31.0017,10.2742,2.3676
2018/1/2,4.16,11.7895,7.8,3.7,22.0751,30.656,10.2646,2.3648
2018/1/3,4.16,11.8195,7.89,3.69,24.0579,32.5858,10.5524,2.4111
2018/1/4,4.16,11.8794,7.93,3.69,24.4544,33.1235,10.5428,2.4139
2018/1/5,4.2,11.8794,7.9,3.66,24.9336,32.9987,10.5044,2.4074
2018/1/8,4.16,11.9593,7.95,3.65,23.4713,32.7874,10.514,2.4065
2018/1/9,4.13,11.8794,8.16,3.7,23.2317,31.9522,10.4085,2.3658
2018/1/10,4.2,11.8494,7.95,3.68,24.2479,32.6434,10.3029,2.388
2018/1/11,4.19,11.5699,7.97,3.7,24.7353,33.9012,10.4085,2.4213
2018/1/12,4.24,11.4701,8.16,3.69,24.3057,33.6995,10.3509,2.4167
2018/1/15,4.11,10.3221,7.83,3.51,25.2723,35.7349,10.2933,2.4416
2018/1/16,4.18,10.961,7.98,3.55,26.4124,37.1367,10.3221,2.5157
2018/1/17,4.18,11.1806,8.11,3.57,25.8506,36.7815,10.3797,2.5036
2018/1/18,4.16,11.1606,8.12,3.45,27.2881,37.4535,10.3317,2.5203
2018/1/19,4.18,11.0309,7.97,3.29,27.0486,36.2438,10.2933,2.5443
2018/1/22,4.18,11.2305,8.01,3.23,27.6351,36.9831,10.2742,2.5739
2018/1/23,4.19,11.5799,8.06,3.23,27.9326,37.5207,10.3125,2.6073
2018/1/24,4.18,11.5699,8.18,3.16,27.0981,36.4454,10.418,2.586
2018/1/25,4.21,11.6099,8.23,3.2,26.7346,36.0518,10.3989,2.561
2018/1/26,4.17,11.6398,8.62,3.27,27.503,36.1862,10.4948,2.5702
2018/1/29,4.12,11.52,8.56,3.24,26.0324,35.3317,10.6387,2.4925
2018/1/30,4.12,11.6099,8.79,3.24,25.041,35.0533,10.6099,2.4897
2018/1/31,3.98,11.6198,8.79,3.24,25.231,34.6884,10.3605,2.5046
2018/2/1,3.75,11.4202,8.79,3.24,26.1315,34.9189,10.0439,2.4925
2018/2/2,3.72,11.4402,8.79,3.24,26.148,35.6869,10.0823,2.536
2018/2/5,3.66,11.3303,8.79,3.24,27.156,36.6182,10.0919,2.5943
2018/2/6,3.55,10.981,8.79,3.24,24.727,32.9603,9.593,2.4944
2018/2/7,3.56,10.5417,8.79,3.24,24.2231,32.0002,9.6698,2.4389
2018/2/8,3.63,10.4419,8.35,3.08,24.8923,33.3827,9.6698,2.462
2018/2/9,3.48,9.3937,7.93,2.93,23.7274,31.6833,9.2669,2.3991
2018/2/12,3.62,9.9827,7.53,2.78,23.6448,32.5378,9.382,2.4426
2018/2/13,3.65,9.8529,7.31,2.75,24.9336,33.1235,9.5835,2.4666
2018/2/14,3.57,9.8329,7.51,2.85,24.5205,32.269,9.5259,2.4712
2018/2/22,3.61,9.9627,7.51,2.87,26.6603,35.4181,9.5739,2.5545
2018/2/23,3.61,9.8928,7.53,2.83,26.462,36.4838,9.593,2.5702
2018/2/26,3.67,10.0126,7.91,2.94,26.4868,36.4646,9.7465,2.5712
2018/2/27,3.68,9.9128,7.91,2.9,25.8424,35.4181,9.7082,2.5388
2018/2/28,3.72,10.0026,8.31,2.98,25.6937,34.9573,9.7465,2.5462
2018/3/1,3.79,10.0925,8.73,3.13,27.0073,36.3686,9.9192,2.5989
2018/3/2,3.81,10.0825,9.09,3.15,26.652,35.1301,9.9096,2.5712
2018/3/5,3.78,10.1324,9.14,3.09,25.8011,33.2867,9.9096,2.5147
2018/3/6,3.79,10.0625,8.97,3.04,27.4121,34.314,10.0439,2.5675
2018/3/7,3.76,9.9827,9.08,3.06,27.1229,33.7859,9.948,2.548
2018/3/8,3.81,9.9028,8.87,3.03,27.1064,34.0644,9.9864,2.5749
2018/3/9,3.84,10.0925,8.43,2.88,28.2135,35.7253,10.1111,2.6017
2018/3/12,3.85,10.0925,8.27,2.83,28.9157,36.9447,10.207,2.6591
2018/3/13,3.84,10.0326,8.35,2.82,28.3043,37.0695,10.1686,2.6452
2018/3/14,3.8,10.1224,8.35,2.82,27.7425,37.0791,10.0247,2.6581
2018/3/15,3.76,9.8729,9.19,3.03,26.6272,35.5237,9.9384,2.6073
2018/3/16,3.77,9.7431,10.11,3.12,26.6355,35.5237,10.0535,2.5804
2018/3/19,3.76,10.0126,9.91,3.08,26.6603,35.4085,10.0631,2.5915
2018/3/20,3.81,10.2323,10.13,3.1,26.7429,35.0821,10.1111,2.5749
2018/3/21,3.81,10.6915,9.56,3.04,26.9742,35.1205,10.1494,2.5924
2018/3/22,3.85,10.5018,9.44,3.06,25.7019,33.8916,10.0343,2.5517
2018/3/23,3.63,10.0625,8.5,2.82,24.2231,32.9219,9.593,2.4879
2018/3/26,3.74,9.823,8.61,2.88,24.6775,33.8147,9.7082,2.5166
2018/3/27,3.88,9.823,8.95,3.08,24.5866,34.6404,9.8137,2.5416
2018/3/28,3.84,9.7631,9.85,3.38,23.8678,33.2771,9.8617,2.5212
2018/3/29,3.87,9.793,10.02,3.38,24.2727,33.5459,9.9576,2.4611
2018/3/30,3.9,9.9028,10.63,3.68,23.7935,32.797,10.1111,2.487
2018/4/2,3.9,9.9827,11.69,4.05,23.6282,33.4211,10.1303,2.4888
2018/4/3,3.86,10.1224,12.86,4.46,23.463,32.9219,10.0631,2.4629
2018/4/4,3.87,10.1125,12.48,4.22,23.9752,33.9972,9.948,2.4888
2018/4/9,3.83,9.9627,13.73,4.6,24.2809,33.9972,9.9288,2.4722
2018/4/10,3.79,9.9527,12.36,4.14,24.1157,34.362,10.0919,2.4879
2018/4/11,3.82,9.9527,11.41,3.95,23.6696,33.93,10.0343,2.4888
2018/4/12,3.79,9.8829,12.55,4.23,23.653,34.1796,10.0055,2.4925
2018/4/13,3.74,9.9028,11.76,4.11,23.5043,33.2675,9.996,2.4777
2018/4/16,3.6,9.6233,12.94,4.52,24.0826,33.3731,9.8233,2.4342
2018/4/17,3.57,9.6133,12.04,4.25,22.4799,30.56,9.5643,2.3611
2018/4/18,3.6,9.5734,10.94,4.04,22.6121,31.0017,9.6506,2.3676
2018/4/19,3.59,9.6433,11.05,4.25,23.0334,31.9041,9.6218,2.3917
2018/4/20,3.62,9.6333,10.06,4.06,22.8186,31.5873,9.4875,2.3547
2018/4/23,3.58,9.7132,9.86,4.1,22.0338,28.4382,9.43,2.2409
2018/4/24,3.66,9.9128,10.21,4.26,23.1326,30.128,9.6026,2.301
2018/4/25,3.59,9.803,10.53,4.27,23.2069,31.0113,9.6122,2.3029
2018/4/26,3.5,9.5634,9.76,4.13,23.0086,30.4352,9.5643,2.289
2018/4/27,3.55,9.6033,10.06,4.27,23.0334,30.4736,9.5547,2.3121
2018/5/2,3.53,9.5235,9.53,4.16,22.4055,31.3473,9.6122,2.3334
2018/5/3,3.52,9.5834,9.76,4.26,22.3477,30.896,9.6218,2.3352
2018/5/4,3.55,9.5235,9.43,4.19,21.819,30.2816,9.6122,2.3288
2018/5/7,3.61,9.5634,9.61,4.13,23.1326,31.3185,9.7178,2.3926
2018/5/8,3.63,9.5434,10.57,4.38,23.6943,32.9699,9.7369,2.4361
2018/5/9,3.59,9.5434,10.75,4.43,24,32.1154,9.8041,2.4222
2018/5/10,3.65,9.5534,11.57,4.56,24.0248,32.413,9.8712,2.4287
2018/5/11,3.6,9.7132,10.79,4.34,24.2479,32.6818,9.7753,2.4241
2018/5/14,3.57,9.4835,10.03,4.13,24.2396,32.7394,9.8137,2.425
2018/5/15,3.59,9.5235,10.28,4.24,24.4379,33.2483,9.9192,2.4241
2018/5/16,3.56,9.5135,11.31,4.44,25.6028,34.6692,9.9672,2.4731
2018/5/17,3.55,9.4436,11.61,4.42,25.2558,34.0548,9.8808,2.4518
2018/5/18,3.57,9.4636,11.85,4.5,24.9501,34.266,9.8317,2.449
2018/5/21,3.62,9.5135,13.04,4.83,24.9997,34.9189,10.0478,2.4777
2018/5/22,3.67,9.4137,12.52,4.76,24.851,35.1781,10.0282,2.4805
2018/5/23,3.62,9.1541,12.61,5.02,24.3718,34.4772,9.9692,2.4481
2018/5/24,3.6,9.1641,13.62,5.42,24.4215,34.8036,9.9594,2.4389
2018/5/25,3.52,8.9345,13.19,5.37,24.9185,35.7061,9.7237,2.4426
2018/5/28,3.52,8.4753,12.66,5.37,26.0317,36.7527,9.7335,2.4583
2018/5/29,3.47,8.1958,11.4,4.83,25.7832,36.2726,9.7826,2.4453
2018/5/30,3.4,8.086,11.38,4.89,25.7932,35.8886,9.488,2.3982
2018/5/31,3.46,8.1958,11.33,4.94,27.5226,37.6647,9.8219,2.4102
2018/6/1,3.45,8.1559,10.89,4.86,26.4293,36.4454,9.8219,2.3491
2018/6/4,3.38,7.9861,11.07,4.83,26.8865,37.1655,9.8219,2.3787
2018/6/5,3.42,7.3872,11.32,4.9,27.5226,38.1064,9.8219,2.4305
2018/6/6,3.39,7.1875,11.07,4.73,27.9401,37.7128,9.8219,2.4398
2018/6/7,3.39,7.1775,11.99,4.95,27.5525,37.3095,9.8219,2.4574
2018/6/8,3.31,6.9779,12.04,4.94,27.2642,36.6374,10.2639,2.4379
2018/6/11,3.34,6.8381,11.66,4.83,26.5486,35.5813,10.9121,2.4287
2018/6/12,3.34,6.8581,11.19,4.61,27.8904,36.7046,10.9514,2.4777
2018/6/13,3.26,6.6884,11.4,4.76,27.8805,37.4823,10.7452,2.5073
2018/6/14,3.22,6.7183,11.26,4.78,27.3437,36.1574,10.5782,2.4823
2018/6/15,3.13,6.4887,10.51,4.6,27.1648,36.119,10.6862,2.4759
2018/6/19,2.82,5.8399,9.56,4.34,26.3299,35.1444,10.0969,2.3764
2018/6/20,2.81,5.75,10.14,4.47,26.4094,34.8228,10.0969,2.4127
2018/6/21,2.78,5.4306,9.74,4.32,26.4591,34.7935,10.5094,2.4013
2018/6/22,2.76,5.6602,9.88,4.38,27.4531,35.5147,10.5684,2.4213
2018/6/25,2.72,5.6901,9.83,4.26,28.1886,36.9182,10.5782,2.4137
2018/6/26,2.75,5.8399,9.25,3.98,28.0793,36.2457,10.6469,2.3888
2018/6/27,2.74,5.8199,8.8,3.72,26.3398,34.6961,10.7157,2.3171
2018/6/28,2.75,5.79,8.38,3.71,26.2404,34.2088,10.4014,2.2836
2018/6/29,2.82,5.9197,8.61,3.87,27.0058,36.0215,10.8336,2.3333
2018/7/2,2.79,5.7999,8.79,4,25.1868,32.435,10.5782,2.2597
2018/7/3,2.85,5.9197,8.84,4.02,24.8489,32.1718,10.6568,2.2271
2018/7/4,2.84,5.9197,8.44,3.9,24.5209,31.1972,10.421,2.1908
2018/7/5,2.73,5.7301,8.2,3.9,23.6462,30.2324,10.0478,2.1563
2018/7/6,2.76,5.76,8.16,3.9,23.7854,31.6066,9.9791,2.1831
2018/7/9,2.79,5.8299,8.21,3.9,24.9185,32.8443,9.763,2.2386
2018/7/10,2.81,5.8898,8.33,3.88,25.0278,33.1172,9.9496,2.2338
2018/7/11,2.74,5.6203,8.04,3.82,24.7594,33.546,9.6942,2.2061
2018/7/12,2.8,5.78,8.16,3.88,25.4651,33.6045,9.9299,2.2577
2018/7/13,2.79,5.8598,8.08,3.86,25.654,33.5363,9.871,2.2673
2018/7/16,2.78,5.8099,8.01,3.76,25.7733,33.9846,9.7728,2.2702
2018/7/17,2.79,5.7999,8.09,3.79,25.8627,34.2965,9.8317,2.2654
2018/7/18,2.8,6.0196,7.85,3.76,25.4353,33.0392,9.7237,2.2367
2018/7/19,2.74,5.8598,7.47,3.64,25.157,33.8287,9.7532,2.2013
2018/7/20,2.81,6.0795,7.68,3.65,25.4055,33.4486,9.8121,2.2176
2018/7/23,2.84,6.4288,7.88,3.63,24.6103,32.435,9.8514,2.1917
2018/7/24,2.88,6.5387,7.96,3.53,25.5248,32.7079,10.0183,2.2281
2018/7/25,2.93,6.7583,8.76,3.84,24.8191,31.8989,10.038,2.2118
2018/7/26,3,6.9779,8.8,3.82,23.8251,31.7333,10.0085,2.2137
2018/7/27,2.96,6.5786,8.52,3.73,23.7357,31.2167,10.0871,2.2109
2018/7/30,2.91,6.369,8.16,3.6,22.5628,29.4332,9.9987,2.1602
2018/7/31,2.94,6.359,8.27,3.7,22.7218,29.6281,10.0675,2.1621
2018/8/1,2.87,6.2591,8.14,3.7,22.2646,29.1798,9.9103,2.1573
2018/8/2,2.8,6.0096,7.8,3.66,21.1315,27.4255,9.6648,2.075
2018/8/3,2.84,6.0096,8.27,3.82,19.9785,26.2852,9.5469,2.0578
2018/8/6,2.75,6.6085,7.94,3.78,18.915,23.761,9.3701,1.9803
2018/8/7,2.82,7.2674,8.09,3.85,19.8095,24.4529,9.5174,2.0128
2018/8/8,2.79,7.9961,8.22,3.84,19.4617,23.8584,9.1246,1.9918
2018/8/9,2.86,7.6867,8.47,3.87,19.9686,25.0085,9.2326,2.054
2018/8/10,2.85,7.3872,8.25,3.77,20.4059,25.9246,9.2424,2.0664
2018/8/13,2.83,7.0278,8.06,3.75,19.8891,25.4275,9.2719,2.0444
2018/8/14,2.86,7.0677,8.08,3.74,19.9984,25.2619,9.321,2.0253
2018/8/15,2.87,6.7982,7.77,3.52,19.0641,24.5699,9.1147,1.9937
2018/8/16,2.95,6.6585,7.63,3.46,19.1933,23.8487,8.9576,2.0033
2018/8/17,2.8,6.4588,7.27,3.39,18.5969,22.6889,8.9085,1.9535
2018/8/20,2.75,6.339,7.09,3.4,18.4975,23.9754,8.9576,1.9641
2018/8/21,2.77,6.5187,7.23,3.5,19.0442,24.3262,9.0165,1.9803
2018/8/22,2.71,6.5387,7.08,3.42,18.4975,24.4724,8.9772,1.9918
2018/8/23,2.74,6.5786,7.3,3.76,18.5472,23.1762,8.987,1.9746
2018/8/24,2.74,6.4189,8.03,4.13,18.3385,23.8487,8.9085,1.988
2018/8/27,2.78,6.5486,8.1,4.52,19.1833,24.4139,9.0362,2.0243
2018/8/28,2.78,6.7483,8.34,4.92,19.4617,24.8623,9.0951,2.0272
2018/8/29,2.73,6.7683,8.11,4.98,19.0541,24.0923,9.046,2.0081
2018/8/30,2.72,6.6984,8.08,4.93,19.1436,24.794,9.0754,2.0339
2018/8/31,2.72,6.4189,8.1,4.91,18.3087,23.9266,8.8888,2.0262
2018/9/3,2.73,6.4089,8.13,5.08,18.3285,23.6343,8.712,2.0157
2018/9/4,2.76,6.4987,8.17,5.07,18.4776,23.644,8.7513,2.0387
2018/9/5,2.74,6.4987,7.79,4.97,17.7918,22.952,8.7022,2.0272
2018/9/6,2.71,6.4588,7.53,4.96,17.5533,22.0359,8.6335,2.0157
2018/9/7,2.7,6.6485,7.61,5.01,17.7322,22.3283,8.5942,2.0195
2018/9/10,2.64,6.8381,7.35,4.96,17.5036,21.7045,8.2209,2.0234
2018/9/11,2.68,6.8581,7.44,5.02,17.2849,21.724,8.2013,2.01
2018/9/12,2.67,6.6585,7.39,4.98,17.0463,21.724,8.1915,2.0023
2018/9/13,2.7,6.7283,7.46,4.99,17.7918,22.2016,8.2406,2.009
2018/9/14,2.68,6.8381,8.21,5.2,17.7421,21.7435,8.27,2.0033
2018/9/17,2.63,7.1975,8.26,5.07,17.7024,21.3049,8.1718,1.9889
2018/9/18,2.67,7.2374,8.27,5.08,17.7918,21.6948,8.2602,2.01
2018/9/19,2.71,7.1775,8.41,5.14,18.418,22.1821,8.329,2.0234
2018/9/20,2.76,7.3872,8.19,5.02,19.3821,23.2152,8.5942,2.0549
2018/9/21,3.04,7.3772,8.35,5.09,19.6604,23.8779,8.7317,2.0855
2018/9/25,3.02,6.7882,8.48,5.12,19.5114,24.4139,8.5843,2.0846
2018/9/26,2.99,6.8881,8.35,5.07,20.0083,24.6186,8.5549,2.0836
2018/9/27,2.89,6.5686,8.09,5.03,19.4517,24.5601,8.437,2.0903
2018/9/28,2.89,6.7183,8.19,5.11,20.1276,25.7297,8.5942,2.1363
2018/10/8,2.79,6.2092,7.6,5.08,18.6367,23.7902,8.3192,2.0406
2018/10/9,2.81,6.2292,7.74,5.07,18.1695,23.9169,8.2897,2.0348
2018/10/10,2.85,6.0695,7.91,5.06,18.2192,23.8682,8.3486,2.0215
2018/10/11,2.6,5.4905,7.22,4.89,16.8376,22.8253,7.8477,1.9468
2018/10/12,2.53,5.4406,7.67,5.01,16.6985,22.991,7.9361,1.9688
2018/10/15,2.48,5.4505,8.06,5.1,15.9033,22.0846,7.8379,1.9133
2018/10/16,2.44,5.201,8.07,5.05,15.9033,21.9677,7.7691,1.8942
2018/10/17,2.45,5.2509,8.16,5.09,15.0883,20.7592,7.8084,1.8779
2018/10/18,2.38,4.9514,7.48,4.92,15.3367,20.7981,7.7789,1.8359
2018/10/19,2.42,5.0612,7.53,5.1,15.8834,21.5876,7.9361,1.9067
2018/10/22,2.56,5.4605,7.85,5.13,17.4439,23.7512,8.1718,2.0205
2018/10/23,2.52,5.4805,7.9,5.04,16.7979,23.0495,8.1227,1.9669
2018/10/24,2.54,5.5604,7.65,5.05,16.3903,22.8546,8.1227,1.9545
2018/10/25,2.5,5.5304,7.55,4.7,16.0723,22.416,8.0933,1.9181
2018/10/26,2.53,5.5404,7.55,4.76,15.8735,21.7825,8.1522,1.9114
2018/10/29,2.49,5.4106,7.54,4.85,15.2274,20.8761,8.2504,1.8655
2018/10/30,2.54,5.5005,7.52,4.87,15.5952,21.0418,8.2111,1.898
2018/10/31,2.62,5.6103,7.58,4.86,16.45,22.2893,8.2602,1.9535
2018/11/1,2.58,5.7001,7.67,4.85,16.7283,22.2796,8.3192,1.9258
2018/11/2,2.68,5.7999,7.83,4.93,18.3484,24.5114,8.4959,2.0215
2018/11/5,2.7,5.8299,7.86,4.93,17.7421,24.1021,8.437,1.9947
2018/11/6,2.68,6.2092,7.77,4.88,17.7918,23.6537,8.4665,1.9889
2018/11/7,2.68,5.9297,7.62,4.92,17.3048,23.2054,8.4468,1.9698
2018/11/8,2.71,5.9397,7.62,4.88,17.3346,23.1957,8.4272,1.9803
2018/11/9,2.72,5.9996,7.57,4.87,17.0364,22.6012,8.437,1.9688
2018/11/12,2.82,6.1992,7.65,4.89,17.2948,23.2737,8.5843,1.9947
2018/11/13,2.91,6.3889,7.84,4.92,17.3545,23.4686,8.6335,2.0052
2018/11/14,2.91,7.0278,7.9,4.94,17.2849,23.4783,8.6433,2.0071
2018/11/15,2.9,7.7266,7.95,4.98,18.0005,24.1898,8.771,2.0444
2018/11/16,2.92,8.4953,8,4.97,17.8813,24.1898,8.8299,2.0482
2018/11/19,2.93,9.3438,8.25,4.97,17.4936,23.566,8.8299,2.0167
2018/11/20,2.88,10.2822,7.87,4.93,16.8972,22.9033,8.6629,1.9813
2018/11/21,2.88,9.6632,8.03,4.98,16.8177,22.8838,8.6629,1.9928
2018/11/22,2.9,8.7848,7.94,4.9,16.7283,22.9618,8.6629,1.9899
2018/11/23,2.72,7.9063,7.66,4.83,16.2313,22.2698,8.3879,1.9688
2018/11/26,2.69,8.066,7.52,4.85,15.9927,21.9384,8.4861,1.966
2018/11/27,2.78,7.9462,7.5,4.83,15.9132,21.8897,8.7219,1.9755
2018/11/28,2.77,7.5968,8.14,5.01,16.5494,22.4647,9.0656,1.9899
2018/11/29,2.76,7.6068,7.57,4.9,16.4003,22.1431,8.7022,1.9774
2018/11/30,2.72,7.3073,7.6,4.91,16.6587,22.5037,8.5843,1.988
2018/12/3,2.81,7.3572,7.75,4.99,17.8912,23.6635,8.7317,2.0301
2018/12/4,2.86,7.6667,7.8,4.92,17.9906,23.2542,8.7906,2.0262
2018/12/5,2.83,6.9779,7.84,5.02,17.8017,22.7766,8.8004,2.0195
2018/12/6,2.77,6.918,7.9,5.02,17.4439,22.299,8.6335,2.0138
2018/12/7,2.77,6.928,8.02,5.03,17.2451,22.1626,8.5549,2.0138
2018/12/10,2.75,7.0378,7.97,5.02,17.0066,22.3283,8.3977,2.0033
2018/12/11,2.75,7.0178,7.98,4.98,17.3644,22.377,8.4174,2.01
2018/12/12,2.75,7.1376,7.94,5,17.3843,22.494,8.4076,2.009
2018/12/13,2.79,7.0777,7.89,4.98,17.6725,22.6791,8.437,2.0435
2018/12/14,2.66,6.6585,7.88,5.02,17.3942,22.1821,8.2406,2.0157
2018/12/17,2.69,6.8082,7.84,4.88,16.7879,21.2465,8.1227,1.9956
2018/12/18,2.68,7.487,7.7,4.77,16.7879,21.2952,8.1227,1.988
2018/12/19,2.62,8.2357,7.55,4.8,16.6488,21.0905,7.9361,1.9851
2018/12/20,2.63,8.066,7.61,4.8,16.6985,21.11,7.9066,1.9688
2018/12/21,2.6,7.3073,7.6,4.8,16.2015,20.8079,7.9263,1.942
2018/12/24,2.59,7.4471,7.62,4.84,16.8674,21.1003,8.0147,1.9535
2018/12/25,2.52,7.8364,7.46,4.75,16.8177,21.0321,7.9754,1.9229
2018/12/26,2.53,8.056,7.44,4.78,16.4997,20.8761,7.8968,1.9172
2018/12/27,2.46,7.487,7.25,4.75,15.9927,20.652,7.8379,1.9229
2018/12/28,2.48,7.477,7.47,4.9,15.8635,20.7592,7.9263,1.9325
2019/1/2,2.48,7.4571,7.49,4.94,15.3169,20.2036,7.8182,1.9067
2019/1/3,2.49,6.9679,7.42,4.93,15.0584,19.4434,7.8084,1.9019
2019/1/4,2.55,7.2574,7.7,4.97,14.9193,19.6676,7.9852,1.9315
2019/1/7,2.6,7.5868,7.69,4.93,15.0982,20.1452,8.0834,1.9325
2019/1/8,2.61,7.6168,7.54,4.88,14.0148,19.8235,8.0343,1.9287
2019/1/9,2.61,7.8464,7.53,4.78,14.6708,20.6325,8.1325,1.9449
2019/1/10,2.59,7.507,7.46,4.78,14.6907,20.3888,8.0933,1.9153
2019/1/11,2.65,7.3872,7.49,4.77,14.472,20.6325,8.1424,1.9239
2019/1/14,2.65,7.5369,7.45,4.78,14.1142,20.535,8.0441,1.9191
2019/1/15,2.68,7.487,7.51,4.81,14.5615,20.9638,8.1325,1.943
2019/1/16,2.64,7.7066,7.49,4.63,14.4223,20.8371,8.1325,1.9315
2019/1/17,2.76,8.4753,7.41,4.54,14.313,20.652,8.1325,1.9315
2019/1/18,2.68,8.056,7.43,4.33,14.8895,20.9833,8.1915,1.942
2019/1/21,2.67,8.086,7.5,4.46,15.7045,21.6168,8.2504,1.9641
2019/1/22,2.67,8.2856,7.38,4.28,15.456,21.1685,8.2013,1.9497
2019/1/23,2.65,8.2157,7.32,4.29,15.1479,20.9151,8.2111,1.944
2019/1/24,2.66,7.8863,7.35,4.41,15.287,20.8274,8.2504,1.9344
2019/1/25,2.62,7.5269,7.3,4.36,15.1181,20.9054,8.5254,1.9459
2019/1/28,2.62,7.5569,7.43,4.46,15.1379,20.6617,8.4076,1.9382
2019/1/29,2.54,7.1276,7.09,4.36,14.9392,21.1295,8.4272,1.9401
2019/1/30,2.51,7.0278,6.54,4.2,14.641,20.9248,8.4468,1.9287
2019/1/31,2.47,6.7583,5.89,3.8,14.8895,20.8371,8.3781,1.9086
2019/2/1,2.56,6.9479,6.05,3.84,15.3069,21.4804,8.5254,1.9306
2019/2/11,2.63,7.1576,6.18,3.83,15.456,22.299,8.5942,1.9554
2019/2/12,2.72,7.2474,6.28,3.82,15.5852,22.299,8.6629,1.9526
2019/2/13,2.75,7.3273,6.32,3.83,16.6488,22.8643,8.7513,1.9899
2019/2/14,2.7,7.4471,6.36,3.99,17.0165,22.8351,8.7317,1.9908
2019/2/15,2.72,7.3872,6.34,3.91,16.7382,22.6402,8.7808,1.9765
2019/2/18,2.78,7.6867,6.5,3.95,17.6825,23.683,8.8888,2.0119
2019/2/19,2.75,7.8664,7.04,4.11,17.4737,23.5855,8.8594,2.009
2019/2/20,2.86,7.7565,7.02,4.06,17.593,23.5173,8.8594,2.0224
2019/2/21,2.77,7.7765,6.84,3.97,17.424,24.18,8.8594,2.0138
2019/2/22,2.81,8.1559,6.87,3.99,17.603,23.9949,8.9281,2.01
2019/2/25,2.91,8.7648,7.08,4.09,18.2292,24.9012,9.3308,2.0779
2019/2/26,2.95,8.2856,7.28,4.13,18.2987,24.4237,9.2326,2.0789
2019/2/27,3.03,8.6151,7.09,4.12,18.7361,24.18,9.2129,2.0645
2019/2/28,3,8.1359,7.13,4.32,19.4318,24.5601,9.2129,2.0559
2019/3/1,2.98,8.2257,7.11,4.2,19.5312,24.3555,9.2031,2.0549
2019/3/4,3.01,8.3855,7.18,4.26,19.3821,24.5796,9.4978,2.0693
2019/3/5,3.07,8.7249,7.37,4.33,19.1833,24.6089,9.488,2.0903
2019/3/6,3.18,8.665,7.4,4.34,18.9846,24.5017,9.5272,2.0875
2019/3/7,3.26,8.9645,7.56,4.43,18.4876,24.1605,9.5371,2.0722
2019/3/8,3.08,8.1858,7.37,4.29,17.7719,22.9715,9.0853,2.0415
2019/3/11,3.18,8.5552,7.55,4.34,18.1397,23.7317,9.4389,2.0702
2019/3/12,3.26,8.8047,7.7,4.43,18.5472,23.9169,9.488,2.0674
2019/3/13,3.21,9.5035,7.49,4.44,18.1298,23.605,9.5567,2.0559
2019/3/14,3.16,8.5552,7.29,4.25,18.8156,23.2542,9.3406,2.0195
2019/3/15,3.25,8.8147,7.78,4.44,19.7598,24.9402,9.6648,2.0683
2019/3/18,3.38,9.244,7.9,4.45,20.8631,25.3983,9.871,2.0951
2019/3/19,3.4,9.1841,7.94,4.4,21.2508,26.256,9.8514,2.119
2019/3/20,3.35,10.1025,8.2,4.4,20.9427,26.3144,9.8514,2.1123
2019/3/21,3.4,11.1107,8.1,4.4,20.724,26.6653,9.9692,2.1257
2019/3/22,3.54,12.2188,8.61,4.51,21.6583,27.942,10.2148,2.1324
2019/3/25,3.46,13.4367,8.68,4.47,21.211,26.9772,10.1067,2.0999
2019/3/26,3.34,14.7844,8.17,4.37,20.5451,26.3339,9.9594,2.0827
2019/3/27,3.3,16.2618,8.02,4.38,21.7179,26.3632,9.9987,2.0836
2019/3/28,3.2,15.1837,7.45,4.28,21.5987,26.3339,9.9103,2.0817
2019/3/29,3.29,15.2835,7.56,4.37,21.8472,27.0649,10.1559,2.1162
2019/4/1,3.38,15.7726,7.74,4.43,23.5568,29.7743,10.3228,2.2147
2019/4/2,3.38,15.5031,7.74,4.45,22.861,28.9069,10.313,2.2109
2019/4/3,3.42,14.964,7.82,4.44,23.4176,29.0823,10.4505,2.2185
2019/4/4,3.42,15.1038,7.84,4.43,23.1294,28.7412,10.4996,2.2233
2019/4/8,3.4,15.573,7.78,4.28,22.4435,28.098,10.48,2.1726
2019/4/9,3.44,17.1303,8.08,4.34,22.364,28.9166,10.6469,2.1697
2019/4/10,3.45,16.0322,8.34,4.37,23.1691,29.7548,10.6469,2.1678
2019/4/11,3.4,14.974,8.33,4.38,22.0261,28.4098,10.5585,2.1267
2019/4/12,3.4,14.2453,8.47,4.41,21.4694,28.5463,10.5291,2.1315
2019/4/15,3.4,14.7245,8.11,4.4,22.7119,28.673,10.6371,2.1334
2019/4/16,3.44,14.8243,7.91,4.36,22.3938,28.7412,11.0889,2.1353
2019/4/17,3.46,15.2935,7.91,4.37,22.1354,28.0687,10.9809,2.1363
2019/4/18,3.38,16.162,7.71,4.35,21.7975,27.484,10.8139,2.1324
2019/4/19,3.41,16.4015,7.75,4.34,22.0956,27.484,10.9711,2.1372
2019/4/22,3.46,18.0387,7.88,4.33,21.0818,26.8602,10.9023,2.12
2019/4/23,3.32,16.2318,7.61,4.23,21.0122,26.1682,10.755,2.1133
2019/4/24,3.35,15.3334,7.71,4.26,21.0719,26.5971,10.9121,2.1276
2019/4/25,3.19,14.3551,7.19,4.06,20.8035,25.7004,10.6077,2.1114
2019/4/26,3.11,13.826,6.96,4.12,21.0122,25.0864,10.3719,2.1066
2019/4/29,2.99,12.4484,6.47,3.96,20.2767,25.486,10.0085,2.0989
2019/4/30,3.01,12.708,6.66,4.04,20.1276,26.2852,10.205,2.1123
2019/5/6,2.79,11.4402,6.03,3.79,18.1397,25.4373,9.4094,2.0482
2019/5/7,2.85,11.1407,6.17,3.88,18.4975,24.6576,9.6648,2.053
2019/5/8,2.89,10.941,6.21,3.78,18.3484,24.3847,9.8121,2.0234
2019/5/9,2.87,10.7913,6.12,3.78,18.0105,23.7804,9.6942,2.0119
2019/5/10,2.93,11.3603,6.26,3.83,18.6566,24.9987,9.9005,2.0272
2019/5/13,2.96,11.5001,6.28,3.77,17.7918,24.4042,9.9791,2.0004
2019/5/14,3,11.2705,6.22,3.6,18.0204,23.9559,9.9103,1.9918
2019/5/15,3.07,11.9792,6.37,3.77,18.3285,24.5406,10.0085,2.0081
2019/5/16,3.1,12.0192,6.39,3.88,18.2689,24.5991,10.0282,2.0128
2019/5/17,3.07,11.0508,6.15,3.83,17.3247,23.9364,9.8219,1.9841
2019/5/20,3.04,10.7813,5.91,3.8,16.6686,23.3906,9.7924,1.9707
2019/5/21,3.05,11.1806,6,3.85,17.5433,24.3262,9.9692,1.9774
2019/5/22,3.07,11.2006,6.6,4.17,17.593,24.7843,9.9987,1.9707
2019/5/23,2.97,11.0808,6.41,3.96,16.8575,24.1508,9.9005,1.9593
2019/5/24,2.92,11.1407,6.12,3.83,16.778,24.375,9.9103,1.9583
2019/5/27,2.96,11.3902,6.22,3.84,16.9171,24.5406,9.9987,1.9707
2019/5/28,2.95,11.53,6.14,3.86,16.8575,24.2775,10.0183,1.9688
2019/5/29,2.93,11.3,6.14,3.85,16.7581,24.2678,10.146,1.9707
2019/5/30,2.9,11.01,6.06,3.85,16.7482,24.3165,10.2246,1.9593
2019/5/31,2.89,10.85,6.05,3.87,16.4301,24.0728,10.146,1.9564
2019/6/3,3.01,10.43,6.13,3.94,16.2015,23.5855,10.146,1.9133
2019/6/4,3.01,10.27,5.8,3.8,16.2512,23.3711,10.0576,1.9076
2019/6/5,3.12,10.18,5.83,3.79,15.8536,23.3516,10.0871,1.9038
2019/6/6,3.12,9.58,5.68,3.71,15.287,22.6207,9.9987,1.8952
2019/6/10,3.12,9.78,5.67,3.71,15.7542,23.03,10.1853,1.921
2019/6/11,3.11,10.32,5.85,3.77,16.6488,23.62,10.4014,1.964
2019/6/12,3.03,10.05,5.86,3.78,16.609,24.09,10.4309,1.961
2019/6/13,3.01,10.35,5.86,3.74,16.1518,24,10.3621,1.967
2019/6/14,2.93,10.02,5.74,3.72,15.8337,23.71,10.2835,1.97
2019/6/17,2.95,9.9,5.8,3.7,15.6846,23.52,10.3326,1.956
2019/6/18,3.03,9.95,5.87,3.69,15.784,23.35,10.6568,1.956
2019/6/19,3.05,10.17,5.88,3.68,16.3804,24.38,10.7059,1.989
2019/6/20,3.07,10.34,5.98,3.74,17.3147,24.85,10.8237,1.995
2019/6/21,3.1,10.37,6.06,3.77,17.7024,24.8,10.755,2.07
2019/6/24,3.15,10.28,6.05,3.64,17.8216,25.1,10.922,2.041
2019/6/25,3.1,10.29,6.05,3.64,17.6924,25.01,10.8041,2.017
2019/6/26,2.98,10.14,6,3.69,17.8117,23.79,10.8139,1.998
2019/6/27,2.96,10.12,6,3.68,18.09,25.05,10.8729,2.017
2019/6/28,2.95,9.93,5.95,3.66,17.98,24.64,10.8729,2
2019/7/1,3,10.31,6.12,3.68,19.22,26.27,10.9711,2.056
2019/7/2,2.98,10.32,6.21,3.7,19.14,26.38,11.03,2.045
2019/7/3,2.94,10.13,6.2,3.69,18.7,26.21,11.2461,2.026
2019/7/4,2.92,10.05,6.07,3.71,18.55,25.99,11.0496,2.016
2019/7/5,2.92,10.14,6.07,3.71,18.52,26.1,10.9711,2.02
2019/7/8,2.84,9.81,5.81,3.66,17.91,25.25,10.6961,1.985
2019/7/9,2.83,9.68,5.85,3.66,18.18,25.08,10.8729,1.985
2019/7/10,2.82,9.46,5.73,3.62,17.78,24.92,11.0791,1.982
2019/7/11,2.82,9.27,5.69,3.6,17.51,24.8,11.2363,1.977
2019/7/12,2.81,9.22,5.7,3.54,17.36,24.41,11.3148,1.982
2019/7/15,2.84,9.35,5.77,3.52,17.73,24.76,11.1773,1.985
2019/7/16,2.84,9.29,5.91,3.59,17.33,24.54,11.2952,1.984
2019/7/17,2.85,9.28,5.98,3.58,17.17,24.32,11.2952,1.988
2019/7/18,2.82,8.93,5.76,3.55,16.55,23.55,11.1872,1.962
2019/7/19,2.81,9.03,5.71,3.58,17.22,24.3,11.3738,1.965
2019/7/22,2.73,8.7,5.43,3.57,16.83,23.92,11.1479,1.94
2019/7/23,2.74,8.84,5.48,3.5,16.84,23.87,11.0791,1.952
2019/7/24,2.79,9.11,5.56,3.52,17.7,24.22,11.03,1.963
2019/7/25,2.85,9.04,5.54,3.44,17.55,24.5,11.22,1.976
2019/7/26,2.82,9.49,5.55,3.46,17.7,24.4,11.24,1.969
2019/7/29,2.81,9.27,5.54,3.44,17.43,24.31,11.12,1.966
2019/7/30,2.83,9.23,5.56,3.42,17.41,24.41,11.08,1.964
2019/7/31,2.79,9.12,5.46,3.39,17.02,24.13,10.78,1.94
2019/8/1,2.8,9.22,5.45,3.42,16.91,24.38,10.76,1.93
2019/8/2,2.76,9.01,5.34,3.37,16.68,23.89,10.81,1.913
2019/8/5,2.71,8.91,5.21,3.27,16.2,23.62,10.71,1.871
2019/8/6,2.59,8.34,4.83,3.05,15.62,23.17,10.46,1.832
2019/8/7,2.59,8.21,4.83,3.01,14.98,22.98,10.49,1.825
2019/8/8,2.62,8.22,4.85,3.03,15.71,23.41,10.72,1.855
2019/8/9,2.58,7.98,4.75,2.92,15.7,23.32,10.56,1.83
2019/8/12,2.61,8.23,4.81,2.86,15.79,23.55,10.45,1.83
2019/8/13,2.61,8.15,4.82,2.88,15.43,23.58,10.41,1.813
2019/8/14,2.61,8.11,4.77,2.85,16,23.74,10.43,1.823
2019/8/15,2.57,8.16,4.75,2.8,15.8,23.53,10.46,1.824
2019/8/16,2.57,8.29,4.85,2.87,15.84,23.7,10.47,1.829
2019/8/19,2.63,8.47,5.03,2.91,16.69,24.29,10.58,1.856
2019/8/20,2.64,8.4,5.06,2.92,16.58,23.85,10.62,1.855
2019/8/21,2.6,8.81,5.02,2.88,16.32,23.59,10.62,1.86
2019/8/22,2.62,9.69,5.04,2.9,16.2,23.52,10.6,1.858
2019/8/23,2.62,9.68,5,2.89,15.99,23.2,10.55,1.843
2019/8/26,2.58,9.95,4.98,2.82,15.44,22.67,10.36,1.829
2019/8/27,2.63,10.01,5.06,2.86,15.78,22.95,10.43,1.856
2019/8/28,2.76,9.97,5.22,2.93,16.39,23.55,10.52,1.852
2019/8/29,2.69,9.83,5.06,2.9,17.28,23.99,10.43,1.865
2019/8/30,2.64,9.48,5.05,2.89,17.57,24.03,10.51,1.853
2019/9/2,2.69,9.78,5.11,2.96,17.73,23.89,10.56,1.855
2019/9/3,2.72,10.09,5.1,2.97,17.63,23.84,10.48,1.856
2019/9/4,2.75,11.1,5.18,3,18.04,23.98,10.39,1.861
2019/9/5,2.75,11.09,5.22,3,17.77,24.15,10.36,1.864
2019/9/6,2.74,11.08,5.24,2.95,17.96,24.17,10.25,1.868
2019/9/9,2.76,11.25,5.33,2.95,18.61,25,10.42,1.93
2019/9/10,2.76,11.07,5.38,2.93,18.25,24.75,10.47,1.916
2019/9/11,2.75,11.17,5.3,2.96,18.12,24.55,10.39,1.92
2019/9/12,2.76,11.66,5.38,3.01,18.04,24.55,10.38,1.924
2019/9/16,2.76,11.49,5.53,3.01,18.08,24.3,10.35,1.925
2019/9/17,2.68,10.85,5.26,2.97,17.88,23.84,10.17,1.899
2019/9/18,2.67,10.95,5.19,2.98,17.65,23.8,10.1,1.896
2019/9/19,2.74,11.45,5.3,3.01,18.04,24.18,10.21,1.902
2019/9/20,2.76,11.12,5.42,3.01,17.86,24.18,10.17,1.907
2019/9/23,2.7,10.92,5.23,2.95,17.42,23.78,10.15,1.891
2019/9/24,2.7,10.84,5.2,2.98,17.3,23.53,10.12,1.908
2019/9/25,2.63,10.31,5.01,2.95,16.95,23.28,9.93,1.898
2019/9/26,2.58,10.21,4.79,2.91,16.85,23.21,9.71,1.904
2019/9/27,2.64,10.21,4.88,2.91,16.99,23.23,9.7,1.903
2019/9/30,2.63,9.87,4.83,2.94,16.79,23.15,9.74,1.908
