ÈÕÆÚ,000721.SZ,002186.SZ,002306.SZ
2014/1/2,3.3722,17.5147,5.29
2014/1/3,3.3672,17.1618,5.13
2014/1/6,3.3128,16.6232,5.07
2014/1/7,3.298,16.7161,5.08
2014/1/8,3.3919,16.5861,5.04
2014/1/9,3.3722,16.1124,5.06
2014/1/10,3.3326,16.326,5
2014/1/13,3.2782,16.2332,5
2014/1/14,3.3375,16.5303,4.94
2014/1/15,3.3623,16.8461,5.03
2014/1/16,3.1299,16.4653,5
2014/1/17,3.0607,16.2796,5.15
2014/1/20,3.026,16.131,5.16
2014/1/21,3.0409,16.3168,5.14
2014/1/22,3.0903,16.8554,5.17
2014/1/23,3.1299,17.0875,5.18
2014/1/24,3.1942,16.9482,5.34
2014/1/27,3.1645,16.8089,5.71
2014/1/28,3.1793,16.7997,5.73
2014/1/29,3.2584,16.8368,5.84
2014/1/30,3.3722,16.7904,5.84
2014/2/7,3.3573,16.8647,6.13
2014/2/10,3.5403,17.1804,6.1
2014/2/11,3.8963,17.6819,6.18
2014/2/12,4.2869,17.654,6.19
2014/2/13,4.2028,17.3476,6.09
2014/2/14,4.3611,17.7098,6.17
2014/2/17,4.4501,17.6262,6.22
2014/2/18,4.4204,18.1462,6.3
2014/2/19,4.3314,18.0719,6.3
2014/2/20,4.3907,17.4497,6.2
2014/2/21,4.3413,17.4404,6.09
2014/2/24,4.4105,17.5426,6.35
2014/2/25,4.1831,18.1091,6.39
2014/2/26,4.188,18.9356,6.72
2014/2/27,4.0347,18.9356,6.53
2014/2/28,4.1039,18.5734,6.72
2014/3/3,4.1979,18.9263,6.79
2014/3/4,4.3067,18.7684,6.72
2014/3/5,4.2127,18.5084,6.95
2014/3/6,4.3166,18.2484,6.97
2014/3/7,4.3166,18.5827,6.64
2014/3/10,4.1534,18.0905,6.53
2014/3/11,4.1781,17.3383,6.35
2014/3/12,4.1831,17.1804,6.57
2014/3/13,4.2177,17.5333,6.65
2014/3/14,4.3808,17.5055,6.55
2014/3/17,4.4797,17.6726,6.58
2014/3/18,4.5836,17.5983,6.63
2014/3/19,4.633,17.6819,6.65
2014/3/20,4.3462,17.264,6.75
2014/3/21,4.4698,17.004,6.74
2014/3/24,4.5045,16.9854,6.67
2014/3/25,4.3858,16.9947,6.6
2014/3/26,4.3957,16.9854,6.57
2014/3/27,4.2078,16.7439,6.41
2014/3/28,4.1979,16.7625,6.34
2014/3/31,4.1633,16.7532,6.17
2014/4/1,4.2424,16.9018,6.34
2014/4/2,4.2622,16.9297,6.32
2014/4/3,4.1979,16.8925,6.43
2014/4/4,4.2721,17.0411,6.49
2014/4/8,4.3116,17.1061,6.47
2014/4/9,4.4847,16.9947,6.67
2014/4/10,4.4451,16.8182,6.63
2014/4/11,4.3215,16.7254,6.66
2014/4/14,4.4501,16.6139,7
2014/4/15,4.3808,16.4932,6.6
2014/4/16,4.4056,16.7997,6.6
2014/4/17,4.3907,16.6325,6.6
2014/4/18,4.3957,16.5768,6.6
2014/4/21,4.2819,16.3075,6.6
2014/4/22,4.1732,16.1589,6.6
2014/4/23,4.1336,15.9731,6.6
2014/4/24,4.1386,16.2053,6.6
2014/4/25,4.01,15.9824,6.6
2014/4/28,3.61,15.3416,6.6
2014/4/29,3.62,15.5645,6.6
2014/4/30,3.6,15.9639,6.6
2014/5/5,3.71,16.0474,6.6
2014/5/6,3.74,15.7874,6.6
2014/5/7,3.64,15.7131,6.6
2014/5/8,3.65,15.5181,6.6
2014/5/9,3.62,15.1931,6.6
2014/5/12,3.7,15.6945,6.34
2014/5/13,3.84,15.7224,6.2
2014/5/14,3.76,15.8803,6.2
2014/5/15,3.78,15.7038,6.2
2014/5/16,3.77,15.7596,6.2
2014/5/19,3.81,15.5924,6.2
2014/5/20,3.81,15.6481,6.2
2014/5/21,3.83,15.6574,6.2
2014/5/22,3.83,15.7781,6.2
2014/5/23,3.83,16.4096,6.2
2014/5/26,3.85,16.4096,6.2
2014/5/27,3.82,16.2796,6.2
2014/5/28,3.84,16.391,6.2
2014/5/29,3.65,16.2703,6.2
2014/5/30,3.73,16.2891,6.2
2014/6/3,3.72,16.4678,6.2
2014/6/4,3.73,16.4114,6.2
2014/6/5,3.75,16.7406,6.2
2014/6/6,3.72,16.7123,6.2
2014/6/9,3.71,16.6371,6.2
2014/6/10,3.71,16.7029,6.2
2014/6/11,3.7,16.6935,6.2
2014/6/12,3.68,16.6935,6.2
2014/6/13,3.73,16.797,6.09
2014/6/16,3.76,16.9569,6.08
2014/6/17,3.71,16.6277,6.06
2014/6/18,3.73,16.2703,5.93
2014/6/19,3.63,15.7248,5.8
2014/6/20,3.61,15.9129,5.57
2014/6/23,3.63,16.0352,5.57
2014/6/24,3.72,16.1292,5.57
2014/6/25,3.68,16.0446,5.57
2014/6/26,4.05,16.2421,5.57
2014/6/27,4.46,16.2985,5.57
2014/6/30,4.91,16.5054,5.57
2014/7/1,5.4,16.5242,5.57
2014/7/2,5.59,16.4302,5.57
2014/7/3,5.17,16.5995,5.57
2014/7/4,5.06,16.6559,5.57
2014/7/7,5.09,17.3895,5.57
2014/7/8,5.1,17.4177,5.57
2014/7/9,4.75,16.8346,5.57
2014/7/10,4.66,17.0791,5.57
2014/7/11,4.66,17.1732,5.57
2014/7/14,4.69,17.145,5.57
2014/7/15,4.41,17.286,5.57
2014/7/16,4.41,17.2014,5.57
2014/7/17,4.41,16.9757,5.57
2014/7/18,4.4,17.0509,5.57
2014/7/21,4.37,16.8816,5.57
2014/7/22,4.41,17.0227,5.57
2014/7/23,4.32,16.9945,5.57
2014/7/24,4.29,16.9945,5.57
2014/7/25,4.32,17.0979,5.57
2014/7/28,4.45,17.4459,5.57
2014/7/29,4.48,17.587,6.13
2014/7/30,4.5,17.5212,6.74
2014/7/31,4.51,17.8221,7.41
2014/8/1,4.38,17.5588,7.18
2014/8/4,4.45,17.6622,7.43
2014/8/5,4.55,17.8691,7.86
2014/8/6,4.55,17.8879,8.27
2014/8/7,4.42,17.7093,9.1
2014/8/8,4.6,18.3864,9.1
2014/8/11,4.63,18.6497,9.1
2014/8/12,4.75,18.5369,9.1
2014/8/13,4.66,18.5369,9.1
2014/8/14,4.53,18.2735,9.1
2014/8/15,4.57,18.33,9.1
2014/8/18,4.71,18.6968,9.1
2014/8/19,4.8,18.4522,9.1
2014/8/20,4.91,18.0854,9.1
2014/8/21,4.91,18.1607,9.1
2014/8/22,4.97,18.7908,9.1
2014/8/25,4.83,18.3864,9.1
2014/8/26,4.67,18.5839,9.1
2014/8/27,4.75,18.4616,9.1
2014/8/28,4.57,19.1388,9.1
2014/8/29,4.63,19.0635,9.1
2014/9/1,4.75,19.3833,9.1
2014/9/2,5.23,19.9194,9.1
2014/9/3,5.34,19.7501,9.1
2014/9/4,5.38,19.8159,9.1
2014/9/5,5.28,19.863,9.1
2014/9/9,5.29,19.7407,9.1
2014/9/10,5.29,19.7595,10.01
2014/9/11,5.26,19.5808,10.45
2014/9/12,5.4,19.8347,10.14
2014/9/15,5.43,20.1263,10.56
2014/9/16,5.12,20.1357,10.14
2014/9/17,5.16,20.8975,10.21
2014/9/18,5.18,20.5777,11.13
2014/9/19,5.26,20.7282,11.6
2014/9/22,5.36,20.2956,11.37
2014/9/23,5.44,20.5213,11.28
2014/9/24,5.44,20.5871,11.4
2014/9/25,5.47,20.5871,10.72
2014/9/26,5.41,20.5871,10.85
2014/9/29,5.43,20.6341,11.26
2014/9/30,5.51,20.6906,11.23
2014/10/8,5.54,20.5965,11.32
2014/10/9,5.47,19.957,12.45
2014/10/10,5.32,19.6184,12.01
2014/10/13,5.4,19.9006,12.01
2014/10/14,5.37,19.7971,12.01
2014/10/15,5.34,19.5056,10.81
2014/10/16,5.29,19.2987,9.73
2014/10/17,5.3,19.2516,9.27
2014/10/20,5.3,19.7313,10.09
2014/10/21,5.45,19.4303,9.9
2014/10/22,5.29,19.3081,8.91
2014/10/23,5.04,18.9883,8.55
2014/10/24,5.03,18.9789,8.16
2014/10/27,5.05,18.9977,7.89
2014/10/28,5.14,19.4021,7.89
2014/10/29,5.18,19.5244,7.89
2014/10/30,5.18,19.5996,7.89
2014/10/31,5.19,20.1639,7.89
2014/11/3,5.32,19.9946,7.89
2014/11/4,5.33,19.7031,7.89
2014/11/5,5.26,19.7313,7.89
2014/11/6,5.24,19.562,7.89
2014/11/7,5.18,19.3269,7.89
2014/11/10,5.39,19.5902,7.89
2014/11/11,5.14,19.0918,7.89
2014/11/12,5.18,19.2422,7.89
2014/11/13,5.11,18.5087,7.89
2014/11/14,5.09,18.5745,7.89
2014/11/17,5.12,18.8096,7.89
2014/11/18,5.18,18.6685,7.89
2014/11/19,5.16,18.8849,7.89
2014/11/20,5.15,18.6874,7.89
2014/11/21,5.17,18.9601,7.89
2014/11/24,5.31,19.3081,7.89
2014/11/25,5.35,19.2422,7.89
2014/11/26,5.77,19.2799,8.28
2014/11/27,5.72,19.0071,8.02
2014/11/28,5.71,18.7156,7.76
2014/12/1,5.73,18.6403,7.98
2014/12/2,5.66,18.9507,7.94
2014/12/3,5.69,19.3269,7.81
2014/12/4,5.7,19.3457,8.59
2014/12/5,5.38,18.6403,8.91
2014/12/8,5.43,18.4522,8.45
2014/12/9,5.19,18.0666,7.9
2014/12/10,5.35,18.3488,7.99
2014/12/11,5.8,18.5463,7.91
2014/12/12,5.7,18.4334,7.95
2014/12/15,5.96,18.5745,7.76
2014/12/16,5.91,18.5369,7.43
2014/12/17,5.72,18.2077,7.49
2014/12/18,5.66,18.076,7.09
2014/12/19,5.65,17.7657,6.56
2014/12/22,5.26,17.2296,5.9
2014/12/23,5.35,17.2766,5.33
2014/12/24,5.54,17.7845,5.86
2014/12/25,5.69,17.8033,6.16
2014/12/26,6.26,17.9538,5.93
2014/12/29,6.61,17.8221,5.93
2014/12/30,6.28,18.0102,5.54
2014/12/31,6.3,17.9162,6.09
2015/1/5,6.31,18.0384,6.1
2015/1/6,6.31,18.2829,6.13
2015/1/7,6.31,18.0384,6.13
2015/1/8,6.31,17.7281,6.34
2015/1/9,6.31,17.8221,6.62
2015/1/12,6.31,17.587,6.28
2015/1/13,6.31,17.8127,6.18
2015/1/14,6.31,17.6152,6.32
2015/1/15,6.31,17.7281,6.21
2015/1/16,6.31,18.0478,6.2
2015/1/19,6.31,17.4271,6.08
2015/1/20,6.31,17.8315,6.48
2015/1/21,6.31,18.2547,6.57
2015/1/22,6.31,18.2453,6.49
2015/1/23,6.31,18.1889,7.14
2015/1/26,6.31,18.6779,7.21
2015/1/27,6.31,18.6215,7.25
2015/1/28,6.31,18.5275,7.48
2015/1/29,6.31,18.5369,7.59
2015/1/30,6.31,20.3896,6.83
2015/2/2,6.31,19.2234,6.15
2015/2/3,6.31,18.9977,6.22
2015/2/4,6.31,18.9789,6.01
2015/2/5,6.31,18.6403,6.12
2015/2/6,6.31,18.0666,5.95
2015/2/9,6.31,18.0948,5.57
2015/2/10,6.31,18.1795,5.59
2015/2/11,6.31,18.1889,6.15
2015/2/12,6.31,18.6403,6.62
2015/2/13,6.31,18.7156,6.6
2015/2/16,6.31,19.0071,6.59
2015/2/17,6.31,19.0259,6.53
2015/2/25,6.31,18.6027,6.85
2015/2/26,6.31,18.8943,6.81
2015/2/27,6.31,18.9131,6.88
2015/3/2,6.31,19.12,6.91
2015/3/3,6.31,18.9507,7.07
2015/3/4,6.31,19.3551,7.15
2015/3/5,6.31,19.3175,7.62
2015/3/6,6.31,19.0165,7.88
2015/3/9,6.31,19.0824,8.67
2015/3/10,6.31,19.1764,8.6
2015/3/11,6.31,18.9789,9.46
2015/3/12,6.31,19.1012,9.1
2015/3/13,6.31,19.2704,9.1
2015/3/16,6.31,19.656,9.1
2015/3/17,6.31,19.9194,9
2015/3/18,6.31,20.1733,9.05
2015/3/19,6.31,20.0322,8.76
2015/3/20,6.31,20.2109,9.04
2015/3/23,6.31,20.5589,8.92
2015/3/24,6.31,20.2203,9.66
2015/3/25,6.31,22.2424,9.29
2015/3/26,6.31,21.8003,8.76
2015/3/27,6.31,21.8192,8.75
2015/3/30,6.31,21.9602,7.88
2015/3/31,6.31,21.8003,8
2015/4/1,6.31,22.2142,7.82
2015/4/2,6.31,22.3364,7.82
2015/4/3,6.31,22.5433,7.64
2015/4/7,6.94,23.2957,8.4
2015/4/8,7.63,22.7878,8.7
2015/4/9,8.39,22.1765,8.51
2015/4/10,9.23,23.7659,8.51
2015/4/13,10.15,24.9604,8.73
2015/4/14,9.88,24.2362,8.4
2015/4/15,9.01,23.2487,7.8
2015/4/16,9,23.2863,7.84
2015/4/17,9.06,23.4932,8.01
2015/4/20,8.82,22.4963,7.76
2015/4/21,9.11,23.2111,8.09
2015/4/22,9.37,23.8224,8.64
2015/4/23,9.22,24.1515,8.66
2015/4/24,9.05,23.7942,8.67
2015/4/27,9.06,23.8224,8.71
2015/4/28,8.67,22.8913,8.08
2015/4/29,8.89,23.3427,8.08
2015/4/30,9.2,22.9948,7.68
2015/5/4,9.08,22.7126,7.3
2015/5/5,8.67,22.5151,7.67
2015/5/6,8.29,21.9226,7.29
2015/5/7,8.27,21.6875,6.93
2015/5/8,8.47,22.3364,6.82
2015/5/11,9.04,22.9477,7.04
2015/5/12,9.28,23.0982,7.2
2015/5/13,10.21,24.0575,7.07
2015/5/14,9.89,23.7942,7.22
2015/5/15,9.53,24.0763,6.95
2015/5/18,9.49,24.5183,6.99
2015/5/19,9.67,24.4713,7.07
2015/5/20,10.64,24.4995,7.35
2015/5/21,11.6,24.8099,7.27
2015/5/22,12.76,25.4682,7.52
2015/5/25,13.35,26.2582,7.65
2015/5/26,13.21,26.4557,8.03
2015/5/27,12.99,26.4745,8.43
2015/5/28,12.5,24.5465,8.11
2015/5/29,12.29,24.7817,8.36
2015/6/1,13.16,26.6062,8.78
2015/6/2,13.48,27.1329,9.22
2015/6/3,14.83,28.1956,9.22
2015/6/4,16.12,27.3868,9.22
2015/6/5,15.64,27.9793,9.22
2015/6/8,15.14,29.0703,9.22
2015/6/9,15.29,28.8916,9.22
2015/6/10,15.45,29.1377,9.22
2015/6/11,15.5,32.0534,9.22
2015/6/12,16.29,31.4286,9.22
2015/6/15,15.29,30.5955,9.22
2015/6/16,14.2,29.2986,9.22
2015/6/17,14.38,29.7435,9.22
2015/6/18,13.25,28.5697,9.22
2015/6/19,11.93,26.4208,9.22
2015/6/23,11.76,26.8847,9.22
2015/6/24,12.06,27.6988,9.22
2015/6/25,12.1,26.3451,9.22
2015/6/26,11.58,23.7134,9.22
2015/6/29,11.92,23.278,9.22
2015/6/30,13.05,24.7169,9.22
2015/7/1,12.36,22.7194,9.22
2015/7/2,11.12,20.6842,9.22
2015/7/3,10.01,20.2771,9.22
2015/7/6,9.01,18.9329,9.22
2015/7/7,8.11,17.0396,9.22
2015/7/8,8.11,17.2668,9.22
2015/7/9,8.11,18.9897,9.22
2015/7/10,8.11,20.8924,9.22
2015/7/13,8.11,22.5964,9.22
2015/7/14,8.11,21.0155,9.22
2015/7/15,8.11,18.9234,9.22
2015/7/16,8.11,19.4251,9.22
2015/7/17,8.11,20.4002,9.22
2015/7/20,8.11,20.4191,9.22
2015/7/21,8.11,20.5895,9.22
2015/7/22,8.11,20.7126,9.22
2015/7/23,8.11,21.5267,9.22
2015/7/24,8.92,21.0534,9.22
2015/7/27,9.61,19.0181,9.22
2015/7/28,10.57,19.2074,9.22
2015/7/29,11.05,20.315,9.22
2015/7/30,9.95,20.6558,9.22
2015/7/31,9,21.2237,9.22
2015/8/3,8.1,21.2995,9.22
2015/8/4,8.9,22.2177,9.22
2015/8/5,8.76,21.5645,9.22
2015/8/6,8.61,21.0344,9.22
2015/8/7,9.07,21.5361,9.22
2015/8/10,9.51,22.568,9.22
2015/8/11,10.22,22.549,9.22
2015/8/12,10,23.4673,9.22
2015/8/13,10.04,24.3003,9.22
2015/8/14,9.75,24.8967,9.22
2015/8/17,10,25.2281,9.22
2015/8/18,9,22.7573,9.22
2015/8/19,9.15,23.1454,9.22
2015/8/20,9.37,22.4828,9.22
2015/8/21,10.28,22.3692,9.22
2015/8/24,9.7,20.1351,9.22
2015/8/25,8.73,18.1188,9.22
2015/8/26,7.86,17.6265,9.22
2015/8/27,8.01,18.4595,9.22
2015/8/28,8.56,19.5861,9.22
2015/8/31,8.7,18.6962,9.22
2015/9/1,8.18,17.778,9.22
2015/9/2,7.36,17.2668,9.22
2015/9/7,6.99,17.5224,9.22
2015/9/8,7.41,18.2324,9.22
2015/9/9,7.75,18.8761,9.22
2015/9/10,7.26,18.5163,9.22
2015/9/11,7.26,18.6962,9.22
2015/9/14,6.53,17.1153,9.22
2015/9/15,5.88,16.1592,9.22
2015/9/16,6.47,17.5792,9.22
2015/9/17,7.12,16.9449,9.22
2015/9/18,7.25,17.0207,9.22
2015/9/21,7.81,17.6833,9.22
2015/9/22,7.34,17.617,9.22
2015/9/23,7.05,17.333,9.22
2015/9/24,7.07,17.5602,9.22
2015/9/25,6.56,16.9733,9.22
2015/9/28,6.69,17.21,9.22
2015/9/29,6.4,16.8787,9.22
2015/9/30,6.38,17.0774,9.22
2015/10/8,6.6,17.7022,9.22
2015/10/9,6.69,17.8348,9.22
2015/10/12,7.08,18.5353,9.22
2015/10/13,7.13,18.4311,9.22
2015/10/14,7.33,18.2797,9.22
2015/10/15,7.5,18.9139,9.22
2015/10/16,7.5,18.8098,9.22
2015/10/19,8.25,18.5637,9.22
2015/10/20,8.51,18.9518,9.22
2015/10/21,7.96,17.8442,9.22
2015/10/22,8.37,18.2892,9.22
2015/10/23,9.04,18.9802,9.22
2015/10/26,8.9,19.1979,9.22
2015/10/27,8.44,19.1506,9.22
2015/10/28,7.96,18.8382,9.22
2015/10/29,8.1,18.8855,9.22
2015/10/30,8.18,18.8571,9.22
2015/11/2,7.67,18.7719,9.22
2015/11/3,7.62,18.7435,9.22
2015/11/4,8.02,19.5671,9.22
2015/11/5,8.09,19.4535,9.22
2015/11/6,8.24,19.8795,9.22
2015/11/9,8.19,20.2108,9.22
2015/11/10,8.41,19.8795,9.22
2015/11/11,8.55,20.2298,9.22
2015/11/12,8.29,19.9458,9.22
2015/11/13,8,19.6997,9.22
2015/11/16,8.11,19.8511,9.22
2015/11/17,8.13,19.7754,9.22
2015/11/18,8.04,19.7754,9.22
2015/11/19,8.03,20.2582,9.22
2015/11/20,8.21,20.1919,9.22
2015/11/23,8.2,20.6558,9.22
2015/11/24,8.45,20.5422,9.22
2015/11/25,8.48,20.722,9.22
2015/11/26,8.58,20.4002,9.22
2015/11/27,8.63,19.1979,9.22
2015/11/30,8.16,19.3021,9.22
2015/12/1,8.13,19.1601,9.22
2015/12/2,8.05,19.6807,9.22
2015/12/3,8.3,19.7659,9.22
2015/12/4,8.06,20.0215,9.22
2015/12/7,8.39,20.4286,9.22
2015/12/8,8.35,19.7754,9.22
2015/12/9,8.52,19.9552,9.22
2015/12/10,8.62,20.3055,9.22
2015/12/11,8.3,21.6971,9.22
2015/12/14,8.31,21.7728,9.22
2015/12/15,8.97,21.7728,9.22
2015/12/16,8.89,21.4131,9.22
2015/12/17,9.28,21.7444,9.22
2015/12/18,9.27,21.3847,9.22
2015/12/21,9.35,22.4828,9.22
2015/12/22,9.15,22.7005,9.22
2015/12/23,8.95,22.5964,9.22
2015/12/24,8.83,22.1799,9.22
2015/12/25,9.03,22.5112,9.22
2015/12/28,8.62,21.7917,9.22
2015/12/29,8.74,21.9243,9.22
2015/12/30,8.97,22.0568,9.22
2015/12/31,8.94,21.7728,9.22
2016/1/4,8.05,19.605,9.22
2016/1/5,7.65,19.4062,9.22
2016/1/6,7.82,19.87,9.22
2016/1/7,7.04,18.185,9.22
2016/1/8,7.02,18.5542,9.22
2016/1/11,6.32,17.3425,9.22
2016/1/12,6.37,17.5886,8.76
2016/1/13,6,17.2005,8.32
2016/1/14,6.19,17.5508,7.9
2016/1/15,5.87,17.0774,7.51
2016/1/18,6.02,17.3425,7.13
2016/1/19,6.22,17.8442,6.77
2016/1/20,6.19,17.5034,6.43
2016/1/21,5.95,17.0301,6.2
2016/1/22,6.12,17.2478,6.51
2016/1/25,6.24,17.4182,6.32
2016/1/26,5.62,16.6515,6
2016/1/27,5.44,16.5852,5.7
2016/1/28,5.1,16.2823,5.42
2016/1/29,5.29,16.926,5.28
2016/2/1,5.22,16.6799,5.35
2016/2/2,5.44,17.0964,5.54
2016/2/3,5.52,17.2573,5.46
2016/2/4,5.65,17.5224,5.51
2016/2/5,5.57,17.2573,5.79
2016/2/15,5.53,17.1437,5.72
2016/2/16,5.79,17.6738,5.84
2016/2/17,5.87,17.6644,5.78
2016/2/18,5.88,17.5602,5.69
2016/2/19,6.11,17.5602,5.58
2016/2/22,6.19,17.8348,5.7
2016/2/23,6.4,17.6549,5.99
2016/2/24,6.57,17.8537,6.02
2016/2/25,5.91,16.8597,5.72
2016/2/26,6.08,17.4088,5.47
2016/2/29,5.55,16.8029,5.47
2016/3/1,5.71,16.9449,5.47
2016/3/2,6.04,17.6738,5.47
2016/3/3,6.2,17.494,5.47
2016/3/4,5.88,17.2762,5.47
2016/3/7,6.15,17.7022,5.47
2016/3/8,6.29,17.5034,5.47
2016/3/9,6.17,16.9355,5.47
2016/3/10,5.87,16.7177,5.47
2016/3/11,5.88,16.642,5.47
2016/3/14,6.08,17.0301,5.47
2016/3/15,6.04,16.8503,5.47
2016/3/16,6.03,16.5757,5.47
2016/3/17,6.18,16.9639,5.47
2016/3/18,6.8,17.4182,5.47
2016/3/21,6.97,17.6833,5.47
2016/3/22,6.84,17.5886,5.47
2016/3/23,6.84,17.6265,5.47
2016/3/24,6.6,17.3993,5.47
2016/3/25,6.72,18.1282,5.47
2016/3/28,6.63,17.8726,5.47
2016/3/29,6.44,17.3804,5.47
2016/3/30,6.66,17.778,5.47
2016/3/31,6.88,17.8348,5.47
2016/4/1,6.8,17.7022,5.47
2016/4/5,7.06,18.0714,5.47
2016/4/6,7.19,18.0998,5.47
2016/4/7,7.09,17.9862,5.47
2016/4/8,6.97,19.0181,5.47
2016/4/11,7.34,18.8477,5.47
2016/4/12,7.45,18.3838,5.47
2016/4/13,7.51,18.6015,5.47
2016/4/14,7.74,18.7057,5.47
2016/4/15,7.83,18.6205,5.47
2016/4/18,7.94,18.2892,5.47
2016/4/19,8.25,18.3649,5.47
2016/4/20,8.07,17.6833,5.47
2016/4/21,7.73,18.2134,5.47
2016/4/22,7.67,18.6583,5.47
2016/4/25,8.01,18.1188,5.47
2016/4/26,8.07,18.2513,5.47
2016/4/27,8.21,18.0241,5.47
2016/4/28,8.03,17.8537,5.47
2016/4/29,8.01,17.9484,5.47
2016/5/3,8.19,18.3933,5.47
2016/5/4,8.25,18.3081,5.47
2016/5/5,8.23,18.4122,5.47
2016/5/6,7.82,17.7874,5.47
2016/5/9,7.68,17.3993,5.47
2016/5/10,7.47,17.4182,5.47
2016/5/11,7.16,17.5886,5.47
2016/5/12,6.74,17.5129,5.47
2016/5/13,6.62,17.6549,5.47
2016/5/16,6.9,17.7969,5.47
2016/5/17,7.02,18.8193,5.47
2016/5/18,7.07,18.2134,5.47
2016/5/19,6.96,18.1377,5.47
2016/5/20,6.94,18.2324,5.47
2016/5/23,7.1,18.2702,5.47
2016/5/24,6.9,18.2608,5.47
2016/5/25,6.84,18.062,5.47
2016/5/26,6.83,17.8916,5.47
2016/5/27,6.84,17.9673,5.47
2016/5/30,6.81,17.8726,5.47
2016/5/31,7.09,18.3744,5.47
2016/6/1,7.11,18.5637,5.47
2016/6/2,7.26,18.6489,5.47
2016/6/3,7.25,18.6678,5.47
2016/6/6,7.18,18.6394,5.47
2016/6/7,7.19,18.7341,5.47
2016/6/8,7.19,18.8872,5.47
2016/6/13,6.8,17.8055,5.47
2016/6/14,6.76,17.8534,5.47
2016/6/15,7,18.1884,5.47
2016/6/16,7.19,18.0257,5.47
2016/6/17,7.46,18.1597,5.47
2016/6/20,7.15,18.1884,5.47
2016/6/21,6.96,18.1214,5.47
2016/6/22,7.07,18.265,5.47
2016/6/23,7.02,18.4565,5.47
2016/6/24,6.92,18.2459,5.47
2016/6/27,7.08,18.5235,5.47
2016/6/28,7.15,18.8011,5.47
2016/6/29,7.1,18.6766,5.47
2016/6/30,7.19,18.7532,5.47
2016/7/1,7.14,18.7245,5.47
2016/7/4,7.22,18.916,5.47
2016/7/5,7.26,18.9064,5.47
2016/7/6,7.24,19.184,5.47
2016/7/7,7.23,19.2797,5.47
2016/7/8,7.24,19.3467,5.47
2016/7/11,7.37,21.2805,5.47
2016/7/12,7.4,20.9837,5.47
2016/7/13,7.42,20.7539,5.47
2016/7/14,7.37,20.9358,5.47
2016/7/15,7.39,20.4189,5.47
2016/7/18,7.27,20.4955,5.47
2016/7/19,7.49,20.4285,5.47
2016/7/20,7.44,20.3902,5.47
2016/7/21,7.49,20.3902,5.47
2016/7/22,7.39,20.0168,5.47
2016/7/25,8.13,20.0168,5.47
2016/7/26,8.3,20.3327,5.47
2016/7/27,9.13,19.8445,5.47
2016/7/28,9.23,19.6243,5.47
2016/7/29,9.11,19.7871,5.47
2016/8/1,8.85,19.1649,5.47
2016/8/2,9.3,19.3276,5.47
2016/8/3,9.15,19.6243,5.47
2016/8/4,9.25,19.6052,5.47
2016/8/5,8.86,19.6052,5.47
2016/8/8,8.5,19.8541,5.47
2016/8/9,8.63,19.8637,5.47
2016/8/10,8.44,19.6914,5.47
2016/8/11,8.6,20.0456,5.47
2016/8/12,8.68,20.103,5.47
2016/8/15,8.69,20.3327,5.47
2016/8/16,8.81,20.3806,6.02
2016/8/17,9.12,20.4859,6.62
2016/8/18,8.98,20.237,7.28
2016/8/19,8.6,20.3806,6.99
2016/8/22,8.64,20.0073,6.69
2016/8/23,8.57,19.9977,7.36
2016/8/24,8.48,19.7967,7.63
2016/8/25,8.19,19.5956,7.25
2016/8/26,8.19,19.8445,7.28
2016/8/29,8.26,19.7967,7.16
2016/8/30,8.33,19.8828,6.94
2016/8/31,8.26,19.9211,6.98
2016/9/1,8.28,19.9403,6.87
2016/9/2,8.26,19.6722,6.84
2016/9/5,8.39,20.1987,6.96
2016/9/6,8.52,20.4189,7
2016/9/7,8.45,20.2562,6.93
2016/9/8,8.49,20.3615,6.84
2016/9/9,8.74,19.9881,6.64
2016/9/12,8.52,19.3946,6.18
2016/9/13,8.63,19.4808,6.22
2016/9/14,8.94,19.6148,6.55
2016/9/19,9.83,19.7201,6.76
2016/9/20,9.87,19.6435,6.85
2016/9/21,9.7,19.6722,6.96
2016/9/22,9.98,20.0073,7.01
2016/9/23,9.47,20.2944,7.04
2016/9/26,9.02,19.8732,6.86
2016/9/27,9.13,19.9211,7.01
2016/9/28,8.94,20.1317,6.96
2016/9/29,8.98,20.0934,7.2
2016/9/30,8.91,20.0838,7.22
2016/10/10,9.08,20.438,7.4
2016/10/11,9.62,20.4763,7.34
2016/10/12,10.58,20.6582,7.97
2016/10/13,10.66,20.3806,7.77
2016/10/14,11.73,20.3136,7.76
2016/10/17,11.14,20.0647,7.8
2016/10/18,11.17,20.3232,7.96
2016/10/19,11.17,20.3423,7.85
2016/10/20,11.04,20.438,7.79
2016/10/21,11.8,20.2562,8.04
2016/10/24,11.78,20.5146,8.2
2016/10/25,11.52,20.5721,8.11
2016/10/26,11.41,20.4763,7.95
2016/10/27,11.41,20.7348,8.05
2016/10/28,11.34,20.3615,7.78
2016/10/31,11.72,20.2944,7.83
2016/11/1,11.29,20.4859,7.85
2016/11/2,10.68,20.4763,7.65
2016/11/3,10.73,20.5051,8.42
2016/11/4,10.39,20.6008,8.42
2016/11/7,10.37,21.4719,8.8
2016/11/8,10.69,21.2134,9.26
2016/11/9,10.4,20.7539,9.27
2016/11/10,10.5,20.955,9.21
2016/11/11,10.46,21.2805,8.91
2016/11/14,10.27,21.089,9.12
2016/11/15,10.3,21.1369,9
2016/11/16,10.61,21.223,9.01
2016/11/17,10.42,21.0028,8.99
2016/11/18,10.42,20.9645,9.14
2016/11/21,10.29,21.1081,8.93
2016/11/22,10.28,21.29,8.93
2016/11/23,10.25,20.955,8.9
2016/11/24,10.07,20.821,9.02
2016/11/25,9.97,20.9358,8.88
2016/11/28,10.08,20.8784,8.7
2016/11/29,9.92,20.8497,8.07
2016/11/30,9.56,20.9358,8.29
2016/12/1,9.47,21.0124,8.31
2016/12/2,9.46,20.1987,8.21
2016/12/5,9.34,19.9307,8.16
2016/12/6,9.49,19.969,8.22
2016/12/7,9.51,20.1891,8.45
2016/12/8,9.46,20.6869,8.34
2016/12/9,9.32,21.2613,8.5
2016/12/12,8.6,20.2274,8.1
2016/12/13,8.54,20.3423,8.09
2016/12/14,8.62,20.3423,8.01
2016/12/15,8.82,21.1177,8.47
2016/12/16,9.04,21.2039,8.55
2016/12/19,9.09,21.5964,8.48
2016/12/20,9.03,21.3953,8.51
2016/12/21,9.08,21.5868,8.61
2016/12/22,9.01,22.1612,8.43
2016/12/23,8.74,21.4049,8.29
2016/12/26,8.76,21.29,8.13
2016/12/27,9.21,21.3475,8.09
2016/12/28,9.11,21.2517,8.12
2016/12/29,9.4,21.3475,8.07
2016/12/30,9.22,21.0603,8.06
2017/1/3,9.22,21.5389,8.14
2017/1/4,9.41,21.874,8.12
2017/1/5,9.43,21.8548,7.99
2017/1/6,9.31,22.4005,7.87
2017/1/9,9.4,22.4005,7.71
2017/1/10,9.41,22.0176,7.75
2017/1/11,9.19,21.6538,7.59
2017/1/12,8.83,21.5198,7.26
2017/1/13,8.58,21.2996,7.15
2017/1/16,8.02,20.4955,6.53
2017/1/17,8.1,20.9454,6.44
2017/1/18,8.19,20.821,6.32
2017/1/19,8.17,20.5433,6.47
2017/1/20,8.29,20.9645,6.49
2017/1/23,8.53,21.1273,6.66
2017/1/24,8.39,21.1273,6.55
2017/1/25,8.39,21.2996,6.59
2017/1/26,8.44,21.2326,6.66
2017/2/3,8.37,21.0603,6.55
2017/2/6,8.45,21.2326,6.58
2017/2/7,8.55,21.0124,7.24
2017/2/8,8.55,21.156,7.34
2017/2/9,8.6,21.2517,7.19
2017/2/10,8.89,21.5006,6.97
2017/2/13,9.02,21.6634,7.07
2017/2/14,8.92,21.5293,6.98
2017/2/15,8.83,21.3092,6.9
2017/2/16,8.9,21.4815,6.91
2017/2/17,8.61,21.0507,6.72
2017/2/20,8.71,21.29,6.72
2017/2/21,8.92,21.7495,6.83
2017/2/22,8.9,21.7974,6.8
2017/2/23,9.14,21.7304,7.04
2017/2/24,9,21.8548,6.93
2017/2/27,8.89,21.5964,6.74
2017/2/28,8.95,22.0271,6.67
2017/3/1,9.06,21.9601,6.72
2017/3/2,8.86,21.9697,6.6
2017/3/3,8.68,21.8165,6.77
2017/3/6,8.83,22.0846,6.8
2017/3/7,8.85,22.1612,6.73
2017/3/8,8.75,21.9027,6.66
2017/3/9,8.69,21.7304,6.65
2017/3/10,8.67,22.0176,6.63
2017/3/13,8.7,22.0367,6.48
2017/3/14,8.69,21.9506,6.43
2017/3/15,8.58,21.7591,6.38
2017/3/16,8.81,22.3335,6.44
2017/3/17,8.69,22.5154,6.5
2017/3/20,8.71,23.128,6.44
2017/3/21,8.76,23.1663,6.5
2017/3/22,9.07,23.3961,6.41
2017/3/23,8.98,23.262,6.33
2017/3/24,9.03,23.2525,6.26
2017/3/27,9.1,22.8791,6.17
2017/3/28,9.02,22.8791,6.33
2017/3/29,9.92,22.4771,6.17
2017/3/30,10.21,22.1803,5.92
2017/3/31,9.43,22.1133,5.9
2017/4/5,9.72,22.7068,5.83
2017/4/6,9.71,22.4962,5.7
2017/4/7,9.3,22.5536,5.62
2017/4/10,9.35,22.0176,5.41
2017/4/11,9.48,22.1133,5.36
2017/4/12,9.71,22.075,5.41
2017/4/13,9.59,21.8835,5.3
2017/4/14,9.11,21.5485,5.16
2017/4/17,9.08,21.3092,4.93
2017/4/18,8.3,21.2613,4.76
2017/4/19,7.88,20.9933,4.63
2017/4/20,7.86,21.156,5.09
2017/4/21,7.66,21.1847,5.16
2017/4/24,7.08,20.8018,5.07
2017/4/25,7.17,20.7252,5.07
2017/4/26,7.25,20.6965,5.07
2017/4/27,7.4,20.8305,4.82
2017/4/28,7.47,20.9071,4.58
2017/5/2,7.4,20.7252,4.35
2017/5/3,7.35,20.6008,4.35
2017/5/4,7.18,20.7348,4.3
2017/5/5,7.08,20.17,4.09
2017/5/8,7.11,19.9307,3.89
2017/5/9,7.13,19.9307,3.87
2017/5/10,7.16,19.6722,3.84
2017/5/11,7.18,19.4329,3.7
2017/5/12,7.09,19.4808,3.62
2017/5/15,7.18,19.4999,3.8
2017/5/16,7.29,19.6243,3.92
2017/5/17,7.31,19.6914,3.88
2017/5/18,7.14,19.4999,3.8
2017/5/19,7.12,19.5382,3.81
2017/5/22,7,19.2223,3.64
2017/5/23,6.62,18.8107,3.47
2017/5/24,6.49,19.0021,3.49
2017/5/25,6.5,19.1744,3.66
2017/5/26,6.48,19.1361,3.73
2017/5/31,6.48,19.1266,3.92
2017/6/1,6.74,18.8107,4.12
2017/6/2,6.79,18.9064,4.09
2017/6/5,6.77,19.05,4.11
2017/6/6,6.96,19.1553,4.11
2017/6/7,7.03,19.4808,4.11
2017/6/8,6.93,19.4329,4.13
2017/6/9,6.88,19.4426,4.02
2017/6/12,7.01,19.3554,3.83
2017/6/13,7.08,19.4523,3.94
2017/6/14,7.3,19.491,3.93
2017/6/15,7.28,19.617,4.13
2017/6/16,7.36,19.3554,4.19
2017/6/19,7.36,19.462,4.17
2017/6/20,7.36,19.4813,4.09
2017/6/21,7.36,19.4329,4
2017/6/22,7.36,19.2004,3.94
2017/6/23,7.36,19.2004,4
2017/6/26,7.36,19.3748,4.01
2017/6/27,7.36,19.4038,3.98
2017/6/28,7.36,19.3845,3.91
2017/6/29,7.36,19.4426,3.96
2017/6/30,8.1,19.617,4.01
2017/7/3,8.59,19.6945,4.01
2017/7/4,8.34,19.4813,3.98
2017/7/5,8.4,19.5395,3.93
2017/7/6,8.4,19.4716,3.91
2017/7/7,8.14,19.491,3.83
2017/7/10,8.12,19.3263,3.84
2017/7/11,8.29,19.2391,3.79
2017/7/12,8.2,19.0067,3.69
2017/7/13,7.96,19.0454,3.68
2017/7/14,7.89,19.026,3.75
2017/7/17,7.19,18.0767,3.56
2017/7/18,7.28,18.2123,3.6
2017/7/19,7.35,18.3285,3.76
2017/7/20,7.36,18.3285,3.77
2017/7/21,7.69,18.0185,3.86
2017/7/24,7.66,18.4448,3.83
2017/7/25,7.71,18.2801,3.85
2017/7/26,7.53,18.1638,3.78
2017/7/27,7.56,18.4738,3.82
2017/7/28,7.53,18.5029,3.78
2017/7/31,7.47,18.5513,3.75
2017/8/1,7.37,18.532,3.81
2017/8/2,7.27,18.4642,3.83
2017/8/3,7.29,18.4642,3.86
2017/8/4,7.22,18.5223,3.84
2017/8/7,7.32,18.687,3.8
2017/8/8,7.43,18.687,3.8
2017/8/9,7.55,18.5998,3.79
2017/8/10,7.33,18.5223,3.76
2017/8/11,7.16,18.1929,3.75
2017/8/14,7.26,18.5998,3.82
2017/8/15,7.27,18.5998,3.83
2017/8/16,7.28,18.6773,3.87
2017/8/17,7.38,18.6676,4.04
2017/8/18,7.46,18.5998,3.98
2017/8/21,7.65,18.7354,3.99
2017/8/22,7.5,18.7742,4
2017/8/23,7.32,18.9485,4.07
2017/8/24,7.33,18.561,4.09
2017/8/25,7.38,18.7548,4.06
2017/8/28,7.42,18.7838,4.04
2017/8/29,7.44,18.6482,4
2017/8/30,7.56,18.6676,3.97
2017/8/31,7.45,18.7548,3.98
2017/9/1,7.45,18.7063,3.99
2017/9/4,7.61,18.7548,3.95
2017/9/5,7.51,18.9388,3.97
2017/9/6,7.55,18.9776,4
2017/9/7,7.48,18.8517,3.99
2017/9/8,7.52,18.8904,4.07
2017/9/11,7.58,18.9098,4.04
2017/9/12,7.68,18.7935,3.97
2017/9/13,7.75,18.8129,4.03
2017/9/14,7.91,18.9873,4
2017/9/15,7.87,18.871,4
2017/9/18,7.78,19.026,3.99
2017/9/19,7.67,18.9679,4.01
2017/9/20,7.73,18.997,4
2017/9/21,7.55,18.8032,3.93
2017/9/22,7.59,18.871,3.89
2017/9/25,7.39,18.687,3.8
2017/9/26,7.47,18.4835,3.81
2017/9/27,7.47,18.4932,3.78
2017/9/28,7.73,18.5029,3.82
2017/9/29,7.74,18.5901,3.9
2017/10/9,7.68,18.6482,3.9
2017/10/10,7.65,18.7257,3.94
2017/10/11,7.7,18.9582,4.14
2017/10/12,7.51,18.9098,4.18
2017/10/13,7.53,18.9582,4.19
2017/10/16,7.2,18.6676,4.12
2017/10/17,7.25,18.6192,4.05
2017/10/18,7.14,18.4932,4.04
2017/10/19,6.92,18.3479,3.97
2017/10/20,7.04,18.4932,3.98
2017/10/23,7.01,18.532,4.14
2017/10/24,6.92,18.4932,4.16
2017/10/25,7.02,18.5417,4.17
2017/10/26,7.04,19.1907,4.34
2017/10/27,6.96,19.2876,4.56
2017/10/30,6.69,18.9001,4.71
2017/10/31,6.79,19.8882,4.65
2017/11/1,6.8,19.8204,4.59
2017/11/2,6.69,19.6654,4.47
2017/11/3,6.59,19.617,4.52
2017/11/6,6.63,20.1304,4.38
2017/11/7,6.64,20.2176,4.39
2017/11/8,6.67,20.1691,4.61
2017/11/9,6.72,20.4016,4.65
2017/11/10,6.68,19.9657,4.88
2017/11/13,6.56,19.8398,4.85
2017/11/14,6.67,19.5976,4.96
2017/11/15,6.55,19.4523,4.71
2017/11/16,6.51,19.5201,4.74
2017/11/17,6.22,18.561,4.68
2017/11/20,6.09,18.6482,4.68
2017/11/21,6.07,18.406,4.69
2017/11/22,6.06,18.4642,4.78
2017/11/23,5.94,17.7957,4.57
2017/11/24,5.89,17.6892,4.51
2017/11/27,5.81,17.5439,4.49
2017/11/28,5.83,17.7667,4.67
2017/11/29,5.84,17.6795,4.68
2017/11/30,6.04,17.6601,4.67
2017/12/1,6.15,17.7376,4.58
2017/12/4,6.06,17.6504,4.51
2017/12/5,5.9,17.1176,4.36
2017/12/6,6.01,17.166,4.5
2017/12/7,5.93,17.0789,4.4
2017/12/8,5.97,17.2242,4.45
2017/12/11,5.98,17.476,4.47
2017/12/12,5.85,17.1467,4.45
2017/12/13,5.92,17.3889,4.55
2017/12/14,5.88,17.4276,4.54
2017/12/15,5.91,17.4276,4.55
2017/12/18,5.81,17.2629,4.58
2017/12/19,5.84,17.3598,4.57
2017/12/20,5.7,17.2048,4.59
2017/12/21,5.72,17.2048,4.51
2017/12/22,5.69,17.2048,4.52
2017/12/25,5.51,16.8754,4.51
2017/12/26,5.5,17.0304,4.51
2017/12/27,5.51,16.9626,4.63
2017/12/28,5.58,16.9239,4.86
2017/12/29,5.65,17.0498,4.95
2018/1/2,5.67,17.137,4.79
2018/1/3,5.73,17.4857,4.75
2018/1/4,5.73,17.3695,4.74
2018/1/5,5.74,17.447,4.72
2018/1/8,5.68,17.5342,4.64
2018/1/9,5.65,17.5245,4.61
2018/1/10,5.59,17.3404,4.73
2018/1/11,5.61,17.3404,4.67
2018/1/12,5.61,17.3501,4.7
2018/1/15,5.33,17.4276,4.47
2018/1/16,5.41,17.8635,4.51
2018/1/17,5.37,17.7376,4.58
2018/1/18,5.43,17.7957,4.56
2018/1/19,5.44,17.6795,4.53
2018/1/22,5.44,17.7182,4.54
2018/1/23,5.46,17.6504,4.55
2018/1/24,5.51,17.786,4.53
2018/1/25,5.52,17.786,4.53
2018/1/26,5.51,17.9217,4.69
2018/1/29,5.43,17.5632,4.55
2018/1/30,5.43,17.4276,4.59
2018/1/31,5.28,17.0789,4.73
2018/2/1,4.95,15.5773,4.6
2018/2/2,4.71,15.5192,4.6
2018/2/5,4.72,15.4223,4.6
2018/2/6,4.33,14.8314,4.37
2018/2/7,4.4,14.9379,4.15
2018/2/8,4.63,15.0736,4.02
2018/2/9,4.46,14.6473,3.82
2018/2/12,4.58,14.9186,3.65
2018/2/13,4.6,15.0058,3.83
2018/2/14,4.66,15.122,4.02
2018/2/22,5,15.1898,4
2018/2/23,4.95,15.1995,3.99
2018/2/26,4.94,15.3254,4.06
2018/2/27,4.89,15.277,4
2018/2/28,4.83,15.5773,3.9
2018/3/1,4.93,15.5676,3.95
2018/3/2,4.91,15.5676,3.9
2018/3/5,4.91,15.4126,3.86
2018/3/6,4.96,15.5386,3.91
2018/3/7,4.88,15.3836,4.02
2018/3/8,4.86,15.2673,3.98
2018/3/9,4.96,15.8486,3.98
2018/3/12,5.03,15.8195,3.94
2018/3/13,5.06,15.6451,3.97
2018/3/14,4.96,15.5483,3.9
2018/3/15,4.93,15.4708,3.81
2018/3/16,5.02,15.6161,3.79
2018/3/19,5,15.6742,3.8
2018/3/20,5.19,15.5386,3.79
2018/3/21,5.09,15.4804,3.74
2018/3/22,5.34,15.4126,3.69
2018/3/23,5.45,14.6861,3.51
2018/3/26,5.32,14.6764,3.46
2018/3/27,5.28,14.9283,3.53
2018/3/28,5.22,14.7442,3.45
2018/3/29,5.23,14.9089,3.44
2018/3/30,5.25,14.9767,3.47
2018/4/2,5.16,15.0445,3.41
2018/4/3,5.13,14.8798,3.34
2018/4/4,5.11,15.1898,3.38
2018/4/9,5.01,15.0445,3.36
2018/4/10,5.02,15.1026,3.39
2018/4/11,5.01,15.122,3.45
2018/4/12,4.95,15.0833,3.4
2018/4/13,4.95,14.8217,3.43
2018/4/16,4.93,14.5892,3.34
2018/4/17,4.93,14.4439,3.35
2018/4/18,4.98,14.5892,3.27
2018/4/19,4.94,14.6086,3.43
2018/4/20,4.72,14.2405,3.43
2018/4/23,4.69,14.2211,3.35
2018/4/24,4.83,14.4439,3.35
2018/4/25,4.87,14.3858,3.35
2018/4/26,4.73,14.0176,3.32
2018/4/27,4.68,14.0176,3.29
2018/5/2,4.68,13.9789,3.26
2018/5/3,4.7,14.2695,3.31
2018/5/4,4.65,14.163,3.28
2018/5/7,4.76,14.4536,3.32
2018/5/8,4.74,14.502,3.35
2018/5/9,4.8,14.9476,3.34
2018/5/10,4.8,14.8798,3.48
2018/5/11,5,14.7345,3.4
2018/5/14,4.82,14.7636,3.23
2018/5/15,4.98,15.0251,3.27
2018/5/16,4.97,15.4126,3.25
2018/5/17,4.94,15.3254,3.3
2018/5/18,4.89,15.5579,3.47
2018/5/21,4.9,15.4417,3.64
2018/5/22,4.91,15.2964,3.77
2018/5/23,4.82,15.0639,3.73
2018/5/24,4.88,15.1026,3.71
2018/5/25,4.76,14.8992,3.66
2018/5/28,4.66,15.2576,3.57
2018/5/29,4.63,15.0154,3.66
2018/5/30,4.4,14.3373,3.68
2018/5/31,4.53,15.7711,3.76
2018/6/1,4.51,15.9648,3.73
2018/6/4,4.47,15.6936,3.65
2018/6/5,4.5,16.1392,3.66
2018/6/6,4.45,15.8776,3.73
2018/6/7,4.47,15.8292,3.76
2018/6/8,4.35,15.9375,3.79
2018/6/11,4.35,15.396,3.93
2018/6/12,4.37,16.0359,3.93
2018/6/13,4.27,15.8292,3.87
2018/6/14,4.24,15.5437,3.79
2018/6/15,4.1,15.0417,3.68
2018/6/19,3.75,14.0769,3.5
2018/6/20,3.81,14.2345,3.56
2018/6/21,3.73,13.8998,3.71
2018/6/22,3.79,14.1262,3.74
2018/6/25,3.79,14.2541,3.78
2018/6/26,3.85,14.1557,3.78
2018/6/27,3.86,14.0474,3.76
2018/6/28,3.91,13.8112,3.57
2018/6/29,3.99,14.1459,3.75
2018/7/2,3.92,13.8604,3.77
2018/7/3,3.94,13.9588,3.78
2018/7/4,3.92,13.6832,3.78
2018/7/5,3.84,13.4863,3.72
2018/7/6,3.82,13.4371,3.71
2018/7/9,3.87,13.634,3.73
2018/7/10,3.87,13.6537,3.76
2018/7/11,3.63,13.3091,3.75
2018/7/12,3.71,13.7029,3.79
2018/7/13,3.71,13.8308,3.78
2018/7/16,3.69,13.7718,3.76
2018/7/17,3.75,13.949,3.72
2018/7/18,3.78,13.9785,3.79
2018/7/19,3.71,13.6635,3.74
2018/7/20,4.08,13.9884,3.79
2018/7/23,4.49,13.9982,3.78
2018/7/24,4.94,14.1065,3.75
2018/7/25,5.43,14.1655,3.71
2018/7/26,5.97,14.1262,3.74
2018/7/27,6.13,14.0769,3.72
2018/7/30,5.52,13.9588,3.66
2018/7/31,5,14.1163,3.66
2018/8/1,5,13.8308,3.55
2018/8/2,4.84,13.3682,3.44
2018/8/3,4.54,13.1615,3.37
2018/8/6,4.63,13.1024,3.26
2018/8/7,4.73,13.378,3.35
2018/8/8,4.71,12.9941,3.32
2018/8/9,4.55,13.2205,3.32
2018/8/10,4.58,13.191,3.27
2018/8/13,4.54,13.2008,3.29
2018/8/14,4.62,13.2008,3.26
2018/8/15,4.7,13.0335,3.19
2018/8/16,4.74,13.0138,3.19
2018/8/17,4.46,12.7972,3.15
2018/8/20,4.28,12.8169,3.09
2018/8/21,4.34,12.9154,3.14
2018/8/22,4.27,12.8366,3.17
2018/8/23,4.27,12.8661,3.14
2018/8/24,4.24,13.0236,3.12
2018/8/27,4.3,13.191,3.14
2018/8/28,4.4,13.1122,3.13
2018/8/29,4.32,13.0729,3.13
2018/8/30,4.26,12.9055,3.06
2018/8/31,4.19,12.7972,3.01
2018/9/3,4.18,12.7579,2.9
2018/9/4,4.22,12.9252,2.94
2018/9/5,4.24,13.0138,2.99
2018/9/6,4.24,13.2304,2.93
2018/9/7,4.5,13.191,2.94
2018/9/10,4.36,12.8858,2.94
2018/9/11,4.29,12.7775,2.91
2018/9/12,4.24,12.7283,2.88
2018/9/13,4.3,12.8661,2.88
2018/9/14,4.2,12.8563,2.78
2018/9/17,4.24,12.8268,2.64
2018/9/18,4.38,12.9449,2.62
2018/9/19,4.35,13.0138,2.64
2018/9/20,4.79,13.1615,2.59
2018/9/21,4.75,13.3386,2.64
2018/9/25,4.53,13.1122,2.64
2018/9/26,4.54,13.1516,2.64
2018/9/27,4.38,12.9252,2.62
2018/9/28,4.56,13.1418,2.62
2018/10/8,4.23,12.748,2.51
2018/10/9,4.23,12.8366,2.56
2018/10/10,4.21,12.8366,2.54
2018/10/11,3.79,11.8424,2.41
2018/10/12,3.77,11.8916,2.35
2018/10/15,3.86,11.7833,2.47
2018/10/16,3.72,11.4978,2.38
2018/10/17,3.82,11.547,2.5
2018/10/18,3.64,11.232,2.63
2018/10/19,3.74,11.3994,2.76
2018/10/22,3.96,11.8916,2.9
2018/10/23,4.02,11.6553,3.05
2018/10/24,4.06,11.6356,2.9
2018/10/25,3.95,11.6455,2.86
2018/10/26,3.96,11.6553,3
2018/10/29,3.85,11.4683,3
2018/10/30,3.92,11.6159,2.98
2018/10/31,3.96,11.6947,3.13
2018/11/1,4.04,11.6947,3.14
2018/11/2,4.14,11.9999,3.15
2018/11/5,4.16,12.0392,3.05
2018/11/6,4.24,11.99,3.03
2018/11/7,4.11,11.862,2.99
2018/11/8,4.13,11.8227,3.08
2018/11/9,4.16,11.7833,3.09
2018/11/12,4.3,12.0491,3.15
2018/11/13,4.42,12.1672,3.31
2018/11/14,4.5,12.118,3.19
2018/11/15,4.56,12.2263,3.23
2018/11/16,4.6,12.3739,3.26
2018/11/19,4.89,12.433,3.42
2018/11/20,4.5,12.2164,3.34
2018/11/21,4.52,12.2066,3.49
2018/11/22,4.5,12.2656,3.54
2018/11/23,4.21,11.7144,3.42
2018/11/26,4.3,11.6061,3.42
2018/11/27,4.3,11.7045,3.38
2018/11/28,4.3,11.8128,3.38
2018/11/29,4.25,11.5864,3.34
2018/11/30,4.17,11.6947,3.39
2018/12/3,4.3,11.9605,3.47
2018/12/4,4.4,11.9605,3.48
2018/12/5,4.31,11.9506,3.44
2018/12/6,4.22,11.8916,3.41
2018/12/7,4.23,12.0786,3.43
2018/12/10,4.14,11.7538,3.33
2018/12/11,4.18,11.8128,3.32
2018/12/12,4.19,11.7931,3.28
2018/12/13,4.2,11.862,3.26
2018/12/14,4.11,11.6356,3.15
2018/12/17,4.1,11.5569,3.2
2018/12/18,4.29,11.5273,3.18
2018/12/19,4.37,11.5175,3.14
2018/12/20,4.33,11.4781,3.17
2018/12/21,4.15,11.4486,3.33
2018/12/24,4.16,11.488,3.28
2018/12/25,4.07,11.3305,3.39
2018/12/26,4.04,11.3206,3.35
2018/12/27,3.97,11.1237,3.26
2018/12/28,3.97,11.2025,3.22
2019/1/2,4.04,11.1434,3.22
2019/1/3,4,11.2025,3.22
2019/1/4,4.08,11.4092,3.29
2019/1/7,4.19,11.4683,3.33
2019/1/8,4.14,11.3797,3.29
2019/1/9,4.15,11.4978,3.27
2019/1/10,4.12,11.3797,3.22
2019/1/11,4.18,11.5273,3.22
2019/1/14,4.15,11.4486,3.21
2019/1/15,4.2,11.5372,3.2
2019/1/16,4.18,11.6061,3.23
2019/1/17,4.23,11.488,3.17
2019/1/18,4.15,11.5667,3.21
2019/1/21,4.15,11.7045,3.2
2019/1/22,4.13,11.5963,3.18
2019/1/23,4.12,11.547,3.23
2019/1/24,4.11,11.547,3.25
2019/1/25,4.08,11.6159,3.15
2019/1/28,4.06,11.4486,3.16
2019/1/29,3.96,11.4683,3.15
2019/1/30,3.9,11.3403,3.13
2019/1/31,3.8,11.1237,3.08
2019/2/1,3.9,11.3797,3.15
2019/2/11,4.01,11.5273,3.28
2019/2/12,4.03,11.6553,3.29
2019/2/13,4.08,11.7538,3.31
2019/2/14,4.11,11.7045,3.34
2019/2/15,4.11,11.7144,3.45
2019/2/18,4.19,11.9605,3.58
2019/2/19,4.19,11.9113,3.63
2019/2/20,4.19,11.8817,3.63
2019/2/21,4.17,11.8227,3.57
2019/2/22,4.29,11.931,3.6
2019/2/25,4.43,12.3542,3.63
2019/2/26,4.38,12.4035,3.81
2019/2/27,4.47,12.305,3.82
2019/2/28,4.41,12.5511,3.86
2019/3/1,4.46,12.4822,3.82
2019/3/4,4.46,12.7972,3.81
2019/3/5,4.58,12.7775,3.86
2019/3/6,4.65,12.8957,3.93
2019/3/7,4.71,12.9941,3.94
2019/3/8,4.38,12.246,3.74
2019/3/11,4.65,12.6102,3.78
2019/3/12,4.66,12.7677,3.88
2019/3/13,4.78,12.7775,3.86
2019/3/14,4.52,12.5708,3.67
2019/3/15,4.7,12.7775,3.68
2019/3/18,4.81,13.063,3.86
2019/3/19,4.78,12.8858,4.05
2019/3/20,5.26,12.8957,4.15
2019/3/21,5.79,12.8563,4.22
2019/3/22,5.67,13.1418,4.29
2019/3/25,5.77,12.7677,4.5
2019/3/26,5.7,12.5019,4.33
2019/3/27,6.27,12.6102,4.24
2019/3/28,6.04,12.5413,4.26
2019/3/29,5.82,12.8366,4.35
2019/4/1,6.4,13.2501,4.38
2019/4/2,6.36,13.1418,4.4
2019/4/3,6.24,13.3977,4.46
2019/4/4,6.34,13.3682,4.47
2019/4/8,6.35,13.1615,4.32
2019/4/9,6.71,13.319,4.39
2019/4/10,6.32,13.2993,4.35
2019/4/11,5.81,13.1319,4.24
2019/4/12,5.64,13.1024,4.33
2019/4/15,5.69,13.0236,4.2
2019/4/16,5.73,13.2599,4.11
2019/4/17,5.76,13.2796,4.17
2019/4/18,5.85,13.1713,4.08
2019/4/19,5.81,13.2107,4.01
2019/4/22,6.13,13.0925,4.08
2019/4/23,5.71,12.8563,3.99
2019/4/24,5.6,12.8366,3.87
2019/4/25,5.26,12.3542,3.72
2019/4/26,5.16,12.305,3.72
2019/4/29,4.81,12.2066,3.53
2019/4/30,4.95,12.2853,3.56
2019/5/6,4.53,11.5667,3.38
2019/5/7,4.58,11.675,3.24
2019/5/8,4.59,11.4191,3.24
2019/5/9,4.58,11.4584,3.27
2019/5/10,4.73,11.6947,3.35
2019/5/13,4.77,11.6356,3.32
2019/5/14,4.65,11.547,3.19
2019/5/15,4.77,11.7242,3.14
2019/5/16,4.79,11.7242,3.08
2019/5/17,4.53,11.5175,3.09
2019/5/20,4.56,11.4781,2.94
2019/5/21,4.66,11.5569,2.97
2019/5/22,4.59,11.4781,2.92
2019/5/23,4.45,11.2517,2.78
2019/5/24,4.51,11.2812,2.78
2019/5/27,4.61,11.4683,2.92
2019/5/28,4.55,11.4781,3.04
2019/5/29,4.52,11.4978,3.01
2019/5/30,4.44,11.5077,3.15
2019/5/31,4.42,11.4092,3.17
2019/6/3,4.29,11.4289,3.08
2019/6/4,4.14,11.3305,3.06
2019/6/5,4.15,11.36,3.06
2019/6/6,4.07,11.3,3.05
2019/6/10,4.09,11.37,3.01
2019/6/11,4.26,11.6,3.07
2019/6/12,4.21,11.55,3.08
2019/6/13,4.28,11.57,3.04
2019/6/14,4.13,11.49,2.99
2019/6/17,4.24,11.45,2.96
2019/6/18,4.2,11.41,3
2019/6/19,4.25,11.46,3
2019/6/20,4.38,11.58,3.05
2019/6/21,4.45,11.66,3.2
2019/6/24,4.42,11.61,3.14
2019/6/25,4.41,11.54,3.05
2019/6/26,4.34,11.58,3.08
2019/6/27,4.38,11.62,3.04
2019/6/28,4.31,11.63,3.19
2019/7/1,4.43,11.83,3.18
2019/7/2,4.49,11.71,3.21
2019/7/3,4.42,11.88,3.13
2019/7/4,4.37,11.74,3.12
2019/7/5,4.36,11.73,3.18
2019/7/8,4.13,11.41,3.07
2019/7/9,4.12,11.4,3.03
2019/7/10,4.08,11.36,3.01
2019/7/11,4.11,11.45,3
2019/7/12,4.16,11.43,3.06
2019/7/15,4.17,11.46,3.01
2019/7/16,4.17,11.45,3.05
2019/7/17,4.15,11.48,3.04
2019/7/18,4.09,11.31,3.01
2019/7/19,4.11,11.36,3.01
2019/7/22,3.96,11.13,2.86
2019/7/23,4.01,11.19,2.88
2019/7/24,4.07,11.26,2.88
2019/7/25,4.09,11.25,2.86
2019/7/26,4.18,11.27,2.87
2019/7/29,4.1,11.46,2.84
2019/7/30,4.14,11.3,2.98
2019/7/31,4.12,11.38,2.98
2019/8/1,4.08,11.27,2.89
2019/8/2,4.02,11.14,2.89
2019/8/5,3.95,10.93,2.87
2019/8/6,3.78,10.54,2.77
2019/8/7,3.78,10.58,2.74
2019/8/8,3.81,10.57,2.75
2019/8/9,3.81,10.45,2.74
2019/8/12,3.85,10.47,2.74
2019/8/13,3.79,10.37,2.76
2019/8/14,3.79,10.41,2.78
2019/8/15,3.81,10.32,2.74
2019/8/16,3.81,10.34,2.72
2019/8/19,3.9,10.56,2.75
2019/8/20,3.9,10.57,2.76
2019/8/21,4.04,10.58,2.74
2019/8/22,4.31,10.67,2.66
2019/8/23,4.13,10.62,2.68
2019/8/26,4.1,10.64,2.55
2019/8/27,4.12,10.82,2.68
2019/8/28,4.09,10.67,2.74
2019/8/29,4.12,10.57,2.74
2019/8/30,4.01,10.56,2.68
2019/9/2,4.08,10.71,2.69
2019/9/3,4.13,10.71,2.71
2019/9/4,4.41,10.78,2.7
2019/9/5,4.3,10.86,2.72
2019/9/6,4.23,10.99,2.72
2019/9/9,4.29,11.08,2.74
2019/9/10,4.28,11.03,2.76
2019/9/11,4.26,10.95,2.74
2019/9/12,4.34,11.38,2.87
2019/9/16,4.29,11.17,2.97
2019/9/17,4.16,10.84,2.86
2019/9/18,4.16,11.04,2.86
2019/9/19,4.28,11.36,2.87
2019/9/20,4.23,11.31,2.86
2019/9/23,4.18,11.2,2.84
2019/9/24,4.17,11.16,2.82
2019/9/25,4.11,10.9,2.84
2019/9/26,4.02,10.68,2.81
2019/9/27,4.03,10.84,2.85
2019/9/30,4.01,10.73,2.83
