代码,简称,date,前收盘价,收盘价,yield
000300.SH,沪深300,2014/1/2,2330.026,2321.978,-0.003454039
000300.SH,沪深300,2014/1/3,2321.978,2290.779,-0.013436389
000300.SH,沪深300,2014/1/6,2290.779,2238.637,-0.022761689
000300.SH,沪深300,2014/1/7,2238.637,2238.001,-0.000284101
000300.SH,沪深300,2014/1/8,2238.001,2241.911,0.001747095
000300.SH,沪深300,2014/1/9,2241.911,2222.221,-0.008782686
000300.SH,沪深300,2014/1/10,2222.221,2204.851,-0.007816504
000300.SH,沪深300,2014/1/13,2204.851,2193.679,-0.005067009
000300.SH,沪深300,2014/1/14,2193.679,2212.846,0.008737377
000300.SH,沪深300,2014/1/15,2212.846,2208.941,-0.001764696
000300.SH,沪深300,2014/1/16,2208.941,2211.844,0.001314204
000300.SH,沪深300,2014/1/17,2211.844,2178.488,-0.01508063
000300.SH,沪深300,2014/1/20,2178.488,2165.993,-0.005735629
000300.SH,沪深300,2014/1/21,2165.993,2187.41,0.009887844
000300.SH,沪深300,2014/1/22,2187.41,2243.796,0.025777518
000300.SH,沪深300,2014/1/23,2243.796,2231.889,-0.005306632
000300.SH,沪深300,2014/1/24,2231.889,2245.678,0.006178175
000300.SH,沪深300,2014/1/27,2245.678,2215.919,-0.013251677
000300.SH,沪深300,2014/1/28,2215.919,2219.855,0.001776238
000300.SH,沪深300,2014/1/29,2219.855,2227.781,0.003570503
000300.SH,沪深300,2014/1/30,2227.781,2202.45,-0.011370507
000300.SH,沪深300,2014/2/7,2202.45,2212.483,0.004555382
000300.SH,沪深300,2014/2/10,2212.483,2267.534,0.024881999
000300.SH,沪深300,2014/2/11,2267.534,2285.562,0.007950487
000300.SH,沪深300,2014/2/12,2285.562,2291.246,0.002486916
000300.SH,沪深300,2014/2/13,2291.246,2279.554,-0.0051029
000300.SH,沪深300,2014/2/14,2279.554,2295.575,0.007028129
000300.SH,沪深300,2014/2/17,2295.575,2311.647,0.007001296
000300.SH,沪深300,2014/2/18,2311.647,2282.442,-0.012633849
000300.SH,沪深300,2014/2/19,2282.442,2308.656,0.011485067
000300.SH,沪深300,2014/2/20,2308.656,2287.436,-0.009191495
000300.SH,沪深300,2014/2/21,2287.436,2264.294,-0.010117004
000300.SH,沪深300,2014/2/24,2264.294,2214.509,-0.021986986
000300.SH,沪深300,2014/2/25,2214.509,2157.909,-0.025558713
000300.SH,沪深300,2014/2/26,2157.909,2163.405,0.00254691
000300.SH,沪深300,2014/2/27,2163.405,2154.108,-0.004297392
000300.SH,沪深300,2014/2/28,2154.108,2178.971,0.011542133
000300.SH,沪深300,2014/3/3,2178.971,2190.37,0.005231368
000300.SH,沪深300,2014/3/4,2190.37,2184.273,-0.002783548
000300.SH,沪深300,2014/3/5,2184.273,2163.976,-0.009292337
000300.SH,沪深300,2014/3/6,2163.976,2173.634,0.004463081
000300.SH,沪深300,2014/3/7,2173.634,2168.358,-0.002427272
000300.SH,沪深300,2014/3/10,2168.358,2097.787,-0.032545825
000300.SH,沪深300,2014/3/11,2097.787,2108.661,0.005183558
000300.SH,沪深300,2014/3/12,2108.661,2114.134,0.002595486
000300.SH,沪深300,2014/3/13,2114.134,2140.333,0.012392308
000300.SH,沪深300,2014/3/14,2140.333,2122.836,-0.008174896
000300.SH,沪深300,2014/3/17,2122.836,2143.038,0.009516515
000300.SH,沪深300,2014/3/18,2143.038,2138.133,-0.002288807
000300.SH,沪深300,2014/3/19,2138.133,2120.87,-0.008073866
000300.SH,沪深300,2014/3/20,2120.87,2086.967,-0.015985421
000300.SH,沪深300,2014/3/21,2086.967,2158.798,0.034418848
000300.SH,沪深300,2014/3/24,2158.798,2176.554,0.008224947
000300.SH,沪深300,2014/3/25,2176.554,2174.44,-0.00097126
000300.SH,沪深300,2014/3/26,2174.44,2171.047,-0.001560402
000300.SH,沪深300,2014/3/27,2171.047,2155.707,-0.007065715
000300.SH,沪深300,2014/3/28,2155.707,2151.965,-0.001735857
000300.SH,沪深300,2014/3/31,2151.965,2146.305,-0.002630154
000300.SH,沪深300,2014/4/1,2146.305,2163.115,0.007832065
000300.SH,沪深300,2014/4/2,2163.115,2180.727,0.008141962
000300.SH,沪深300,2014/4/3,2180.727,2165.008,-0.007208147
000300.SH,沪深300,2014/4/4,2165.008,2185.472,0.009452159
000300.SH,沪深300,2014/4/8,2185.472,2237.316,0.023722107
000300.SH,沪深300,2014/4/9,2237.316,2238.62,0.000582841
000300.SH,沪深300,2014/4/10,2238.62,2273.761,0.015697617
000300.SH,沪深300,2014/4/11,2273.761,2270.666,-0.001361181
000300.SH,沪深300,2014/4/14,2270.666,2268.613,-0.00090414
000300.SH,沪深300,2014/4/15,2268.613,2229.463,-0.01725724
000300.SH,沪深300,2014/4/16,2229.463,2232.526,0.001373873
000300.SH,沪深300,2014/4/17,2232.526,2224.803,-0.00345931
000300.SH,沪深300,2014/4/18,2224.803,2224.479,-0.000145631
000300.SH,沪深300,2014/4/21,2224.479,2187.248,-0.016736953
000300.SH,沪深300,2014/4/22,2187.248,2196.795,0.004364846
000300.SH,沪深300,2014/4/23,2196.795,2194.668,-0.000968229
000300.SH,沪深300,2014/4/24,2194.668,2190.474,-0.001910995
000300.SH,沪深300,2014/4/25,2190.474,2167.826,-0.010339315
000300.SH,沪深300,2014/4/28,2167.826,2134.969,-0.015156659
000300.SH,沪深300,2014/4/29,2134.969,2158.47,0.011007654
000300.SH,沪深300,2014/4/30,2158.47,2158.659,8.76E-05
000300.SH,沪深300,2014/5/5,2158.659,2156.47,-0.001014055
000300.SH,沪深300,2014/5/6,2156.47,2157.328,0.000397872
000300.SH,沪深300,2014/5/7,2157.328,2137.316,-0.00927629
000300.SH,沪深300,2014/5/8,2137.316,2135.496,-0.000851535
000300.SH,沪深300,2014/5/9,2135.496,2133.911,-0.000742216
000300.SH,沪深300,2014/5/12,2133.911,2180.054,0.021623676
000300.SH,沪深300,2014/5/13,2180.054,2174.852,-0.002386179
000300.SH,沪深300,2014/5/14,2174.852,2172.372,-0.001140307
000300.SH,沪深300,2014/5/15,2172.372,2144.084,-0.013021711
000300.SH,沪深300,2014/5/16,2144.084,2145.952,0.000871235
000300.SH,沪深300,2014/5/19,2145.952,2115.143,-0.014356798
000300.SH,沪深300,2014/5/20,2115.143,2115.771,0.000296907
000300.SH,沪深300,2014/5/21,2115.771,2135.905,0.009516153
000300.SH,沪深300,2014/5/22,2135.905,2130.868,-0.002358251
000300.SH,沪深300,2014/5/23,2130.868,2148.414,0.008234203
000300.SH,沪深300,2014/5/26,2148.414,2155.976,0.003519806
000300.SH,沪深300,2014/5/27,2155.976,2147.28,-0.00403344
000300.SH,沪深300,2014/5/28,2147.28,2169.352,0.010279051
000300.SH,沪深300,2014/5/29,2169.352,2155.164,-0.006540202
000300.SH,沪深300,2014/5/30,2155.164,2156.464,0.000603202
000300.SH,沪深300,2014/6/3,2156.464,2149.918,-0.003035525
000300.SH,沪深300,2014/6/4,2149.918,2128.274,-0.010067361
000300.SH,沪深300,2014/6/5,2128.274,2150.602,0.01049113
000300.SH,沪深300,2014/6/6,2150.602,2134.716,-0.007386769
000300.SH,沪深300,2014/6/9,2134.716,2134.281,-0.000203774
000300.SH,沪深300,2014/6/10,2134.281,2161.268,0.012644539
000300.SH,沪深300,2014/6/11,2161.268,2160.766,-0.000232271
000300.SH,沪深300,2014/6/12,2160.766,2153.41,-0.003404348
000300.SH,沪深300,2014/6/13,2153.41,2176.242,0.010602718
000300.SH,沪深300,2014/6/16,2176.242,2191.855,0.007174294
000300.SH,沪深300,2014/6/17,2191.855,2169.674,-0.010119739
000300.SH,沪深300,2014/6/18,2169.674,2160.239,-0.00434858
000300.SH,沪深300,2014/6/19,2160.239,2126.907,-0.015429774
000300.SH,沪深300,2014/6/20,2126.907,2136.729,0.004617973
000300.SH,沪深300,2014/6/23,2136.729,2134.11,-0.001225705
000300.SH,沪深300,2014/6/24,2134.11,2144.821,0.005018954
000300.SH,沪深300,2014/6/25,2144.821,2133.371,-0.005338441
000300.SH,沪深300,2014/6/26,2133.371,2149.076,0.007361589
000300.SH,沪深300,2014/6/27,2149.076,2150.258,0.000550004
000300.SH,沪深300,2014/6/30,2150.258,2165.118,0.006910799
000300.SH,沪深300,2014/7/1,2165.118,2164.559,-0.000258185
000300.SH,沪深300,2014/7/2,2164.559,2170.867,0.002914219
000300.SH,沪深300,2014/7/3,2170.867,2180.192,0.004295519
000300.SH,沪深300,2014/7/4,2180.192,2178.695,-0.000686637
000300.SH,沪深300,2014/7/7,2178.695,2176.289,-0.001104331
000300.SH,沪深300,2014/7/8,2176.289,2180.473,0.001922539
000300.SH,沪深300,2014/7/9,2180.473,2148.71,-0.014567023
000300.SH,沪深300,2014/7/10,2148.71,2142.847,-0.002728614
000300.SH,沪深300,2014/7/11,2142.847,2148.009,0.002408945
000300.SH,沪深300,2014/7/14,2148.009,2171.758,0.011056285
000300.SH,沪深300,2014/7/15,2171.758,2174.976,0.001481749
000300.SH,沪深300,2014/7/16,2174.976,2170.868,-0.001888756
000300.SH,沪深300,2014/7/17,2170.868,2157.068,-0.006356904
000300.SH,沪深300,2014/7/18,2157.068,2164.144,0.003280379
000300.SH,沪深300,2014/7/21,2164.144,2166.295,0.000993926
000300.SH,沪深300,2014/7/22,2166.295,2192.698,0.012188091
000300.SH,沪深300,2014/7/23,2192.698,2197.833,0.002341864
000300.SH,沪深300,2014/7/24,2197.833,2237.015,0.01782756
000300.SH,沪深300,2014/7/25,2237.015,2260.454,0.010477802
000300.SH,沪深300,2014/7/28,2260.454,2323.897,0.028066486
000300.SH,沪深300,2014/7/29,2323.897,2331.369,0.003215289
000300.SH,沪深300,2014/7/30,2331.369,2322.011,-0.004013951
000300.SH,沪深300,2014/7/31,2322.011,2350.251,0.012161872
000300.SH,沪深300,2014/8/1,2350.251,2329.402,-0.008870967
000300.SH,沪深300,2014/8/4,2329.402,2375.62,0.019841144
000300.SH,沪深300,2014/8/5,2375.62,2369.353,-0.002638048
000300.SH,沪深300,2014/8/6,2369.353,2363.221,-0.002588048
000300.SH,沪深300,2014/8/7,2363.221,2327.457,-0.015133583
000300.SH,沪深300,2014/8/8,2327.457,2331.134,0.001579836
000300.SH,沪深300,2014/8/11,2331.134,2365.349,0.014677406
000300.SH,沪深300,2014/8/12,2365.349,2357.052,-0.003507728
000300.SH,沪深300,2014/8/13,2357.052,2358.901,0.000784454
000300.SH,沪深300,2014/8/14,2358.901,2335.945,-0.00973165
000300.SH,沪深300,2014/8/15,2335.945,2360.635,0.010569598
000300.SH,沪深300,2014/8/18,2360.635,2374.562,0.005899684
000300.SH,沪深300,2014/8/19,2374.562,2374.768,8.68E-05
000300.SH,沪深300,2014/8/20,2374.768,2366.14,-0.003633197
000300.SH,沪深300,2014/8/21,2366.14,2354.244,-0.005027598
000300.SH,沪深300,2014/8/22,2354.244,2365.364,0.004723385
000300.SH,沪深300,2014/8/25,2365.364,2342.863,-0.009512701
000300.SH,沪深300,2014/8/26,2342.863,2324.092,-0.008011992
000300.SH,沪深300,2014/8/27,2324.092,2327.595,0.001507255
000300.SH,沪深300,2014/8/28,2327.595,2311.278,-0.00701024
000300.SH,沪深300,2014/8/29,2311.278,2338.287,0.011685743
000300.SH,沪深300,2014/9/1,2338.287,2355.317,0.007283109
000300.SH,沪深300,2014/9/2,2355.317,2386.46,0.013222424
000300.SH,沪深300,2014/9/3,2386.46,2408.838,0.009377069
000300.SH,沪深300,2014/9/4,2408.838,2426.224,0.007217588
000300.SH,沪深300,2014/9/5,2426.224,2449.259,0.009494177
000300.SH,沪深300,2014/9/9,2449.259,2445.224,-0.001647437
000300.SH,沪深300,2014/9/10,2445.224,2432.433,-0.005231014
000300.SH,沪深300,2014/9/11,2432.433,2423.454,-0.003691366
000300.SH,沪深300,2014/9/12,2423.454,2438.358,0.0061499
000300.SH,沪深300,2014/9/15,2438.358,2437.189,-0.000479421
000300.SH,沪深300,2014/9/16,2437.189,2388.765,-0.019868791
000300.SH,沪深300,2014/9/17,2388.765,2401.326,0.005258366
000300.SH,沪深300,2014/9/18,2401.326,2408.664,0.003055812
000300.SH,沪深300,2014/9/19,2408.664,2425.211,0.006869783
000300.SH,沪深300,2014/9/22,2425.211,2378.92,-0.019087411
000300.SH,沪深300,2014/9/23,2378.92,2399.462,0.008635011
000300.SH,沪深300,2014/9/24,2399.462,2441.864,0.017671461
000300.SH,沪深300,2014/9/25,2441.864,2436.965,-0.002006254
000300.SH,沪深300,2014/9/26,2436.965,2437.201,9.68E-05
000300.SH,沪深300,2014/9/29,2437.201,2447.799,0.004348431
000300.SH,沪深300,2014/9/30,2447.799,2450.988,0.001302803
000300.SH,沪深300,2014/10/8,2450.988,2478.383,0.011177125
000300.SH,沪深300,2014/10/9,2478.383,2481.955,0.001441262
000300.SH,沪深300,2014/10/10,2481.955,2466.789,-0.006110506
000300.SH,沪深300,2014/10/13,2466.789,2454.946,-0.004800978
000300.SH,沪深300,2014/10/14,2454.946,2446.562,-0.003415146
000300.SH,沪深300,2014/10/15,2446.562,2463.874,0.007076052
000300.SH,沪深300,2014/10/16,2463.874,2444.395,-0.007905843
000300.SH,沪深300,2014/10/17,2444.395,2441.732,-0.001089431
000300.SH,沪深300,2014/10/20,2441.732,2454.711,0.005315489
000300.SH,沪深300,2014/10/21,2454.711,2433.391,-0.00868534
000300.SH,沪深300,2014/10/22,2433.391,2418.641,-0.0060615
000300.SH,沪深300,2014/10/23,2418.641,2395.936,-0.009387503
000300.SH,沪深300,2014/10/24,2395.936,2390.706,-0.002182863
000300.SH,沪深300,2014/10/27,2390.706,2368.832,-0.009149598
000300.SH,沪深300,2014/10/28,2368.832,2416.653,0.020187586
000300.SH,沪深300,2014/10/29,2416.653,2451.384,0.01437153
000300.SH,沪深300,2014/10/30,2451.384,2468.925,0.00715555
000300.SH,沪深300,2014/10/31,2468.925,2508.325,0.015958362
000300.SH,沪深300,2014/11/3,2508.325,2512.548,0.001683594
000300.SH,沪深300,2014/11/4,2512.548,2513.172,0.000248353
000300.SH,沪深300,2014/11/5,2513.172,2503.448,-0.003869214
000300.SH,沪深300,2014/11/6,2503.448,2506.067,0.001046157
000300.SH,沪深300,2014/11/7,2506.067,2502.153,-0.00156181
000300.SH,沪深300,2014/11/10,2502.153,2565.73,0.025408918
000300.SH,沪深300,2014/11/11,2565.73,2558.612,-0.002774259
000300.SH,沪深300,2014/11/12,2558.612,2594.318,0.013955223
000300.SH,沪深300,2014/11/13,2594.318,2579.75,-0.005615349
000300.SH,沪深300,2014/11/14,2579.75,2581.093,0.000520593
000300.SH,沪深300,2014/11/17,2581.093,2567.101,-0.005420959
000300.SH,沪深300,2014/11/18,2567.101,2541.416,-0.01000545
000300.SH,沪深300,2014/11/19,2541.416,2537.223,-0.001649868
000300.SH,沪深300,2014/11/20,2537.223,2537.099,-4.89E-05
000300.SH,沪深300,2014/11/21,2537.099,2583.455,0.018271262
000300.SH,沪深300,2014/11/24,2583.455,2649.258,0.025470929
000300.SH,沪深300,2014/11/25,2649.258,2685.561,0.013703082
000300.SH,沪深300,2014/11/26,2685.561,2723.018,0.013947551
000300.SH,沪深300,2014/11/27,2723.018,2754.49,0.011557764
000300.SH,沪深300,2014/11/28,2754.49,2808.819,0.019723796
000300.SH,沪深300,2014/12/1,2808.819,2819.812,0.003913745
000300.SH,沪深300,2014/12/2,2819.812,2923.94,0.036927285
000300.SH,沪深300,2014/12/3,2923.94,2967.549,0.014914465
000300.SH,沪深300,2014/12/4,2967.549,3104.351,0.046099323
000300.SH,沪深300,2014/12/5,3104.351,3124.885,0.006614587
000300.SH,沪深300,2014/12/8,3124.885,3252.881,0.040960227
000300.SH,沪深300,2014/12/9,3252.881,3106.913,-0.044873452
000300.SH,沪深300,2014/12/10,3106.913,3221.546,0.036896109
000300.SH,沪深300,2014/12/11,3221.546,3183.012,-0.011961338
000300.SH,沪深300,2014/12/12,3183.012,3193.227,0.003209224
000300.SH,沪深300,2014/12/15,3193.227,3217.228,0.007516221
000300.SH,沪深300,2014/12/16,3217.228,3303.402,0.02678517
000300.SH,沪深300,2014/12/17,3303.402,3360.598,0.017314272
000300.SH,沪深300,2014/12/18,3360.598,3345.927,-0.004365592
000300.SH,沪深300,2014/12/19,3345.927,3383.167,0.01112995
000300.SH,沪深300,2014/12/22,3383.167,3394.481,0.003344204
000300.SH,沪深300,2014/12/23,3394.481,3324.924,-0.020491203
000300.SH,沪深300,2014/12/24,3324.924,3230.385,-0.028433432
000300.SH,沪深300,2014/12/25,3230.385,3335.419,0.032514391
000300.SH,沪深300,2014/12/26,3335.419,3445.839,0.033105286
000300.SH,沪深300,2014/12/29,3445.839,3455.455,0.002790612
000300.SH,沪深300,2014/12/30,3455.455,3457.554,0.000607445
000300.SH,沪深300,2014/12/31,3457.554,3533.705,0.022024529
000300.SH,沪深300,2015/1/5,3533.705,3641.541,0.030516413
000300.SH,沪深300,2015/1/6,3641.541,3641.059,-0.000132362
000300.SH,沪深300,2015/1/7,3641.059,3643.79,0.000750057
000300.SH,沪深300,2015/1/8,3643.79,3559.259,-0.023198648
000300.SH,沪深300,2015/1/9,3559.259,3546.723,-0.003522081
000300.SH,沪深300,2015/1/12,3546.723,3513.576,-0.00934581
000300.SH,沪深300,2015/1/13,3513.576,3514.04,0.000132059
000300.SH,沪深300,2015/1/14,3514.04,3502.423,-0.003305882
000300.SH,沪深300,2015/1/15,3502.423,3604.121,0.02903647
000300.SH,沪深300,2015/1/16,3604.121,3635.146,0.008608202
000300.SH,沪深300,2015/1/19,3635.146,3355.155,-0.077023316
000300.SH,沪深300,2015/1/20,3355.155,3396.222,0.012239971
000300.SH,沪深300,2015/1/21,3396.222,3548.885,0.044950831
000300.SH,沪深300,2015/1/22,3548.885,3567.613,0.00527715
000300.SH,沪深300,2015/1/23,3567.613,3571.732,0.001154553
000300.SH,沪深300,2015/1/26,3571.732,3607.985,0.010149978
000300.SH,沪深300,2015/1/27,3607.985,3574.931,-0.009161346
000300.SH,沪深300,2015/1/28,3574.931,3525.323,-0.013876631
000300.SH,沪深300,2015/1/29,3525.323,3481.798,-0.012346386
000300.SH,沪深300,2015/1/30,3481.798,3434.39,-0.013615954
000300.SH,沪深300,2015/2/2,3434.39,3353.96,-0.023419006
000300.SH,沪深300,2015/2/3,3353.96,3437.445,0.024891472
000300.SH,沪深300,2015/2/4,3437.445,3401.768,-0.01037893
000300.SH,沪深300,2015/2/5,3401.768,3366.946,-0.010236442
000300.SH,沪深300,2015/2/6,3366.946,3312.42,-0.016194498
000300.SH,沪深300,2015/2/9,3312.42,3345.921,0.010113754
000300.SH,沪深300,2015/2/10,3345.921,3406.943,0.018237729
000300.SH,沪深300,2015/2/11,3406.943,3434.124,0.00797812
000300.SH,沪深300,2015/2/12,3434.124,3442.874,0.002547957
000300.SH,沪深300,2015/2/13,3442.874,3469.828,0.007828924
000300.SH,沪深300,2015/2/16,3469.828,3499.483,0.008546533
000300.SH,沪深300,2015/2/17,3499.483,3522.322,0.006526393
000300.SH,沪深300,2015/2/25,3522.322,3478.729,-0.012376211
000300.SH,沪深300,2015/2/26,3478.729,3566.295,0.025171837
000300.SH,沪深300,2015/2/27,3566.295,3572.843,0.001836079
000300.SH,沪深300,2015/3/2,3572.843,3601.265,0.007955009
000300.SH,沪深300,2015/3/3,3601.265,3507.9,-0.025925612
000300.SH,沪深300,2015/3/4,3507.9,3530.822,0.006534394
000300.SH,沪深300,2015/3/5,3530.822,3496.344,-0.009764865
000300.SH,沪深300,2015/3/6,3496.344,3478.52,-0.005097897
000300.SH,沪深300,2015/3/9,3478.52,3537.75,0.017027356
000300.SH,沪深300,2015/3/10,3537.75,3520.611,-0.004844605
000300.SH,沪深300,2015/3/11,3520.611,3524.653,0.001148096
000300.SH,沪深300,2015/3/12,3524.653,3592.844,0.019346869
000300.SH,沪深300,2015/3/13,3592.844,3617.657,0.006906228
000300.SH,沪深300,2015/3/16,3617.657,3705.671,0.024329006
000300.SH,沪深300,2015/3/17,3705.671,3757.122,0.013884395
000300.SH,沪深300,2015/3/18,3757.122,3846.055,0.023670512
000300.SH,沪深300,2015/3/19,3846.055,3839.739,-0.001642202
000300.SH,沪深300,2015/3/20,3839.739,3892.574,0.01376005
000300.SH,沪深300,2015/3/23,3892.574,3972.061,0.020420164
000300.SH,沪深300,2015/3/24,3972.061,3973.046,0.000247982
000300.SH,沪深300,2015/3/25,3973.046,3940.412,-0.008213849
000300.SH,沪深300,2015/3/26,3940.412,3949.999,0.002432994
000300.SH,沪深300,2015/3/27,3949.999,3971.697,0.005493166
000300.SH,沪深300,2015/3/30,3971.697,4088.178,0.029327766
000300.SH,沪深300,2015/3/31,4088.178,4051.204,-0.009044127
000300.SH,沪深300,2015/4/1,4051.204,4123.895,0.017943061
000300.SH,沪深300,2015/4/2,4123.895,4124.776,0.000213633
000300.SH,沪深300,2015/4/3,4124.776,4170.538,0.011094421
000300.SH,沪深300,2015/4/7,4170.538,4260.044,0.0214615
000300.SH,沪深300,2015/4/8,4260.044,4295.803,0.008394045
000300.SH,沪深300,2015/4/9,4295.803,4262.138,-0.007836719
000300.SH,沪深300,2015/4/10,4262.138,4344.416,0.019304396
000300.SH,沪深300,2015/4/13,4344.416,4421.073,0.017644949
000300.SH,沪深300,2015/4/14,4421.073,4438.184,0.003870327
000300.SH,沪深300,2015/4/15,4438.184,4380.513,-0.012994279
000300.SH,沪深300,2015/4/16,4380.513,4513.546,0.030369274
000300.SH,沪深300,2015/4/17,4513.546,4596.136,0.018298252
000300.SH,沪深300,2015/4/20,4596.136,4521.919,-0.016147694
000300.SH,沪深300,2015/4/21,4521.919,4619.164,0.02150525
000300.SH,沪深300,2015/4/22,4619.164,4739.814,0.026119445
000300.SH,沪深300,2015/4/23,4739.814,4740.892,0.000227435
000300.SH,沪深300,2015/4/24,4740.892,4702.641,-0.008068313
000300.SH,沪深300,2015/4/27,4702.641,4807.592,0.022317459
000300.SH,沪深300,2015/4/28,4807.592,4741.861,-0.013672333
000300.SH,沪深300,2015/4/29,4741.861,4774.326,0.006846468
000300.SH,沪深300,2015/4/30,4774.326,4749.886,-0.005119047
000300.SH,沪深300,2015/5/4,4749.886,4787.741,0.007969665
000300.SH,沪深300,2015/5/5,4787.741,4596.837,-0.039873502
000300.SH,沪深300,2015/5/6,4596.837,4553.327,-0.009465204
000300.SH,沪深300,2015/5/7,4553.327,4470.089,-0.018280699
000300.SH,沪深300,2015/5/8,4470.089,4558.404,0.019756877
000300.SH,沪深300,2015/5/11,4558.404,4690.532,0.028985584
000300.SH,沪深300,2015/5/12,4690.532,4747.421,0.012128475
000300.SH,沪深300,2015/5/13,4747.421,4718.436,-0.00610542
000300.SH,沪深300,2015/5/14,4718.436,4700.778,-0.003742342
000300.SH,沪深300,2015/5/15,4700.778,4617.47,-0.017722173
000300.SH,沪深300,2015/5/18,4617.47,4575.14,-0.009167358
000300.SH,沪深300,2015/5/19,4575.14,4731.222,0.03411524
000300.SH,沪深300,2015/5/20,4731.222,4754.919,0.005008643
000300.SH,沪深300,2015/5/21,4754.919,4840.976,0.018098521
000300.SH,沪深300,2015/5/22,4840.976,4951.335,0.022796849
000300.SH,沪深300,2015/5/25,4951.335,5099.495,0.029923243
000300.SH,沪深300,2015/5/26,5099.495,5198.918,0.019496636
000300.SH,沪深300,2015/5/27,5198.918,5181.434,-0.003363007
000300.SH,沪深300,2015/5/28,5181.434,4834.007,-0.067052287
000300.SH,沪深300,2015/5/29,4834.007,4840.829,0.001411252
000300.SH,沪深300,2015/6/1,4840.829,5076.179,0.048617706
000300.SH,沪深300,2015/6/2,5076.179,5161.87,0.016881004
000300.SH,沪深300,2015/6/3,5161.87,5143.59,-0.003541352
000300.SH,沪深300,2015/6/4,5143.59,5181.416,0.007354008
000300.SH,沪深300,2015/6/5,5181.416,5230.552,0.009483122
000300.SH,沪深300,2015/6/8,5230.552,5353.751,0.023553728
000300.SH,沪深300,2015/6/9,5353.751,5317.461,-0.006778425
000300.SH,沪深300,2015/6/10,5317.461,5309.112,-0.00157011
000300.SH,沪深300,2015/6/11,5309.112,5306.59,-0.000475032
000300.SH,沪深300,2015/6/12,5306.59,5335.1151,0.005375411
000300.SH,沪深300,2015/6/15,5335.1151,5221.1665,-0.021358227
000300.SH,沪深300,2015/6/16,5221.1665,5064.8212,-0.029944515
000300.SH,沪深300,2015/6/17,5064.8212,5138.8307,0.014612461
000300.SH,沪深300,2015/6/18,5138.8307,4930.5491,-0.040530932
000300.SH,沪深300,2015/6/19,4930.5491,4637.0517,-0.059526311
000300.SH,沪深300,2015/6/23,4637.0517,4786.0906,0.032140875
000300.SH,沪深300,2015/6/24,4786.0906,4880.1261,0.019647664
000300.SH,沪深300,2015/6/25,4880.1261,4706.5159,-0.035574941
000300.SH,沪深300,2015/6/26,4706.5159,4336.1947,-0.078682662
000300.SH,沪深300,2015/6/29,4336.1947,4191.5486,-0.033357843
000300.SH,沪深300,2015/6/30,4191.5486,4472.9976,0.067146782
000300.SH,沪深300,2015/7/1,4472.9976,4253.021,-0.049178788
000300.SH,沪深300,2015/7/2,4253.021,4107.9961,-0.034099267
000300.SH,沪深300,2015/7/3,4107.9961,3885.9169,-0.054060227
000300.SH,沪深300,2015/7/6,3885.9169,3998.537,0.028981603
000300.SH,沪深300,2015/7/7,3998.537,3928.0025,-0.017640077
000300.SH,沪深300,2015/7/8,3928.0025,3663.0375,-0.067455405
000300.SH,沪深300,2015/7/9,3663.0375,3897.6263,0.064042151
000300.SH,沪深300,2015/7/10,3897.6263,4106.5561,0.053604369
000300.SH,沪深300,2015/7/13,4106.5561,4211.8116,0.025631088
000300.SH,沪深300,2015/7/14,4211.8116,4112.1488,-0.023662692
000300.SH,沪深300,2015/7/15,4112.1488,3966.7585,-0.035356284
000300.SH,沪深300,2015/7/16,3966.7585,3997.3555,0.007713351
000300.SH,沪深300,2015/7/17,3997.3555,4151.4956,0.038560518
000300.SH,沪深300,2015/7/20,4151.4956,4160.612,0.002195932
000300.SH,沪深300,2015/7/21,4160.612,4166.0057,0.001296372
000300.SH,沪深300,2015/7/22,4166.0057,4157.1604,-0.002123209
000300.SH,沪深300,2015/7/23,4157.1604,4250.805,0.022526097
000300.SH,沪深300,2015/7/24,4250.805,4176.2787,-0.017532279
000300.SH,沪深300,2015/7/27,4176.2787,3818.7314,-0.08561385
000300.SH,沪深300,2015/7/28,3818.7314,3811.0926,-0.00200035
000300.SH,沪深300,2015/7/29,3811.0926,3930.3791,0.031299817
000300.SH,沪深300,2015/7/30,3930.3791,3815.4118,-0.029250944
000300.SH,沪深300,2015/7/31,3815.4118,3816.6993,0.000337447
000300.SH,沪深300,2015/8/3,3816.6993,3829.2354,0.00328454
000300.SH,沪深300,2015/8/4,3829.2354,3948.1554,0.031055808
000300.SH,沪深300,2015/8/5,3948.1554,3866.8998,-0.020580649
000300.SH,沪深300,2015/8/6,3866.8998,3831.8516,-0.009063643
000300.SH,沪深300,2015/8/7,3831.8516,3906.9448,0.019597105
000300.SH,沪深300,2015/8/10,3906.9448,4084.3646,0.045411392
000300.SH,沪深300,2015/8/11,4084.3646,4066.6692,-0.004332473
000300.SH,沪深300,2015/8/12,4066.6692,4016.1262,-0.012428599
000300.SH,沪深300,2015/8/13,4016.1262,4075.463,0.014774635
000300.SH,沪深300,2015/8/14,4075.463,4073.54,-0.000471848
000300.SH,沪深300,2015/8/17,4073.54,4077.8721,0.001063473
000300.SH,沪深300,2015/8/18,4077.8721,3825.4122,-0.061909715
000300.SH,沪深300,2015/8/19,3825.4122,3886.1357,0.015873714
000300.SH,沪深300,2015/8/20,3886.1357,3761.4541,-0.032083697
000300.SH,沪深300,2015/8/21,3761.4541,3589.5358,-0.045705277
000300.SH,沪深300,2015/8/24,3589.5358,3275.5342,-0.087476938
000300.SH,沪深300,2015/8/25,3275.5342,3042.9266,-0.071013638
000300.SH,沪深300,2015/8/26,3042.9266,3025.692,-0.005663824
000300.SH,沪深300,2015/8/27,3025.692,3205.6375,0.059472511
000300.SH,沪深300,2015/8/28,3205.6375,3342.2863,0.042627652
000300.SH,沪深300,2015/8/31,3342.2863,3366.5359,0.007255393
000300.SH,沪深300,2015/9/1,3366.5359,3362.0827,-0.001322784
000300.SH,沪深300,2015/9/2,3362.0827,3365.8318,0.001115112
000300.SH,沪深300,2015/9/7,3365.8318,3250.485,-0.034269924
000300.SH,沪深300,2015/9/8,3250.485,3334.0233,0.025700257
000300.SH,沪深300,2015/9/9,3334.0233,3399.3054,0.019580577
000300.SH,沪深300,2015/9/10,3399.3054,3357.561,-0.012280273
000300.SH,沪深300,2015/9/11,3357.561,3347.1878,-0.003089505
000300.SH,沪深300,2015/9/14,3347.1878,3281.1317,-0.019734805
000300.SH,沪深300,2015/9/15,3281.1317,3152.2319,-0.039285165
000300.SH,沪深300,2015/9/16,3152.2319,3309.2484,0.049811215
000300.SH,沪深300,2015/9/17,3309.2484,3236.9986,-0.021832692
000300.SH,沪深300,2015/9/18,3236.9986,3251.2732,0.004409826
000300.SH,沪深300,2015/9/21,3251.2732,3308.2467,0.017523443
000300.SH,沪深300,2015/9/22,3308.2467,3339.03,0.009305019
000300.SH,沪深300,2015/9/23,3339.03,3263.0275,-0.02276185
000300.SH,沪深300,2015/9/24,3263.0275,3284.9991,0.006733501
000300.SH,沪深300,2015/9/25,3284.9991,3231.9514,-0.016148467
000300.SH,沪深300,2015/9/28,3231.9514,3242.7524,0.003341944
000300.SH,沪深300,2015/9/29,3242.7524,3178.8544,-0.019704866
000300.SH,沪深300,2015/9/30,3178.8544,3202.9475,0.007579177
000300.SH,沪深300,2015/10/8,3202.9475,3296.482,0.029202633
000300.SH,沪深300,2015/10/9,3296.482,3340.1159,0.013236505
000300.SH,沪深300,2015/10/12,3340.1159,3447.6934,0.032207715
000300.SH,沪深300,2015/10/13,3447.6934,3445.0431,-0.000768717
000300.SH,沪深300,2015/10/14,3445.0431,3406.1116,-0.011300729
000300.SH,沪深300,2015/10/15,3406.1116,3486.815,0.023693704
000300.SH,沪深300,2015/10/16,3486.815,3534.0653,0.013551135
000300.SH,沪深300,2015/10/19,3534.0653,3534.1821,3.30E-05
000300.SH,沪深300,2015/10/20,3534.1821,3577.7027,0.012314193
000300.SH,沪深300,2015/10/21,3577.7027,3473.2544,-0.029194237
000300.SH,沪深300,2015/10/22,3473.2544,3524.5339,0.014764107
000300.SH,沪深300,2015/10/23,3524.5339,3571.2411,0.013252022
000300.SH,沪深300,2015/10/26,3571.2411,3589.2611,0.005045865
000300.SH,沪深300,2015/10/27,3589.2611,3592.8794,0.00100809
000300.SH,沪深300,2015/10/28,3592.8794,3524.9199,-0.018915052
000300.SH,沪深300,2015/10/29,3524.9199,3533.3065,0.002379231
000300.SH,沪深300,2015/10/30,3533.3065,3534.0788,0.000218577
000300.SH,沪深300,2015/11/2,3534.0788,3475.9623,-0.016444597
000300.SH,沪深300,2015/11/3,3475.9623,3465.4927,-0.003012
000300.SH,沪深300,2015/11/4,3465.4927,3628.5377,0.047048144
000300.SH,沪深300,2015/11/5,3628.5377,3705.9697,0.021339726
000300.SH,沪深300,2015/11/6,3705.9697,3793.3739,0.023584704
000300.SH,沪深300,2015/11/9,3793.3739,3840.3547,0.012384964
000300.SH,沪深300,2015/11/10,3840.3547,3833.2379,-0.001853162
000300.SH,沪深300,2015/11/11,3833.2379,3833.6457,0.000106385
000300.SH,沪深300,2015/11/12,3833.6457,3795.3241,-0.009996125
000300.SH,沪深300,2015/11/13,3795.3241,3746.2422,-0.012932203
000300.SH,沪深300,2015/11/16,3746.2422,3764.1262,0.00477385
000300.SH,沪深300,2015/11/17,3764.1262,3758.3869,-0.001524736
000300.SH,沪深300,2015/11/18,3758.3869,3715.5796,-0.011389807
000300.SH,沪深300,2015/11/19,3715.5796,3774.969,0.015983886
000300.SH,沪深300,2015/11/20,3774.969,3774.3833,-0.000155154
000300.SH,沪深300,2015/11/23,3774.3833,3753.3351,-0.005576593
000300.SH,沪深300,2015/11/24,3753.3351,3753.8887,0.000147495
000300.SH,沪深300,2015/11/25,3753.8887,3781.6069,0.007383863
000300.SH,沪深300,2015/11/26,3781.6069,3759.4286,-0.005864782
000300.SH,沪深300,2015/11/27,3759.4286,3556.9924,-0.053847598
000300.SH,沪深300,2015/11/30,3556.9924,3566.4122,0.002648249
000300.SH,沪深300,2015/12/1,3566.4122,3591.696,0.007089422
000300.SH,沪深300,2015/12/2,3591.696,3721.9545,0.036266572
000300.SH,沪深300,2015/12/3,3721.9545,3749.2985,0.007346678
000300.SH,沪深300,2015/12/4,3749.2985,3677.5922,-0.019125258
000300.SH,沪深300,2015/12/7,3677.5922,3687.6073,0.002723276
000300.SH,沪深300,2015/12/8,3687.6073,3623.0202,-0.017514636
000300.SH,沪深300,2015/12/9,3623.0202,3635.9382,0.003565534
000300.SH,沪深300,2015/12/10,3635.9382,3623.0842,-0.003535264
000300.SH,沪深300,2015/12/11,3623.0842,3608.0587,-0.004147157
000300.SH,沪深300,2015/12/14,3608.0587,3711.322,0.028620183
000300.SH,沪深300,2015/12/15,3711.322,3694.3885,-0.00456266
000300.SH,沪深300,2015/12/16,3694.3885,3685.4398,-0.002422241
000300.SH,沪深300,2015/12/17,3685.4398,3755.8881,0.019115303
000300.SH,沪深300,2015/12/18,3755.8881,3767.9128,0.00320156
000300.SH,沪深300,2015/12/21,3767.9128,3865.965,0.026022948
000300.SH,沪深300,2015/12/22,3865.965,3876.7325,0.002785204
000300.SH,沪深300,2015/12/23,3876.7325,3866.3814,-0.002670058
000300.SH,沪深300,2015/12/24,3866.3814,3829.4022,-0.009564292
000300.SH,沪深300,2015/12/25,3829.4022,3838.201,0.002297695
000300.SH,沪深300,2015/12/28,3838.201,3727.6316,-0.028807611
000300.SH,沪深300,2015/12/29,3727.6316,3761.8745,0.009186235
000300.SH,沪深300,2015/12/30,3761.8745,3765.1752,0.000877408
000300.SH,沪深300,2015/12/31,3765.1752,3731.0047,-0.009075408
000300.SH,沪深300,2016/1/4,3731.0047,3469.0662,-0.070205889
000300.SH,沪深300,2016/1/5,3469.0662,3478.7797,0.002800033
000300.SH,沪深300,2016/1/6,3478.7797,3539.8082,0.017543077
000300.SH,沪深300,2016/1/7,3539.8082,3294.3839,-0.069332655
000300.SH,沪深300,2016/1/8,3294.3839,3361.5632,0.020392068
000300.SH,沪深300,2016/1/11,3361.5632,3192.4499,-0.050307934
000300.SH,沪深300,2016/1/12,3192.4499,3215.7099,0.00728594
000300.SH,沪深300,2016/1/13,3215.7099,3155.8787,-0.018605907
000300.SH,沪深300,2016/1/14,3155.8787,3221.5714,0.020815977
000300.SH,沪深300,2016/1/15,3221.5714,3118.7301,-0.031922713
000300.SH,沪深300,2016/1/18,3118.7301,3130.7289,0.003847335
000300.SH,沪深300,2016/1/19,3130.7289,3223.1251,0.02951268
000300.SH,沪深300,2016/1/20,3223.1251,3174.3781,-0.015124141
000300.SH,沪深300,2016/1/21,3174.3781,3081.3454,-0.029307378
000300.SH,沪深300,2016/1/22,3081.3454,3113.4626,0.010423109
000300.SH,沪深300,2016/1/25,3113.4626,3128.886,0.004953777
000300.SH,沪深300,2016/1/26,3128.886,2940.5085,-0.060205933
000300.SH,沪深300,2016/1/27,2940.5085,2930.3519,-0.003454028
000300.SH,沪深300,2016/1/28,2930.3519,2853.7562,-0.026138738
000300.SH,沪深300,2016/1/29,2853.7562,2946.0902,0.032355252
000300.SH,沪深300,2016/2/1,2946.0902,2901.0477,-0.015288907
000300.SH,沪深300,2016/2/2,2901.0477,2961.3337,0.020780768
000300.SH,沪深300,2016/2/3,2961.3337,2948.6386,-0.004286954
000300.SH,沪深300,2016/2/4,2948.6386,2984.7598,0.012250128
000300.SH,沪深300,2016/2/5,2984.7598,2963.7894,-0.007025825
000300.SH,沪深300,2016/2/15,2963.7894,2946.7066,-0.005763837
000300.SH,沪深300,2016/2/16,2946.7066,3037.0353,0.030654121
000300.SH,沪深300,2016/2/17,3037.0353,3063.3199,0.00865469
000300.SH,沪深300,2016/2/18,3063.3199,3053.6985,-0.003140841
000300.SH,沪深300,2016/2/19,3053.6985,3051.585,-0.000692112
000300.SH,沪深300,2016/2/22,3051.585,3118.8675,0.022048378
000300.SH,沪深300,2016/2/23,3118.8675,3089.3632,-0.00945994
000300.SH,沪深300,2016/2/24,3089.3632,3109.5454,0.006532803
000300.SH,沪深300,2016/2/25,3109.5454,2918.7501,-0.06135794
000300.SH,沪深300,2016/2/26,2918.7501,2948.0306,0.010031863
000300.SH,沪深300,2016/2/29,2948.0306,2877.4666,-0.023935979
000300.SH,沪深300,2016/3/1,2877.4666,2930.6937,0.018497904
000300.SH,沪深300,2016/3/2,2930.6937,3051.3327,0.041163974
000300.SH,沪深300,2016/3/3,3051.3327,3058.4219,0.002323313
000300.SH,沪深300,2016/3/4,3058.4219,3093.8895,0.0115967
000300.SH,沪深300,2016/3/7,3093.8895,3104.8397,0.003539299
000300.SH,沪深300,2016/3/8,3104.8397,3107.6727,0.000912446
000300.SH,沪深300,2016/3/9,3107.6727,3071.907,-0.011508837
000300.SH,沪深300,2016/3/10,3071.907,3013.1457,-0.019128606
000300.SH,沪深300,2016/3/11,3013.1457,3018.2844,0.001705427
000300.SH,沪深300,2016/3/14,3018.2844,3065.6904,0.015706273
000300.SH,沪深300,2016/3/15,3065.6904,3074.7796,0.002964813
000300.SH,沪深300,2016/3/16,3074.7796,3090.0328,0.004960746
000300.SH,沪深300,2016/3/17,3090.0328,3124.2039,0.011058491
000300.SH,沪深300,2016/3/18,3124.2039,3171.963,0.015286806
000300.SH,沪深300,2016/3/21,3171.963,3249.4372,0.024424686
000300.SH,沪深300,2016/3/22,3249.4372,3225.7903,-0.007277229
000300.SH,沪深300,2016/3/23,3225.7903,3236.0924,0.003193667
000300.SH,沪深300,2016/3/24,3236.0924,3181.8507,-0.016761481
000300.SH,沪深300,2016/3/25,3181.8507,3197.8169,0.005017897
000300.SH,沪深300,2016/3/28,3197.8169,3169.7283,-0.00878368
000300.SH,沪深300,2016/3/29,3169.7283,3135.4098,-0.010826953
000300.SH,沪深300,2016/3/30,3135.4098,3216.2753,0.025791047
000300.SH,沪深300,2016/3/31,3216.2753,3218.0879,0.000563571
000300.SH,沪深300,2016/4/1,3218.0879,3221.8948,0.00118297
000300.SH,沪深300,2016/4/5,3221.8948,3264.4858,0.01321924
000300.SH,沪深300,2016/4/6,3264.4858,3257.5276,-0.002131484
000300.SH,沪深300,2016/4/7,3257.5276,3209.2902,-0.014807979
000300.SH,沪深300,2016/4/8,3209.2902,3185.7258,-0.007342558
000300.SH,沪深300,2016/4/11,3185.7258,3230.0957,0.013927721
000300.SH,沪深300,2016/4/12,3230.0957,3218.4497,-0.003605466
000300.SH,沪深300,2016/4/13,3218.4497,3261.3831,0.013339777
000300.SH,沪深300,2016/4/14,3261.3831,3275.8321,0.004430329
000300.SH,沪深300,2016/4/15,3275.8321,3272.2053,-0.001107139
000300.SH,沪深300,2016/4/18,3272.2053,3228.4531,-0.01337086
000300.SH,沪深300,2016/4/19,3228.4531,3238.3029,0.003050935
000300.SH,沪深300,2016/4/20,3238.3029,3181.0264,-0.017687197
000300.SH,沪深300,2016/4/21,3181.0264,3160.6033,-0.006420286
000300.SH,沪深300,2016/4/22,3160.6033,3174.9012,0.004523788
000300.SH,沪深300,2016/4/25,3174.9012,3162.0331,-0.004053071
000300.SH,沪深300,2016/4/26,3162.0331,3179.1605,0.005416578
000300.SH,沪深300,2016/4/27,3179.1605,3165.9156,-0.004166163
000300.SH,沪深300,2016/4/28,3165.9156,3160.5809,-0.001685042
000300.SH,沪深300,2016/4/29,3160.5809,3156.7451,-0.001213638
000300.SH,沪深300,2016/5/3,3156.7451,3213.5397,0.017991507
000300.SH,沪深300,2016/5/4,3213.5397,3209.4614,-0.001269099
000300.SH,沪深300,2016/5/5,3209.4614,3213.9199,0.001389174
000300.SH,沪深300,2016/5/6,3213.9199,3130.3544,-0.026001115
000300.SH,沪深300,2016/5/9,3130.3544,3065.6154,-0.020681045
000300.SH,沪深300,2016/5/10,3065.6154,3069.1124,0.001140717
000300.SH,沪深300,2016/5/11,3069.1124,3082.8086,0.004462593
000300.SH,沪深300,2016/5/12,3082.8086,3090.1372,0.002377248
000300.SH,沪深300,2016/5/13,3090.1372,3074.9351,-0.004919555
000300.SH,沪深300,2016/5/16,3074.9351,3095.3085,0.006625636
000300.SH,沪深300,2016/5/17,3095.3085,3086.0249,-0.002999249
000300.SH,沪深300,2016/5/18,3086.0249,3068.0358,-0.005829214
000300.SH,沪深300,2016/5/19,3068.0358,3062.5002,-0.001804281
000300.SH,沪深300,2016/5/20,3062.5002,3078.2183,0.00513244
000300.SH,沪深300,2016/5/23,3078.2183,3087.2225,0.002925134
000300.SH,沪深300,2016/5/24,3087.2225,3063.5556,-0.007666082
000300.SH,沪深300,2016/5/25,3063.5556,3059.2259,-0.001413292
000300.SH,沪深300,2016/5/26,3059.2259,3064.2111,0.001629563
000300.SH,沪深300,2016/5/27,3064.2111,3062.4993,-0.000558643
000300.SH,沪深300,2016/5/30,3062.4993,3066.7095,0.001374759
000300.SH,沪深300,2016/5/31,3066.7095,3169.5598,0.033537673
000300.SH,沪深300,2016/6/1,3169.5598,3160.547,-0.002843549
000300.SH,沪深300,2016/6/2,3160.547,3167.0997,0.00207328
000300.SH,沪深300,2016/6/3,3167.0997,3189.3255,0.007017714
000300.SH,沪深300,2016/6/6,3189.3255,3178.7883,-0.003303896
000300.SH,沪深300,2016/6/7,3178.7883,3177.0536,-0.000545711
000300.SH,沪深300,2016/6/8,3177.0536,3163.9864,-0.004112993
000300.SH,沪深300,2016/6/13,3163.9864,3066.3413,-0.030861416
000300.SH,沪深300,2016/6/14,3066.3413,3075.9834,0.003144497
000300.SH,沪深300,2016/6/15,3075.9834,3116.3682,0.01312907
000300.SH,沪深300,2016/6/16,3116.3682,3094.6748,-0.006961116
000300.SH,沪深300,2016/6/17,3094.6748,3110.3572,0.005067544
000300.SH,沪深300,2016/6/20,3110.3572,3112.6744,0.000744995
000300.SH,沪深300,2016/6/21,3112.6744,3106.3175,-0.002042263
000300.SH,沪深300,2016/6/22,3106.3175,3133.9611,0.008899155
000300.SH,沪深300,2016/6/23,3133.9611,3117.3168,-0.005310947
000300.SH,沪深300,2016/6/24,3117.3168,3077.1554,-0.012883323
000300.SH,沪深300,2016/6/27,3077.1554,3120.5443,0.014100328
000300.SH,沪深300,2016/6/28,3120.5443,3136.4013,0.005081485
000300.SH,沪深300,2016/6/29,3136.4013,3151.3898,0.004778885
000300.SH,沪深300,2016/6/30,3151.3898,3153.921,0.000803201
000300.SH,沪深300,2016/7/1,3153.921,3154.2003,8.86E-05
000300.SH,沪深300,2016/7/4,3154.2003,3204.6962,0.016009097
000300.SH,沪深300,2016/7/5,3204.6962,3207.3827,0.000838301
000300.SH,沪深300,2016/7/6,3207.3827,3216.8035,0.002937224
000300.SH,沪深300,2016/7/7,3216.8035,3209.9542,-0.002129225
000300.SH,沪深300,2016/7/8,3209.9542,3192.2804,-0.005505935
000300.SH,沪深300,2016/7/11,3192.2804,3203.3298,0.003461287
000300.SH,沪深300,2016/7/12,3203.3298,3273.1823,0.021806216
000300.SH,沪深300,2016/7/13,3273.1823,3282.8681,0.002959139
000300.SH,沪深300,2016/7/14,3282.8681,3276.7637,-0.001859472
000300.SH,沪深300,2016/7/15,3276.7637,3276.2775,-0.000148378
000300.SH,沪深300,2016/7/18,3276.2775,3262.0222,-0.004351066
000300.SH,沪深300,2016/7/19,3262.0222,3248.2341,-0.004226857
000300.SH,沪深300,2016/7/20,3248.2341,3237.6051,-0.00327224
000300.SH,沪深300,2016/7/21,3237.6051,3252.5227,0.004607603
000300.SH,沪深300,2016/7/22,3252.5227,3225.1621,-0.008412117
000300.SH,沪深300,2016/7/25,3225.1621,3230.885,0.001774453
000300.SH,沪深300,2016/7/26,3230.885,3269.5882,0.011979133
000300.SH,沪深300,2016/7/27,3269.5882,3218.243,-0.015703874
000300.SH,沪深300,2016/7/28,3218.243,3221.1365,0.000899093
000300.SH,沪深300,2016/7/29,3221.1365,3203.9304,-0.005341624
000300.SH,沪深300,2016/8/1,3203.9304,3176.8091,-0.008465009
000300.SH,沪深300,2016/8/2,3176.8091,3189.0529,0.003854119
000300.SH,沪深300,2016/8/3,3189.0529,3193.5073,0.001396778
000300.SH,沪深300,2016/8/4,3193.5073,3201.2888,0.002436663
000300.SH,沪深300,2016/8/5,3201.2888,3205.1101,0.001193675
000300.SH,沪深300,2016/8/8,3205.1101,3234.1833,0.00907089
000300.SH,沪深300,2016/8/9,3234.1833,3256.9813,0.007049075
000300.SH,沪深300,2016/8/10,3256.9813,3243.3409,-0.00418805
000300.SH,沪深300,2016/8/11,3243.3409,3233.3604,-0.003077228
000300.SH,沪深300,2016/8/12,3233.3604,3294.2337,0.018826636
000300.SH,沪深300,2016/8/15,3294.2337,3393.4239,0.03011025
000300.SH,沪深300,2016/8/16,3393.4239,3378.2451,-0.004473004
000300.SH,沪深300,2016/8/17,3378.2451,3373.0476,-0.001538521
000300.SH,沪深300,2016/8/18,3373.0476,3364.4851,-0.002538506
000300.SH,沪深300,2016/8/19,3364.4851,3365.0197,0.000158895
000300.SH,沪深300,2016/8/22,3365.0197,3336.7949,-0.008387707
000300.SH,沪深300,2016/8/23,3336.7949,3341.8298,0.001508903
000300.SH,沪深300,2016/8/24,3341.8298,3329.8631,-0.003580883
000300.SH,沪深300,2016/8/25,3329.8631,3308.9721,-0.006273831
000300.SH,沪深300,2016/8/26,3308.9721,3307.0902,-0.000568726
000300.SH,沪深300,2016/8/29,3307.0902,3307.7812,0.000208945
000300.SH,沪深300,2016/8/30,3307.7812,3311.9872,0.001271547
000300.SH,沪深300,2016/8/31,3311.9872,3327.7938,0.004772543
000300.SH,沪深300,2016/9/1,3327.7938,3301.5767,-0.007878223
000300.SH,沪深300,2016/9/2,3301.5767,3314.1142,0.003797428
000300.SH,沪深300,2016/9/5,3314.1142,3319.6803,0.001679514
000300.SH,沪深300,2016/9/6,3319.6803,3342.6259,0.006911991
000300.SH,沪深300,2016/9/7,3342.6259,3340.8172,-0.000541102
000300.SH,沪深300,2016/9/8,3340.8172,3339.564,-0.000375118
000300.SH,沪深300,2016/9/9,3339.564,3318.044,-0.006443955
000300.SH,沪深300,2016/9/12,3318.044,3262.6043,-0.016708549
000300.SH,沪深300,2016/9/13,3262.6043,3260.333,-0.000696162
000300.SH,沪深300,2016/9/14,3260.333,3238.7299,-0.006626041
000300.SH,沪深300,2016/9/19,3238.7299,3263.1242,0.007532058
000300.SH,沪深300,2016/9/20,3263.1242,3257.4034,-0.001753166
000300.SH,沪深300,2016/9/21,3257.4034,3266.6363,0.002834436
000300.SH,沪深300,2016/9/22,3266.6363,3291.1211,0.007495417
000300.SH,沪深300,2016/9/23,3291.1211,3275.6665,-0.004695847
000300.SH,沪深300,2016/9/26,3275.6665,3220.2838,-0.016907307
000300.SH,沪深300,2016/9/27,3220.2838,3240.7546,0.006356831
000300.SH,沪深300,2016/9/28,3240.7546,3230.8904,-0.003043797
000300.SH,沪深300,2016/9/29,3230.8904,3244.3874,0.004177486
000300.SH,沪深300,2016/9/30,3244.3874,3253.2848,0.002742398
000300.SH,沪深300,2016/10/10,3253.2848,3293.8689,0.012474807
000300.SH,沪深300,2016/10/11,3293.8689,3306.5573,0.003852127
000300.SH,沪深300,2016/10/12,3306.5573,3300.0099,-0.001980126
000300.SH,沪深300,2016/10/13,3300.0099,3302.6455,0.000798664
000300.SH,沪深300,2016/10/14,3302.6455,3305.8481,0.000969707
000300.SH,沪深300,2016/10/17,3305.8481,3277.8787,-0.008460582
000300.SH,沪深300,2016/10/18,3277.8787,3321.3324,0.013256653
000300.SH,沪深300,2016/10/19,3321.3324,3316.2407,-0.001533029
000300.SH,沪深300,2016/10/20,3316.2407,3318.6044,0.000712765
000300.SH,沪深300,2016/10/21,3318.6044,3327.74,0.002752844
000300.SH,沪深300,2016/10/24,3327.74,3367.5778,0.011971428
000300.SH,沪深300,2016/10/25,3367.5778,3367.4547,-3.66E-05
000300.SH,沪深300,2016/10/26,3367.4547,3354.8003,-0.003757853
000300.SH,沪深300,2016/10/27,3354.8003,3345.695,-0.002714111
000300.SH,沪深300,2016/10/28,3345.695,3340.1262,-0.001664467
000300.SH,沪深300,2016/10/31,3340.1262,3336.2778,-0.001152172
000300.SH,沪深300,2016/11/1,3336.2778,3359.0515,0.00682608
000300.SH,沪深300,2016/11/2,3359.0515,3333.3524,-0.007650701
000300.SH,沪深300,2016/11/3,3333.3524,3365.085,0.009519726
000300.SH,沪深300,2016/11/4,3365.085,3354.1749,-0.003242147
000300.SH,沪深300,2016/11/7,3354.1749,3356.5916,0.000720505
000300.SH,沪深300,2016/11/8,3356.5916,3371.1177,0.004327634
000300.SH,沪深300,2016/11/9,3371.1177,3353.0547,-0.005358164
000300.SH,沪深300,2016/11/10,3353.0547,3390.6119,0.011200891
000300.SH,沪深300,2016/11/11,3390.6119,3417.2211,0.007847905
000300.SH,沪深300,2016/11/14,3417.2211,3430.2482,0.003812191
000300.SH,沪深300,2016/11/15,3430.2482,3429.8697,-0.000110342
000300.SH,沪深300,2016/11/16,3429.8697,3429.5921,-8.09E-05
000300.SH,沪深300,2016/11/17,3429.5921,3436.535,0.00202441
000300.SH,沪深300,2016/11/18,3436.535,3417.4554,-0.005551988
000300.SH,沪深300,2016/11/21,3417.4554,3441.1106,0.006921875
000300.SH,沪深300,2016/11/22,3441.1106,3468.3637,0.007919856
000300.SH,沪深300,2016/11/23,3468.3637,3474.7289,0.001835217
000300.SH,沪深300,2016/11/24,3474.7289,3488.7402,0.004032343
000300.SH,沪深300,2016/11/25,3488.7402,3521.2984,0.009332366
000300.SH,沪深300,2016/11/28,3521.2984,3535.0807,0.003913982
000300.SH,沪深300,2016/11/29,3535.0807,3564.0404,0.00819209
000300.SH,沪深300,2016/11/30,3564.0404,3538.001,-0.007306146
000300.SH,沪深300,2016/12/1,3538.001,3565.036,0.007641321
000300.SH,沪深300,2016/12/2,3565.036,3528.9547,-0.01012088
000300.SH,沪深300,2016/12/5,3528.9547,3469.4073,-0.016873949
000300.SH,沪深300,2016/12/6,3469.4073,3459.1533,-0.002955548
000300.SH,沪深300,2016/12/7,3459.1533,3475.7473,0.004797128
000300.SH,沪深300,2016/12/8,3475.7473,3470.1426,-0.001612517
000300.SH,沪深300,2016/12/9,3470.1426,3493.7004,0.006788712
000300.SH,沪深300,2016/12/12,3493.7004,3409.1794,-0.024192401
000300.SH,沪深300,2016/12/13,3409.1794,3405.0355,-0.001215512
000300.SH,沪深300,2016/12/14,3405.0355,3378.9453,-0.00766224
000300.SH,沪深300,2016/12/15,3378.9453,3340.4338,-0.011397491
000300.SH,沪深300,2016/12/16,3340.4338,3346.0305,0.001675441
000300.SH,沪深300,2016/12/19,3346.0305,3328.9827,-0.005094933
000300.SH,沪深300,2016/12/20,3328.9827,3309.0641,-0.005983389
000300.SH,沪深300,2016/12/21,3309.0641,3338.536,0.008906416
000300.SH,沪深300,2016/12/22,3338.536,3335.672,-0.000857861
000300.SH,沪深300,2016/12/23,3335.672,3307.5991,-0.008415965
000300.SH,沪深300,2016/12/26,3307.5991,3322.4006,0.004474998
000300.SH,沪深300,2016/12/27,3322.4006,3316.3852,-0.001810558
000300.SH,沪深300,2016/12/28,3316.3852,3301.8887,-0.004371175
000300.SH,沪深300,2016/12/29,3301.8887,3297.7648,-0.001248952
000300.SH,沪深300,2016/12/30,3297.7648,3310.0808,0.003734651
000300.SH,沪深300,2017/1/3,3310.0808,3342.2272,0.009711666
000300.SH,沪深300,2017/1/4,3342.2272,3368.3117,0.007804526
000300.SH,沪深300,2017/1/5,3368.3117,3367.7892,-0.000155122
000300.SH,沪深300,2017/1/6,3367.7892,3347.6665,-0.005975047
000300.SH,沪深300,2017/1/9,3347.6665,3363.9014,0.004849617
000300.SH,沪深300,2017/1/10,3363.9014,3358.2716,-0.001673592
000300.SH,沪深300,2017/1/11,3358.2716,3334.4954,-0.007079892
000300.SH,沪深300,2017/1/12,3334.4954,3317.6241,-0.005059626
000300.SH,沪深300,2017/1/13,3317.6241,3319.9122,0.00068968
000300.SH,沪深300,2017/1/16,3319.9122,3319.4455,-0.000140576
000300.SH,沪深300,2017/1/17,3319.4455,3326.3563,0.002081914
000300.SH,沪深300,2017/1/18,3326.3563,3339.3653,0.003910886
000300.SH,沪深300,2017/1/19,3339.3653,3329.2891,-0.0030174
000300.SH,沪深300,2017/1/20,3329.2891,3354.8891,0.007689329
000300.SH,沪深300,2017/1/23,3354.8891,3364.0808,0.002739793
000300.SH,沪深300,2017/1/24,3364.0808,3364.4509,0.000110015
000300.SH,沪深300,2017/1/25,3364.4509,3375.9042,0.003404211
000300.SH,沪深300,2017/1/26,3375.9042,3387.9606,0.00357131
000300.SH,沪深300,2017/2/3,3387.9606,3364.4923,-0.00692697
000300.SH,沪深300,2017/2/6,3364.4923,3373.2051,0.002589633
000300.SH,沪深300,2017/2/7,3373.2051,3365.6849,-0.002229393
000300.SH,沪深300,2017/2/8,3365.6849,3383.2878,0.005230109
000300.SH,沪深300,2017/2/9,3383.2878,3396.2924,0.003843776
000300.SH,沪深300,2017/2/10,3396.2924,3413.4868,0.005062697
000300.SH,沪深300,2017/2/13,3413.4868,3436.275,0.00667593
000300.SH,沪深300,2017/2/14,3436.275,3435.8042,-0.000137009
000300.SH,沪深300,2017/2/15,3435.8042,3421.7131,-0.004101252
000300.SH,沪深300,2017/2/16,3421.7131,3440.9331,0.005617069
000300.SH,沪深300,2017/2/17,3440.9331,3421.4419,-0.00566451
000300.SH,沪深300,2017/2/20,3421.4419,3471.3926,0.014599313
000300.SH,沪深300,2017/2/21,3471.3926,3482.823,0.003292742
000300.SH,沪深300,2017/2/22,3482.823,3489.7567,0.001990828
000300.SH,沪深300,2017/2/23,3489.7567,3473.3236,-0.004708953
000300.SH,沪深300,2017/2/24,3473.3236,3473.8517,0.000152045
000300.SH,沪深300,2017/2/27,3473.8517,3446.2228,-0.007953391
000300.SH,沪深300,2017/2/28,3446.2228,3452.8103,0.001911513
000300.SH,沪深300,2017/3/1,3452.8103,3458.4376,0.001629774
000300.SH,沪深300,2017/3/2,3458.4376,3435.0963,-0.006749088
000300.SH,沪深300,2017/3/3,3435.0963,3427.8628,-0.002105763
000300.SH,沪深300,2017/3/6,3427.8628,3446.484,0.005432306
000300.SH,沪深300,2017/3/7,3446.484,3453.9565,0.002168152
000300.SH,沪深300,2017/3/8,3453.9565,3448.7313,-0.001512816
000300.SH,沪深300,2017/3/9,3448.7313,3426.9438,-0.006317541
000300.SH,沪深300,2017/3/10,3426.9438,3427.8916,0.000276573
000300.SH,沪深300,2017/3/13,3427.8916,3458.098,0.008811947
000300.SH,沪深300,2017/3/14,3458.098,3456.6934,-0.000406177
000300.SH,沪深300,2017/3/15,3456.6934,3463.6436,0.00201065
000300.SH,沪深300,2017/3/16,3463.6436,3481.5066,0.005157286
000300.SH,沪深300,2017/3/17,3481.5066,3445.8051,-0.010254612
000300.SH,沪深300,2017/3/20,3445.8051,3449.6126,0.001104967
000300.SH,沪深300,2017/3/21,3449.6126,3466.3468,0.004851037
000300.SH,沪深300,2017/3/22,3466.3468,3450.0502,-0.004701376
000300.SH,沪深300,2017/3/23,3450.0502,3461.9782,0.003457341
000300.SH,沪深300,2017/3/24,3461.9782,3489.5997,0.007978531
000300.SH,沪深300,2017/3/27,3489.5997,3478.0385,-0.003313045
000300.SH,沪深300,2017/3/28,3478.0385,3469.8093,-0.002366046
000300.SH,沪深300,2017/3/29,3469.8093,3465.1933,-0.001330332
000300.SH,沪深300,2017/3/30,3465.1933,3436.758,-0.008205978
000300.SH,沪深300,2017/3/31,3436.758,3456.0455,0.00561212
000300.SH,沪深300,2017/4/5,3456.0455,3503.8932,0.013844638
000300.SH,沪深300,2017/4/6,3503.8932,3514.0469,0.002897834
000300.SH,沪深300,2017/4/7,3514.0469,3517.4634,0.000972241
000300.SH,沪深300,2017/4/10,3517.4634,3505.1392,-0.003503718
000300.SH,沪深300,2017/4/11,3505.1392,3517.328,0.003477408
000300.SH,沪深300,2017/4/12,3517.328,3509.4387,-0.002242981
000300.SH,沪深300,2017/4/13,3509.4387,3514.5662,0.00146106
000300.SH,沪深300,2017/4/14,3514.5662,3486.5045,-0.007984399
000300.SH,沪深300,2017/4/17,3486.5045,3479.9417,-0.001882344
000300.SH,沪深300,2017/4/18,3479.9417,3462.7429,-0.004942267
000300.SH,沪深300,2017/4/19,3462.7429,3445.8761,-0.004870936
000300.SH,沪深300,2017/4/20,3445.8761,3461.5481,0.004548045
000300.SH,沪深300,2017/4/21,3461.5481,3466.7865,0.001513311
000300.SH,沪深300,2017/4/24,3466.7865,3431.2587,-0.01024805
000300.SH,沪深300,2017/4/25,3431.2587,3440.9743,0.002831497
000300.SH,沪深300,2017/4/26,3440.9743,3445.1832,0.001223171
000300.SH,沪深300,2017/4/27,3445.1832,3446.7202,0.00044613
000300.SH,沪深300,2017/4/28,3446.7202,3439.753,-0.0020214
000300.SH,沪深300,2017/5/2,3439.753,3426.5766,-0.003830624
000300.SH,沪深300,2017/5/3,3426.5766,3413.1282,-0.003924734
000300.SH,沪深300,2017/5/4,3413.1282,3404.3864,-0.002561228
000300.SH,沪深300,2017/5/5,3404.3864,3382.5502,-0.006414137
000300.SH,沪深300,2017/5/8,3382.5502,3358.8125,-0.007017693
000300.SH,沪深300,2017/5/9,3358.8125,3352.5324,-0.001869738
000300.SH,沪深300,2017/5/10,3352.5324,3337.7007,-0.004424029
000300.SH,沪深300,2017/5/11,3337.7007,3356.6459,0.005676123
000300.SH,沪深300,2017/5/12,3356.6459,3385.3787,0.008559974
000300.SH,沪深300,2017/5/15,3385.3787,3399.1937,0.004080784
000300.SH,沪深300,2017/5/16,3399.1937,3428.6491,0.008665408
000300.SH,沪深300,2017/5/17,3428.6491,3409.9656,-0.005449231
000300.SH,沪深300,2017/5/18,3409.9656,3398.1127,-0.003475959
000300.SH,沪深300,2017/5/19,3398.1127,3403.8492,0.001688143
000300.SH,沪深300,2017/5/22,3403.8492,3411.2387,0.002170925
000300.SH,沪深300,2017/5/23,3411.2387,3424.194,0.003797829
000300.SH,沪深300,2017/5/24,3424.194,3424.1669,-7.91E-06
000300.SH,沪深300,2017/5/25,3424.1669,3485.6581,0.017958003
000300.SH,沪深300,2017/5/26,3485.6581,3480.4345,-0.001498598
000300.SH,沪深300,2017/5/31,3480.4345,3492.8845,0.00357714
000300.SH,沪深300,2017/6/1,3492.8845,3497.7382,0.001389596
000300.SH,沪深300,2017/6/2,3497.7382,3486.5074,-0.003210875
000300.SH,沪深300,2017/6/5,3486.5074,3468.7538,-0.005092087
000300.SH,沪深300,2017/6/6,3468.7538,3492.8816,0.006955755
000300.SH,沪深300,2017/6/7,3492.8816,3533.8718,0.011735353
000300.SH,沪深300,2017/6/8,3533.8718,3560.9786,0.007670567
000300.SH,沪深300,2017/6/9,3560.9786,3576.1703,0.004266159
000300.SH,沪深300,2017/6/12,3576.1703,3574.3894,-0.000497991
000300.SH,沪深300,2017/6/13,3574.3894,3582.2674,0.002204013
000300.SH,沪深300,2017/6/14,3582.2674,3535.2987,-0.013111444
000300.SH,沪深300,2017/6/15,3535.2987,3528.7926,-0.001840325
000300.SH,沪深300,2017/6/16,3528.7926,3518.7611,-0.002842757
000300.SH,沪深300,2017/6/19,3518.7611,3553.6653,0.009919457
000300.SH,沪深300,2017/6/20,3553.6653,3546.494,-0.002018001
000300.SH,沪深300,2017/6/21,3546.494,3587.955,0.011690701
000300.SH,沪深300,2017/6/22,3587.955,3590.3425,0.000665421
000300.SH,沪深300,2017/6/23,3590.3425,3622.8831,0.009063369
000300.SH,沪深300,2017/6/26,3622.8831,3668.0919,0.01247868
000300.SH,沪深300,2017/6/27,3668.0919,3674.7152,0.001805653
000300.SH,沪深300,2017/6/28,3674.7152,3646.1666,-0.007768929
000300.SH,沪深300,2017/6/29,3646.1666,3668.8279,0.006215103
000300.SH,沪深300,2017/6/30,3668.8279,3666.7977,-0.000553365
000300.SH,沪深300,2017/7/3,3666.7977,3650.8463,-0.004350226
000300.SH,沪深300,2017/7/4,3650.8463,3619.9841,-0.008453437
000300.SH,沪深300,2017/7/5,3619.9841,3659.6795,0.010965628
000300.SH,沪深300,2017/7/6,3659.6795,3660.0967,0.000113999
000300.SH,沪深300,2017/7/7,3660.0967,3655.9293,-0.001138604
000300.SH,沪深300,2017/7/10,3655.9293,3653.6868,-0.000613387
000300.SH,沪深300,2017/7/11,3653.6868,3670.8086,0.004686171
000300.SH,沪深300,2017/7/12,3670.8086,3658.8236,-0.003264948
000300.SH,沪深300,2017/7/13,3658.8236,3686.9205,0.007679217
000300.SH,沪深300,2017/7/14,3686.9205,3703.094,0.004386723
000300.SH,沪深300,2017/7/17,3703.094,3663.5575,-0.010676613
000300.SH,沪深300,2017/7/18,3663.5575,3667.1807,0.000988984
000300.SH,沪深300,2017/7/19,3667.1807,3729.7466,0.017061035
000300.SH,沪深300,2017/7/20,3729.7466,3747.8843,0.004862985
000300.SH,沪深300,2017/7/21,3747.8843,3728.5976,-0.005146023
000300.SH,沪深300,2017/7/24,3728.5976,3743.4686,0.003988363
000300.SH,沪深300,2017/7/25,3743.4686,3719.559,-0.006387018
000300.SH,沪深300,2017/7/26,3719.559,3705.3884,-0.003809753
000300.SH,沪深300,2017/7/27,3705.3884,3712.1947,0.001836865
000300.SH,沪深300,2017/7/28,3712.1947,3721.8914,0.002612121
000300.SH,沪深300,2017/7/31,3721.8914,3737.8732,0.004294
000300.SH,沪深300,2017/8/1,3737.8732,3770.3828,0.008697352
000300.SH,沪深300,2017/8/2,3770.3828,3760.8525,-0.002527674
000300.SH,沪深300,2017/8/3,3760.8525,3727.8264,-0.008781546
000300.SH,沪深300,2017/8/4,3727.8264,3707.5796,-0.005431261
000300.SH,沪深300,2017/8/7,3707.5796,3726.7948,0.00518268
000300.SH,沪深300,2017/8/8,3726.7948,3732.2129,0.001453823
000300.SH,沪深300,2017/8/9,3732.2129,3731.044,-0.000313192
000300.SH,沪深300,2017/8/10,3731.044,3715.9208,-0.004053343
000300.SH,沪深300,2017/8/11,3715.9208,3647.3503,-0.018453165
000300.SH,沪深300,2017/8/14,3647.3503,3694.6831,0.012977311
000300.SH,沪深300,2017/8/15,3694.6831,3706.0566,0.003078342
000300.SH,沪深300,2017/8/16,3706.0566,3701.4207,-0.001250898
000300.SH,沪深300,2017/8/17,3701.4207,3721.277,0.005364508
000300.SH,沪深300,2017/8/18,3721.277,3724.6748,0.000913074
000300.SH,沪深300,2017/8/21,3724.6748,3740.9941,0.004381403
000300.SH,沪深300,2017/8/22,3740.9941,3752.298,0.00302163
000300.SH,沪深300,2017/8/23,3752.298,3756.0884,0.001010154
000300.SH,沪深300,2017/8/24,3756.0884,3734.6458,-0.005708758
000300.SH,沪深300,2017/8/25,3734.6458,3795.7544,0.016362623
000300.SH,沪深300,2017/8/28,3795.7544,3842.7119,0.012371059
000300.SH,沪深300,2017/8/29,3842.7119,3834.5376,-0.002127222
000300.SH,沪深300,2017/8/30,3834.5376,3834.3005,-6.18E-05
000300.SH,沪深300,2017/8/31,3834.3005,3822.0928,-0.003183814
000300.SH,沪深300,2017/9/1,3822.0928,3830.5383,0.002209653
000300.SH,沪深300,2017/9/4,3830.5383,3845.6163,0.003936261
000300.SH,沪深300,2017/9/5,3845.6163,3857.0464,0.002972241
000300.SH,沪深300,2017/9/6,3857.0464,3849.4499,-0.001969512
000300.SH,沪深300,2017/9/7,3849.4499,3829.8713,-0.005086077
000300.SH,沪深300,2017/9/8,3829.8713,3825.9895,-0.001013559
000300.SH,沪深300,2017/9/11,3825.9895,3825.6453,-9.00E-05
000300.SH,沪深300,2017/9/12,3825.6453,3837.9341,0.003212216
000300.SH,沪深300,2017/9/13,3837.9341,3842.6061,0.001217322
000300.SH,沪深300,2017/9/14,3842.6061,3829.9554,-0.003292219
000300.SH,沪深300,2017/9/15,3829.9554,3831.2965,0.000350161
000300.SH,沪深300,2017/9/18,3831.2965,3843.1428,0.003091982
000300.SH,沪深300,2017/9/19,3843.1428,3832.1161,-0.002869188
000300.SH,沪深300,2017/9/20,3832.1161,3842.4353,0.00269282
000300.SH,沪深300,2017/9/21,3842.4353,3837.8176,-0.001201764
000300.SH,沪深300,2017/9/22,3837.8176,3837.7304,-2.27E-05
000300.SH,沪深300,2017/9/25,3837.7304,3817.7915,-0.005195493
000300.SH,沪深300,2017/9/26,3817.7915,3820.7816,0.000783201
000300.SH,沪深300,2017/9/27,3820.7816,3821.2,0.000109506
000300.SH,沪深300,2017/9/28,3821.2,3822.5386,0.000350309
000300.SH,沪深300,2017/9/29,3822.5386,3836.5013,0.00365273
000300.SH,沪深300,2017/10/9,3836.5013,3882.2076,0.011913537
000300.SH,沪深300,2017/10/10,3882.2076,3889.8637,0.0019721
000300.SH,沪深300,2017/10/11,3889.8637,3902.6868,0.003296542
000300.SH,沪深300,2017/10/12,3902.6868,3912.9536,0.0026307
000300.SH,沪深300,2017/10/13,3912.9536,3921.0017,0.002056784
000300.SH,沪深300,2017/10/16,3921.0017,3913.4462,-0.001926931
000300.SH,沪深300,2017/10/17,3913.4462,3913.0688,-9.64E-05
000300.SH,沪深300,2017/10/18,3913.0688,3944.1626,0.007946142
000300.SH,沪深300,2017/10/19,3944.1626,3931.2495,-0.003273978
000300.SH,沪深300,2017/10/20,3931.2495,3926.852,-0.001118601
000300.SH,沪深300,2017/10/23,3926.852,3930.7981,0.001004902
000300.SH,沪深300,2017/10/24,3930.7981,3959.3953,0.007275164
000300.SH,沪深300,2017/10/25,3959.3953,3976.949,0.00443343
000300.SH,沪深300,2017/10/26,3976.949,3993.5752,0.004180642
000300.SH,沪深300,2017/10/27,3993.5752,4021.9676,0.007109519
000300.SH,沪深300,2017/10/30,4021.9676,4009.7218,-0.003044729
000300.SH,沪深300,2017/10/31,4009.7218,4006.7179,-0.000749154
000300.SH,沪深300,2017/11/1,4006.7179,3996.6221,-0.002519718
000300.SH,沪深300,2017/11/2,3996.6221,3997.1343,0.000128158
000300.SH,沪深300,2017/11/3,3997.1343,3992.6979,-0.001109895
000300.SH,沪深300,2017/11/6,3992.6979,4020.8896,0.007060815
000300.SH,沪深300,2017/11/7,4020.8896,4054.2465,0.0082959
000300.SH,沪深300,2017/11/8,4054.2465,4048.0057,-0.001539324
000300.SH,沪深300,2017/11/9,4048.0057,4075.8998,0.006890825
000300.SH,沪深300,2017/11/10,4075.8998,4111.9112,0.008835202
000300.SH,沪深300,2017/11/13,4111.9112,4128.0733,0.003930557
000300.SH,沪深300,2017/11/14,4128.0733,4099.351,-0.006957798
000300.SH,沪深300,2017/11/15,4099.351,4073.6696,-0.006264748
000300.SH,沪深300,2017/11/16,4073.6696,4105.0122,0.007693947
000300.SH,沪深300,2017/11/17,4105.0122,4120.8508,0.003858356
000300.SH,沪深300,2017/11/20,4120.8508,4143.8334,0.005577149
000300.SH,沪深300,2017/11/21,4143.8334,4217.7015,0.01782603
000300.SH,沪深300,2017/11/22,4217.7015,4227.5666,0.002338975
000300.SH,沪深300,2017/11/23,4227.5666,4102.3966,-0.029608049
000300.SH,沪深300,2017/11/24,4102.3966,4104.2034,0.000440425
000300.SH,沪深300,2017/11/27,4104.2034,4049.9475,-0.013219593
000300.SH,沪深300,2017/11/28,4049.9475,4055.8235,0.001450883
000300.SH,沪深300,2017/11/29,4055.8235,4053.7529,-0.000510525
000300.SH,沪深300,2017/11/30,4053.7529,4006.0993,-0.011755428
000300.SH,沪深300,2017/12/1,4006.0993,3998.1365,-0.001987669
000300.SH,沪深300,2017/12/4,3998.1365,4018.8571,0.005182564
000300.SH,沪深300,2017/12/5,4018.8571,4040.1704,0.005303324
000300.SH,沪深300,2017/12/6,4040.1704,4015.8211,-0.0060268
000300.SH,沪深300,2017/12/7,4015.8211,3971.0569,-0.011146961
000300.SH,沪深300,2017/12/8,3971.0569,4003.3792,0.00813947
000300.SH,沪深300,2017/12/11,4003.3792,4069.4997,0.016516172
000300.SH,沪深300,2017/12/12,4069.4997,4016.0163,-0.0131425
000300.SH,沪深300,2017/12/13,4016.0163,4050.0927,0.008485125
000300.SH,沪深300,2017/12/14,4050.0927,4026.1516,-0.005911247
000300.SH,沪深300,2017/12/15,4026.1516,3980.8558,-0.011250396
000300.SH,沪深300,2017/12/18,3980.8558,3985.2914,0.001114233
000300.SH,沪深300,2017/12/19,3985.2914,4035.3294,0.012555669
000300.SH,沪深300,2017/12/20,4035.3294,4030.4898,-0.001199307
000300.SH,沪深300,2017/12/21,4030.4898,4067.8485,0.009269022
000300.SH,沪深300,2017/12/22,4067.8485,4054.5984,-0.003257275
000300.SH,沪深300,2017/12/25,4054.5984,4041.5401,-0.003220615
000300.SH,沪深300,2017/12/26,4041.5401,4053.6224,0.002989529
000300.SH,沪深300,2017/12/27,4053.6224,3991.2075,-0.015397315
000300.SH,沪深300,2017/12/28,3991.2075,4018.8974,0.006937725
000300.SH,沪深300,2017/12/29,4018.8974,4030.8549,0.002975319
000300.SH,沪深300,2018/1/2,4030.8549,4087.4012,0.014028364
000300.SH,沪深300,2018/1/3,4087.4012,4111.3925,0.005869573
000300.SH,沪深300,2018/1/4,4111.3925,4128.8119,0.004236861
000300.SH,沪深300,2018/1/5,4128.8119,4138.7505,0.002407133
000300.SH,沪深300,2018/1/8,4138.7505,4160.1595,0.005172817
000300.SH,沪深300,2018/1/9,4160.1595,4189.2977,0.007004106
000300.SH,沪深300,2018/1/10,4189.2977,4207.8132,0.004419715
000300.SH,沪深300,2018/1/11,4207.8132,4205.5863,-0.00052923
000300.SH,沪深300,2018/1/12,4205.5863,4225.001,0.004616407
000300.SH,沪深300,2018/1/15,4225.001,4225.2393,5.64E-05
000300.SH,沪深300,2018/1/16,4225.2393,4258.473,0.007865519
000300.SH,沪深300,2018/1/17,4258.473,4248.1164,-0.002431999
000300.SH,沪深300,2018/1/18,4248.1164,4271.4168,0.005484878
000300.SH,沪深300,2018/1/19,4271.4168,4285.395,0.003272497
000300.SH,沪深300,2018/1/22,4285.395,4336.5974,0.011948117
000300.SH,沪深300,2018/1/23,4336.5974,4382.6129,0.010610969
000300.SH,沪深300,2018/1/24,4382.6129,4389.8853,0.001659375
000300.SH,沪深300,2018/1/25,4389.8853,4365.0794,-0.005650694
000300.SH,沪深300,2018/1/26,4365.0794,4381.2996,0.0037159
000300.SH,沪深300,2018/1/29,4381.2996,4302.0181,-0.01809543
000300.SH,沪深300,2018/1/30,4302.0181,4256.1021,-0.01067313
000300.SH,沪深300,2018/1/31,4256.1021,4275.8986,0.004651322
000300.SH,沪深300,2018/2/1,4275.8986,4245.8978,-0.007016256
000300.SH,沪深300,2018/2/2,4245.8978,4271.2326,0.005966889
000300.SH,沪深300,2018/2/5,4271.2326,4274.1464,0.000682192
000300.SH,沪深300,2018/2/6,4274.1464,4148.8856,-0.029306624
000300.SH,沪深300,2018/2/7,4148.8856,4050.4972,-0.023714416
000300.SH,沪深300,2018/2/8,4050.4972,4012.0472,-0.009492662
000300.SH,沪深300,2018/2/9,4012.0472,3840.6527,-0.042719961
000300.SH,沪深300,2018/2/12,3840.6527,3890.1046,0.01287591
000300.SH,沪深300,2018/2/13,3890.1046,3935.6324,0.01170349
000300.SH,沪深300,2018/2/14,3935.6324,3966.9614,0.007960347
000300.SH,沪深300,2018/2/22,3966.9614,4052.7332,0.021621536
000300.SH,沪深300,2018/2/23,4052.7332,4071.0889,0.004529215
000300.SH,沪深300,2018/2/26,4071.0889,4118.4186,0.011625809
000300.SH,沪深300,2018/2/27,4118.4186,4058.9806,-0.014432239
000300.SH,沪深300,2018/2/28,4058.9806,4023.6415,-0.008706398
000300.SH,沪深300,2018/3/1,4023.6415,4049.0863,0.006323824
000300.SH,沪深300,2018/3/2,4049.0863,4016.461,-0.008057447
000300.SH,沪深300,2018/3/5,4016.461,4018.097,0.000407324
000300.SH,沪深300,2018/3/6,4018.097,4066.5647,0.012062352
000300.SH,沪深300,2018/3/7,4066.5647,4036.6536,-0.007355373
000300.SH,沪深300,2018/3/8,4036.6536,4077.6001,0.010143674
000300.SH,沪深300,2018/3/9,4077.6001,4108.8652,0.007667525
000300.SH,沪深300,2018/3/12,4108.8652,4127.6662,0.004575716
000300.SH,沪深300,2018/3/13,4127.6662,4091.2533,-0.008821668
000300.SH,沪深300,2018/3/14,4091.2533,4073.3447,-0.004377289
000300.SH,沪深300,2018/3/15,4073.3447,4096.1627,0.005601785
000300.SH,沪深300,2018/3/16,4096.1627,4056.4226,-0.009701787
000300.SH,沪深300,2018/3/19,4056.4226,4074.2479,0.00439434
000300.SH,沪深300,2018/3/20,4074.2479,4077.7041,0.000848304
000300.SH,沪深300,2018/3/21,4077.7041,4061.0502,-0.004084136
000300.SH,沪深300,2018/3/22,4061.0502,4020.349,-0.010022334
000300.SH,沪深300,2018/3/23,4020.349,3904.9355,-0.028707334
000300.SH,沪深300,2018/3/26,3904.9355,3879.893,-0.006413038
000300.SH,沪深300,2018/3/27,3879.893,3913.2689,0.008602273
000300.SH,沪深300,2018/3/28,3913.2689,3842.7155,-0.018029275
000300.SH,沪深300,2018/3/29,3842.7155,3894.0498,0.01335886
000300.SH,沪深300,2018/3/30,3894.0498,3898.4977,0.00114223
000300.SH,沪深300,2018/4/2,3898.4977,3886.9189,-0.002970067
000300.SH,沪深300,2018/4/3,3886.9189,3862.4796,-0.006287577
000300.SH,沪深300,2018/4/4,3862.4796,3854.8625,-0.001972075
000300.SH,沪深300,2018/4/9,3854.8625,3852.9292,-0.000501522
000300.SH,沪深300,2018/4/10,3852.9292,3927.1729,0.019269417
000300.SH,沪深300,2018/4/11,3927.1729,3938.3434,0.002844413
000300.SH,沪深300,2018/4/12,3938.3434,3898.6354,-0.010082412
000300.SH,沪深300,2018/4/13,3898.6354,3871.1443,-0.007051467
000300.SH,沪深300,2018/4/16,3871.1443,3808.863,-0.016088602
000300.SH,沪深300,2018/4/17,3808.863,3748.6412,-0.015810965
000300.SH,沪深300,2018/4/18,3748.6412,3766.282,0.004705919
000300.SH,沪深300,2018/4/19,3766.282,3811.843,0.012097076
000300.SH,沪深300,2018/4/20,3811.843,3760.8543,-0.01337639
000300.SH,沪深300,2018/4/23,3760.8543,3766.3257,0.001454829
000300.SH,沪深300,2018/4/24,3766.3257,3843.4886,0.02048758
000300.SH,沪深300,2018/4/25,3843.4886,3828.7015,-0.003847312
000300.SH,沪深300,2018/4/26,3828.7015,3755.4941,-0.019120686
000300.SH,沪深300,2018/4/27,3755.4941,3756.8765,0.000368101
000300.SH,沪深300,2018/5/2,3756.8765,3763.6461,0.001801922
000300.SH,沪深300,2018/5/3,3763.6461,3793.0001,0.007799352
000300.SH,沪深300,2018/5/4,3793.0001,3774.5981,-0.004851569
000300.SH,沪深300,2018/5/7,3774.5981,3834.1877,0.015787005
000300.SH,沪深300,2018/5/8,3834.1877,3878.6767,0.01160324
000300.SH,沪深300,2018/5/9,3878.6767,3871.6152,-0.001820595
000300.SH,沪深300,2018/5/10,3871.6152,3893.0565,0.005538076
000300.SH,沪深300,2018/5/11,3893.0565,3872.8383,-0.0051934
000300.SH,沪深300,2018/5/14,3872.8383,3909.2933,0.009412993
000300.SH,沪深300,2018/5/15,3909.2933,3924.0975,0.003786925
000300.SH,沪深300,2018/5/16,3924.0975,3892.8442,-0.007964456
000300.SH,沪深300,2018/5/17,3892.8442,3864.0507,-0.00739652
000300.SH,沪深300,2018/5/18,3864.0507,3903.0637,0.0100964
000300.SH,沪深300,2018/5/21,3903.0637,3921.2421,0.004657469
000300.SH,沪深300,2018/5/22,3921.2421,3906.2081,-0.003833989
000300.SH,沪深300,2018/5/23,3906.2081,3854.5825,-0.013216295
000300.SH,沪深300,2018/5/24,3854.5825,3827.217,-0.007099472
000300.SH,沪深300,2018/5/25,3827.217,3816.498,-0.00280073
000300.SH,沪深300,2018/5/28,3816.498,3833.2599,0.004391958
000300.SH,沪深300,2018/5/29,3833.2599,3804.0093,-0.007630737
000300.SH,沪深300,2018/5/30,3804.0093,3723.3724,-0.021197871
000300.SH,沪深300,2018/5/31,3723.3724,3802.3759,0.021218264
000300.SH,沪深300,2018/6/1,3802.3759,3770.5891,-0.008359721
000300.SH,沪深300,2018/6/4,3770.5891,3807.5781,0.009809873
000300.SH,沪深300,2018/6/5,3807.5781,3845.3164,0.009911366
000300.SH,沪深300,2018/6/6,3845.3164,3837.3511,-0.002071429
000300.SH,沪深300,2018/6/7,3837.3511,3831.0128,-0.001651738
000300.SH,沪深300,2018/6/8,3831.0128,3779.6159,-0.013416008
000300.SH,沪深300,2018/6/11,3779.6159,3779.9818,9.68E-05
000300.SH,沪深300,2018/6/12,3779.9818,3825.9534,0.012161857
000300.SH,沪深300,2018/6/13,3825.9534,3788.3391,-0.009831353
000300.SH,沪深300,2018/6/14,3788.3391,3773.3655,-0.00395255
000300.SH,沪深300,2018/6/15,3773.3655,3753.4338,-0.005282208
000300.SH,沪深300,2018/6/19,3753.4338,3621.1166,-0.035252307
000300.SH,沪深300,2018/6/20,3621.1166,3635.4436,0.003956514
000300.SH,沪深300,2018/6/21,3635.4436,3592.965,-0.011684571
000300.SH,沪深300,2018/6/22,3592.965,3608.9046,0.004436336
000300.SH,沪深300,2018/6/25,3608.9046,3560.4777,-0.013418725
000300.SH,沪深300,2018/6/26,3560.4777,3531.1112,-0.00824791
000300.SH,沪深300,2018/6/27,3531.1112,3459.2621,-0.020347448
000300.SH,沪深300,2018/6/28,3459.2621,3423.5255,-0.0103307
000300.SH,沪深300,2018/6/29,3423.5255,3510.9845,0.025546472
000300.SH,沪深300,2018/7/2,3510.9845,3407.9638,-0.029342397
000300.SH,沪深300,2018/7/3,3407.9638,3409.2801,0.000386242
000300.SH,沪深300,2018/7/4,3409.2801,3363.7473,-0.013355547
000300.SH,沪深300,2018/7/5,3363.7473,3342.4379,-0.006335018
000300.SH,沪深300,2018/7/6,3342.4379,3365.1227,0.006786902
000300.SH,沪深300,2018/7/9,3365.1227,3459.1837,0.02795173
000300.SH,沪深300,2018/7/10,3459.1837,3467.5155,0.002408603
000300.SH,沪深300,2018/7/11,3467.5155,3407.5297,-0.01729936
000300.SH,沪深300,2018/7/12,3407.5297,3481.0559,0.021577567
000300.SH,沪深300,2018/7/13,3481.0559,3492.6897,0.003342032
000300.SH,沪深300,2018/7/16,3492.6897,3472.0859,-0.005899121
000300.SH,沪深300,2018/7/17,3472.0859,3449.3773,-0.006540334
000300.SH,沪深300,2018/7/18,3449.3773,3431.3227,-0.005234162
000300.SH,沪深300,2018/7/19,3431.3227,3428.343,-0.000868382
000300.SH,沪深300,2018/7/20,3428.343,3492.8938,0.018828571
000300.SH,沪深300,2018/7/23,3492.8938,3525.7503,0.00940667
000300.SH,沪深300,2018/7/24,3525.7503,3581.7057,0.015870494
000300.SH,沪深300,2018/7/25,3581.7057,3577.7522,-0.001103804
000300.SH,沪深300,2018/7/26,3577.7522,3536.2456,-0.011601307
000300.SH,沪深300,2018/7/27,3536.2456,3521.2269,-0.004247075
000300.SH,沪深300,2018/7/30,3521.2269,3515.0794,-0.00174584
000300.SH,沪深300,2018/7/31,3515.0794,3517.6568,0.000733241
000300.SH,沪深300,2018/8/1,3517.6568,3447.3882,-0.019975968
000300.SH,沪深300,2018/8/2,3447.3882,3370.9579,-0.022170494
000300.SH,沪深300,2018/8/3,3370.9579,3315.2839,-0.01651578
000300.SH,沪深300,2018/8/6,3315.2839,3273.2728,-0.012671946
000300.SH,沪深300,2018/8/7,3273.2728,3368.8695,0.029205235
000300.SH,沪深300,2018/8/8,3368.8695,3314.5075,-0.01613657
000300.SH,沪深300,2018/8/9,3314.5075,3397.5298,0.025048156
000300.SH,沪深300,2018/8/10,3397.5298,3405.0191,0.002204337
000300.SH,沪深300,2018/8/13,3405.0191,3390.3441,-0.004309814
000300.SH,沪深300,2018/8/14,3390.3441,3372.9137,-0.005141189
000300.SH,沪深300,2018/8/15,3372.9137,3291.976,-0.023996374
000300.SH,沪深300,2018/8/16,3291.976,3276.7276,-0.00463199
000300.SH,沪深300,2018/8/17,3276.7276,3229.6198,-0.014376477
000300.SH,沪深300,2018/8/20,3229.6198,3267.2498,0.011651526
000300.SH,沪深300,2018/8/21,3267.2498,3326.6489,0.018180153
000300.SH,沪深300,2018/8/22,3326.6489,3307.9545,-0.005619589
000300.SH,沪深300,2018/8/23,3307.9545,3320.0257,0.003649143
000300.SH,沪深300,2018/8/24,3320.0257,3325.3347,0.001599084
000300.SH,沪深300,2018/8/27,3325.3347,3406.5735,0.024430263
000300.SH,沪深300,2018/8/28,3406.5735,3400.1705,-0.001879601
000300.SH,沪深300,2018/8/29,3400.1705,3386.5736,-0.003998888
000300.SH,沪深300,2018/8/30,3386.5736,3351.0942,-0.010476489
000300.SH,沪深300,2018/8/31,3351.0942,3334.5036,-0.004950801
000300.SH,沪深300,2018/9/3,3334.5036,3321.8248,-0.003802305
000300.SH,沪深300,2018/9/4,3321.8248,3363.8984,0.012665809
000300.SH,沪深300,2018/9/5,3363.8984,3298.1412,-0.019547915
000300.SH,沪深300,2018/9/6,3298.1412,3262.8808,-0.010690992
000300.SH,沪深300,2018/9/7,3262.8808,3277.6438,0.004524529
000300.SH,沪深300,2018/9/10,3277.6438,3230.0681,-0.014515214
000300.SH,沪深300,2018/9/11,3230.0681,3224.2116,-0.00181312
000300.SH,沪深300,2018/9/12,3224.2116,3202.0248,-0.00688131
000300.SH,沪深300,2018/9/13,3202.0248,3236.5662,0.010787362
000300.SH,沪深300,2018/9/14,3236.5662,3242.0902,0.001706747
000300.SH,沪深300,2018/9/17,3242.0902,3204.9224,-0.011464147
000300.SH,沪深300,2018/9/18,3204.9224,3269.4319,0.020128256
000300.SH,沪深300,2018/9/19,3269.4319,3312.4823,0.013167548
000300.SH,沪深300,2018/9/20,3312.4823,3310.1258,-0.0007114
000300.SH,沪深300,2018/9/21,3310.1258,3410.4856,0.030319029
000300.SH,沪深300,2018/9/25,3410.4856,3379.8043,-0.008996168
000300.SH,沪深300,2018/9/26,3379.8043,3417.2413,0.011076677
000300.SH,沪深300,2018/9/27,3417.2413,3403.5902,-0.003994772
000300.SH,沪深300,2018/9/28,3403.5902,3438.8649,0.010363968
000300.SH,沪深300,2018/10/8,3438.8649,3290.8988,-0.043027599
000300.SH,沪深300,2018/10/9,3290.8988,3288.6906,-0.000671002
000300.SH,沪深300,2018/10/10,3288.6906,3281.5978,-0.002156725
000300.SH,沪深300,2018/10/11,3281.5978,3124.1139,-0.047990007
000300.SH,沪深300,2018/10/12,3124.1139,3170.7262,0.014920167
000300.SH,沪深300,2018/10/15,3170.7262,3126.4516,-0.013963552
000300.SH,沪深300,2018/10/16,3126.4516,3100.9738,-0.008149111
000300.SH,沪深300,2018/10/17,3100.9738,3118.2463,0.005570024
000300.SH,沪深300,2018/10/18,3118.2463,3044.3918,-0.023684627
000300.SH,沪深300,2018/10/19,3044.3918,3134.9455,0.02974443
000300.SH,沪深300,2018/10/22,3134.9455,3270.2732,0.043167481
000300.SH,沪深300,2018/10/23,3270.2732,3183.4257,-0.02655665
000300.SH,沪深300,2018/10/24,3183.4257,3188.2018,0.001500302
000300.SH,沪深300,2018/10/25,3188.2018,3194.3084,0.001915374
000300.SH,沪深300,2018/10/26,3194.3084,3173.635,-0.006471949
000300.SH,沪深300,2018/10/29,3173.635,3076.8889,-0.030484318
000300.SH,沪深300,2018/10/30,3076.8889,3110.2605,0.01084589
000300.SH,沪深300,2018/10/31,3110.2605,3153.8234,0.01400619
000300.SH,沪深300,2018/11/1,3153.8234,3177.0338,0.007359448
000300.SH,沪深300,2018/11/2,3177.0338,3290.2455,0.035634402
000300.SH,沪深300,2018/11/5,3290.2455,3262.8351,-0.008330807
000300.SH,沪深300,2018/11/6,3262.8351,3243.1504,-0.006033005
000300.SH,沪深300,2018/11/7,3243.1504,3221.9101,-0.00654928
000300.SH,沪深300,2018/11/8,3221.9101,3212.7737,-0.002835709
000300.SH,沪深300,2018/11/9,3212.7737,3167.4442,-0.014109148
000300.SH,沪深300,2018/11/12,3167.4442,3205.1407,0.011901236
000300.SH,沪深300,2018/11/13,3205.1407,3237.3823,0.01005934
000300.SH,沪深300,2018/11/14,3237.3823,3204.9427,-0.010020318
000300.SH,沪深300,2018/11/15,3204.9427,3242.3715,0.011678462
000300.SH,沪深300,2018/11/16,3242.3715,3257.6735,0.004719385
000300.SH,沪深300,2018/11/19,3257.6735,3294.6031,0.011336188
000300.SH,沪深300,2018/11/20,3294.6031,3218.4076,-0.023127369
000300.SH,沪深300,2018/11/21,3218.4076,3226.4918,0.002511863
000300.SH,沪深300,2018/11/22,3226.4918,3214.4273,-0.003739201
000300.SH,沪深300,2018/11/23,3214.4273,3143.4752,-0.022073014
000300.SH,沪深300,2018/11/26,3143.4752,3141.2434,-0.000709979
000300.SH,沪深300,2018/11/27,3141.2434,3137.2413,-0.00127405
000300.SH,沪深300,2018/11/28,3137.2413,3178.9326,0.013289159
000300.SH,沪深300,2018/11/29,3178.9326,3137.6542,-0.012984987
000300.SH,沪深300,2018/11/30,3137.6542,3172.69,0.01116624
000300.SH,沪深300,2018/12/3,3172.69,3260.9502,0.027818728
000300.SH,沪深300,2018/12/4,3260.9502,3267.7095,0.002072801
000300.SH,沪深300,2018/12/5,3267.7095,3252.0041,-0.004806241
000300.SH,沪深300,2018/12/6,3252.0041,3181.673,-0.021627002
000300.SH,沪深300,2018/12/7,3181.673,3181.5646,-3.41E-05
000300.SH,沪深300,2018/12/10,3181.5646,3144.7631,-0.011567108
000300.SH,沪深300,2018/12/11,3144.7631,3159.8158,0.004786593
000300.SH,沪深300,2018/12/12,3159.8158,3170.6092,0.003415832
000300.SH,沪深300,2018/12/13,3170.6092,3219.6924,0.015480684
000300.SH,沪深300,2018/12/14,3219.6924,3165.9109,-0.016703925
000300.SH,沪深300,2018/12/17,3165.9109,3161.1966,-0.001489082
000300.SH,沪深300,2018/12/18,3161.1966,3128.4265,-0.010366359
000300.SH,沪深300,2018/12/19,3128.4265,3091.1255,-0.011923246
000300.SH,沪深300,2018/12/20,3091.1255,3067.4169,-0.007669892
000300.SH,沪深300,2018/12/21,3067.4169,3029.3951,-0.012395381
000300.SH,沪深300,2018/12/24,3029.3951,3038.1981,0.002905861
000300.SH,沪深300,2018/12/25,3038.1981,3017.2815,-0.006884541
000300.SH,沪深300,2018/12/26,3017.2815,3002.0327,-0.005053821
000300.SH,沪深300,2018/12/27,3002.0327,2990.5057,-0.003839732
000300.SH,沪深300,2018/12/28,2990.5057,3010.6536,0.006737289
000300.SH,沪深300,2019/1/2,3010.6536,2969.5353,-0.013657599
000300.SH,沪深300,2019/1/3,2969.5353,2964.8421,-0.001580449
000300.SH,沪深300,2019/1/4,2964.8421,3035.8741,0.023958106
000300.SH,沪深300,2019/1/7,3035.8741,3054.303,0.006070377
000300.SH,沪深300,2019/1/8,3054.303,3047.7035,-0.002160722
000300.SH,沪深300,2019/1/9,3047.7035,3078.4759,0.010096914
000300.SH,沪深300,2019/1/10,3078.4759,3072.6864,-0.001880638
000300.SH,沪深300,2019/1/11,3072.6864,3094.7782,0.007189735
000300.SH,沪深300,2019/1/14,3094.7782,3067.7845,-0.008722338
000300.SH,沪深300,2019/1/15,3067.7845,3127.9904,0.019625205
000300.SH,沪深300,2019/1/16,3127.9904,3128.6517,0.000211414
000300.SH,沪深300,2019/1/17,3128.6517,3111.4168,-0.005508731
000300.SH,沪深300,2019/1/18,3111.4168,3168.1739,0.018241561
000300.SH,沪深300,2019/1/21,3168.1739,3185.6364,0.00551185
000300.SH,沪深300,2019/1/22,3185.6364,3143.3171,-0.01328441
000300.SH,沪深300,2019/1/23,3143.3171,3141.0532,-0.000720226
000300.SH,沪深300,2019/1/24,3141.0532,3158.7817,0.005644126
000300.SH,沪深300,2019/1/25,3158.7817,3184.4696,0.008132218
000300.SH,沪深300,2019/1/28,3184.4696,3183.7777,-0.000217273
000300.SH,沪深300,2019/1/29,3183.7777,3193.9698,0.00320126
000300.SH,沪深300,2019/1/30,3193.9698,3168.4829,-0.007979693
000300.SH,沪深300,2019/1/31,3168.4829,3201.6331,0.010462483
000300.SH,沪深300,2019/2/1,3201.6331,3247.3971,0.014293955
000300.SH,沪深300,2019/2/11,3247.3971,3306.4725,0.018191616
000300.SH,沪深300,2019/2/12,3306.4725,3330.3353,0.007216996
000300.SH,沪深300,2019/2/13,3330.3353,3397.0276,0.020025701
000300.SH,沪深300,2019/2/14,3397.0276,3402.1403,0.001505051
000300.SH,沪深300,2019/2/15,3402.1403,3338.7047,-0.018645792
000300.SH,沪深300,2019/2/18,3338.7047,3445.7448,0.032060368
000300.SH,沪深300,2019/2/19,3445.7448,3439.6078,-0.001781037
000300.SH,沪深300,2019/2/20,3439.6078,3451.9273,0.003581658
000300.SH,沪深300,2019/2/21,3451.9273,3442.7056,-0.002671464
000300.SH,沪深300,2019/2/22,3442.7056,3520.1182,0.022485977
000300.SH,沪深300,2019/2/25,3520.1182,3729.4831,0.059476668
000300.SH,沪深300,2019/2/26,3729.4831,3684.6935,-0.0120096
000300.SH,沪深300,2019/2/27,3684.6935,3678.3921,-0.001710156
000300.SH,沪深300,2019/2/28,3678.3921,3669.3703,-0.002452648
000300.SH,沪深300,2019/3/1,3669.3703,3749.7143,0.021895855
000300.SH,沪深300,2019/3/4,3749.7143,3794.104,0.011838155
000300.SH,沪深300,2019/3/5,3794.104,3816.0132,0.005774539
000300.SH,沪深300,2019/3/6,3816.0132,3848.0903,0.00840592
000300.SH,沪深300,2019/3/7,3848.0903,3808.8497,-0.010197422
000300.SH,沪深300,2019/3/8,3808.8497,3657.579,-0.039715587
000300.SH,沪深300,2019/3/11,3657.579,3729.9546,0.019787843
000300.SH,沪深300,2019/3/12,3729.9546,3755.3519,0.00680901
000300.SH,沪深300,2019/3/13,3755.3519,3724.1941,-0.008296906
000300.SH,沪深300,2019/3/14,3724.1941,3698.4858,-0.006903051
000300.SH,沪深300,2019/3/15,3698.4858,3745.005,0.012577904
000300.SH,沪深300,2019/3/18,3745.005,3851.7479,0.028502739
000300.SH,沪深300,2019/3/19,3851.7479,3833.9626,-0.004617462
000300.SH,沪深300,2019/3/20,3833.9626,3835.4397,0.000385267
000300.SH,沪深300,2019/3/21,3835.4397,3836.8913,0.00037847
000300.SH,沪深300,2019/3/22,3836.8913,3833.8013,-0.000805339
000300.SH,沪深300,2019/3/25,3833.8013,3742.8252,-0.023729999
000300.SH,沪深300,2019/3/26,3742.8252,3700.4388,-0.011324707
000300.SH,沪深300,2019/3/27,3700.4388,3743.3878,0.011606461
000300.SH,沪深300,2019/3/28,3743.3878,3728.3953,-0.004005062
000300.SH,沪深300,2019/3/29,3728.3953,3872.3412,0.038608004
000300.SH,沪深300,2019/4/1,3872.3412,3973.928,0.026233949
000300.SH,沪深300,2019/4/2,3973.928,3971.2852,-0.000665035
000300.SH,沪深300,2019/4/3,3971.2852,4022.1566,0.012809808
000300.SH,沪深300,2019/4/4,4022.1566,4062.2309,0.009963386
000300.SH,沪深300,2019/4/8,4062.2309,4057.2286,-0.001231417
000300.SH,沪深300,2019/4/9,4057.2286,4075.4301,0.00448619
000300.SH,沪深300,2019/4/10,4075.4301,4085.847,0.002556025
000300.SH,沪深300,2019/4/11,4085.847,3997.5778,-0.021603648
000300.SH,沪深300,2019/4/12,3997.5778,3988.6168,-0.002241607
000300.SH,沪深300,2019/4/15,3988.6168,3975.5244,-0.003282441
000300.SH,沪深300,2019/4/16,3975.5244,4085.7891,0.027735888
000300.SH,沪深300,2019/4/17,4085.7891,4087.2398,0.00035506
000300.SH,沪深300,2019/4/18,4087.2398,4072.0753,-0.003710206
000300.SH,沪深300,2019/4/19,4072.0753,4120.6078,0.01191837
000300.SH,沪深300,2019/4/22,4120.6078,4025.6109,-0.023054099
000300.SH,沪深300,2019/4/23,4025.6109,4019.0053,-0.001640894
000300.SH,沪深300,2019/4/24,4019.0053,4030.0887,0.002757747
000300.SH,沪深300,2019/4/25,4030.0887,3941.816,-0.021903414
000300.SH,沪深300,2019/4/26,3941.816,3889.2748,-0.013329186
000300.SH,沪深300,2019/4/29,3889.2748,3900.3339,0.002843486
000300.SH,沪深300,2019/4/30,3900.3339,3913.211,0.003301538
000300.SH,沪深300,2019/5/6,3913.211,3684.6168,-0.058416017
000300.SH,沪深300,2019/5/7,3684.6168,3720.6684,0.009784355
000300.SH,沪深300,2019/5/8,3720.6684,3667.4574,-0.014301463
000300.SH,沪深300,2019/5/9,3667.4574,3599.7001,-0.018475279
000300.SH,沪深300,2019/5/10,3599.7001,3730.4513,0.036322804
000300.SH,沪深300,2019/5/13,3730.4513,3668.7255,-0.01654647
000300.SH,沪深300,2019/5/14,3668.7255,3645.1503,-0.006425992
000300.SH,沪深300,2019/5/15,3645.1503,3727.0923,0.022479731
000300.SH,沪深300,2019/5/16,3727.0923,3743.9635,0.004526639
000300.SH,沪深300,2019/5/17,3743.9635,3648.7609,-0.025428293
000300.SH,沪深300,2019/5/20,3648.7609,3617.7924,-0.008487402
000300.SH,沪深300,2019/5/21,3617.7924,3666.7762,0.013539693
000300.SH,沪深300,2019/5/22,3666.7762,3649.3796,-0.004744386
000300.SH,沪深300,2019/5/23,3649.3796,3583.9646,-0.017924965
000300.SH,沪深300,2019/5/24,3583.9646,3593.9139,0.00277606
000300.SH,沪深300,2019/5/27,3593.9139,3637.1971,0.012043472
000300.SH,沪深300,2019/5/28,3637.1971,3672.2605,0.009640225
000300.SH,沪深300,2019/5/29,3672.2605,3663.909,-0.002274212
000300.SH,沪深300,2019/5/30,3663.909,3641.1833,-0.006202583
000300.SH,沪深300,2019/5/31,3641.1833,3629.7893,-0.003129203
000300.SH,沪深300,2019/6/3,3629.7893,3632.0127,0.000612542
000300.SH,沪深300,2019/6/4,3632.0127,3598.4666,-0.009236229
000300.SH,沪深300,2019/6/5,3598.4666,3597.105,-0.000378383
000300.SH,沪深300,2019/6/6,3597.105,3564.6778,-0.009014805
000300.SH,沪深300,2019/6/10,3564.6778,3610.7435,0.012922823
000300.SH,沪深300,2019/6/11,3610.7435,3719.2759,0.030058186
000300.SH,沪深300,2019/6/12,3719.2759,3691.0957,-0.007576797
000300.SH,沪深300,2019/6/13,3691.0957,3685.3933,-0.001544907
000300.SH,沪深300,2019/6/14,3685.3933,3654.8799,-0.008279551
000300.SH,沪深300,2019/6/17,3654.8799,3654.8248,-1.51E-05
000300.SH,沪深300,2019/6/18,3654.8248,3667.6185,0.003500496
000300.SH,沪深300,2019/6/19,3667.6185,3715.9381,0.013174653
000300.SH,沪深300,2019/6/20,3715.9381,3828.5183,0.030296576
000300.SH,沪深300,2019/6/21,3828.5183,3833.9383,0.001415691
000300.SH,沪深300,2019/6/24,3833.9383,3841.2659,0.001911246
000300.SH,沪深300,2019/6/25,3841.2659,3801.3098,-0.010401805
000300.SH,沪深300,2019/6/26,3801.3098,3794.331,-0.001835894
000300.SH,沪深300,2019/6/27,3794.331,3834.8172,0.010670181
000300.SH,沪深300,2019/6/28,3834.8172,3825.5873,-0.002406868
000300.SH,沪深300,2019/7/1,3825.5873,3935.8116,0.028812387
000300.SH,沪深300,2019/7/2,3935.8116,3937.1691,0.00034491
000300.SH,沪深300,2019/7/3,3937.1691,3893.5341,-0.011082836
000300.SH,沪深300,2019/7/4,3893.5341,3873.1019,-0.005247726
000300.SH,沪深300,2019/7/5,3873.1019,3893.2025,0.005189794
000300.SH,沪深300,2019/7/8,3893.2025,3802.7897,-0.023223246
000300.SH,沪深300,2019/7/9,3802.7897,3793.1297,-0.00254024
000300.SH,沪深300,2019/7/10,3793.1297,3786.739,-0.001684809
000300.SH,沪深300,2019/7/11,3786.739,3785.221,-0.000400873
000300.SH,沪深300,2019/7/12,3785.221,3808.7311,0.006211024
000300.SH,沪深300,2019/7/15,3808.7311,3824.1878,0.004058228
000300.SH,沪深300,2019/7/16,3824.1878,3806.8449,-0.004535054
000300.SH,沪深300,2019/7/17,3806.8449,3804.6384,-0.000579614
000300.SH,沪深300,2019/7/18,3804.6384,3768.4019,-0.009524295
000300.SH,沪深300,2019/7/19,3768.4019,3807.9551,0.010496014
000300.SH,沪深300,2019/7/22,3807.9551,3781.6832,-0.006899215
000300.SH,沪深300,2019/7/23,3781.6832,3789.9135,0.002176359
000300.SH,沪深300,2019/7/24,3789.9135,3819.8325,0.007894375
000300.SH,沪深300,2019/7/25,3819.8325,3851.0665,0.008176798
000300.SH,沪深300,2019/7/26,3851.0665,3858.5688,0.00194811
000300.SH,沪深300,2019/7/29,3858.5688,3854.2704,-0.001113988
000300.SH,沪深300,2019/7/30,3854.2704,3870.3176,0.004163486
000300.SH,沪深300,2019/7/31,3870.3176,3835.3589,-0.009032515
000300.SH,沪深300,2019/8/1,3835.3589,3803.4694,-0.008314606
000300.SH,沪深300,2019/8/2,3803.4694,3747.4379,-0.014731682
000300.SH,沪深300,2019/8/5,3747.4379,3675.6884,-0.019146281
000300.SH,沪深300,2019/8/6,3675.6884,3636.3289,-0.010708062
000300.SH,沪深300,2019/8/7,3636.3289,3621.431,-0.004096962
000300.SH,沪深300,2019/8/8,3621.431,3669.2936,0.013216488
000300.SH,沪深300,2019/8/9,3669.2936,3633.5296,-0.009746835
000300.SH,沪深300,2019/8/12,3633.5296,3699.1047,0.018047218
000300.SH,沪深300,2019/8/13,3699.1047,3665.7515,-0.00901656
000300.SH,沪深300,2019/8/14,3665.7515,3682.4015,0.004542043
000300.SH,沪深300,2019/8/15,3682.4015,3694.0006,0.003149874
000300.SH,沪深300,2019/8/16,3694.0006,3710.5386,0.004476989
000300.SH,沪深300,2019/8/19,3710.5386,3791.0946,0.021710056
000300.SH,沪深300,2019/8/20,3791.0946,3787.7324,-0.000886868
000300.SH,沪深300,2019/8/21,3787.7324,3781.7579,-0.001577329
000300.SH,沪深300,2019/8/22,3781.7579,3793.5061,0.003106545
000300.SH,沪深300,2019/8/23,3793.5061,3820.8638,0.007211719
000300.SH,沪深300,2019/8/26,3820.8638,3765.9105,-0.014382428
000300.SH,沪深300,2019/8/27,3765.9105,3816.9459,0.013551942
000300.SH,沪深300,2019/8/28,3816.9459,3802.5844,-0.003762563
000300.SH,沪深300,2019/8/29,3802.5844,3790.1867,-0.003260335
000300.SH,沪深300,2019/8/30,3790.1867,3799.5863,0.002479983
000300.SH,沪深300,2019/9/2,3799.5863,3848.3198,0.012826002
000300.SH,沪深300,2019/9/3,3848.3198,3853.6106,0.001374834
000300.SH,沪深300,2019/9/4,3853.6106,3886.0012,0.00840526
000300.SH,沪深300,2019/9/5,3886.0012,3925.323,0.010118834
000300.SH,沪深300,2019/9/6,3925.323,3948.5075,0.005906393
000300.SH,沪深300,2019/9/9,3948.5075,3972.9484,0.006189908
000300.SH,沪深300,2019/9/10,3972.9484,3959.265,-0.003444142
000300.SH,沪深300,2019/9/11,3959.265,3930.0999,-0.007366291
000300.SH,沪深300,2019/9/12,3930.0999,3972.3799,0.010757996
000300.SH,沪深300,2019/9/16,3972.3799,3957.7154,-0.003691616
000300.SH,沪深300,2019/9/17,3957.7154,3891.2208,-0.016801259
000300.SH,沪深300,2019/9/18,3891.2208,3910.0837,0.004847553
000300.SH,沪深300,2019/9/19,3910.0837,3924.3823,0.003656853
000300.SH,沪深300,2019/9/20,3924.3823,3935.6511,0.002871484
000300.SH,沪深300,2019/9/23,3935.6511,3890.6616,-0.011431272
000300.SH,沪深300,2019/9/24,3890.6616,3901.0758,0.002676717
000300.SH,沪深300,2019/9/25,3901.0758,3870.9837,-0.007713795
000300.SH,沪深300,2019/9/26,3870.9837,3841.1388,-0.007709901
000300.SH,沪深300,2019/9/27,3841.1388,3852.6534,0.002997705
000300.SH,沪深300,2019/9/30,3852.6534,3814.5282,-0.009895829
